Hindi,English
है,Is
।,Loading...
के,Loading...
मैं,Loading...
नहीं,Loading...
हैं,Loading...
में,Loading...
एक,One
आप,Loading...
लिए,Loading...
और,And
यह,Loading...
से,Loading...
की,Loading...
क्या,Loading...
कि,Loading...
तुम,You
हो,Loading...
कर,Loading...
मुझे,Loading...
को,To
हम,Loading...
था,Loading...
वह,Loading...
पर,Loading...
हूँ,Loading...
रहे,Loading...
भी,Loading...
रहा,Loading...
का,Loading...
अपने,Our
कुछ,Loading...
तो,Loading...
गया,Loading...
इस,Loading...
मेरे,My
ठीक,Loading...
करने,Loading...
किया,Loading...
साथ,Loading...
उसे,Loading...
हाँ,Loading...
वे,They
सकते,Loading...
लेकिन,Loading...
यहाँ,Loading...
तुम्हें,Loading...
कोई,Any
तरह,Loading...
अब,Loading...
पता,Loading...
होगा,Loading...
बहुत,Loading...
बात,Loading...
सकता,Can
जाओ,Loading...
ही,Loading...
दिया,Loading...
करना,Loading...
जा,Loading...
मेरी,Loading...
सब,Loading...
बारे,Loading...
लगता,Loading...
कहा,Loading...
जो,Loading...
वहाँ,Loading...
जब,Loading...
इसे,Loading...
अच्छा,Loading...
चाहिए,Loading...
बाहर,Loading...
करो,Loading...
क्यों,Loading...
अपनी,Loading...
थे,Loading...
चलो,Let us go
दो,Loading...
ले,Loading...
किसी,Loading...
फिर,Loading...
काम,Loading...
अगर,Loading...
ये,Loading...
कैसे,Loading...
करते,Do
पहले,Loading...
बस,Loading...
चाहते,Loading...
जाएगा,Loading...
आदमी,Man
कभी,Loading...
समय,Loading...
वापस,Loading...
हमें,Loading...
रही,Loading...
आ,Loading...
तक,Loading...
हमारे,Loading...
मेरा,My
रूप,Loading...
मैंने,Loading...
करता,Loading...
या,Loading...
अभी,Loading...
मिल,Loading...
चाहता,wants
घर,Loading...
उसके,Loading...
सभी,Loading...
उस,Loading...
मत,Loading...
आपको,To you
जाना,Loading...
अरे,Loading...
सिर्फ,Loading...
बंद,Loading...
ओह,Loading...
उन्हें,Loading...
सही,Loading...
हूं,Loading...
थी,Loading...
देखो,Loading...
ने,Loading...
तुम्हारे,Loading...
प्यार,Loading...
वो,Loading...
जरूरत,Need
लोगों,Loading...
हुआ,Loading...
करें,Loading...
ऐसा,Loading...
उन्होंने,Loading...
दिन,Loading...
न,Loading...
बाद,Loading...
कौन,Loading...
हर,Loading...
पास,Loading...
दे,Loading...
नीचे,Loading...
देखा,Loading...
जाता,Loading...
बार,Loading...
कृपया,Loading...
धन्यवाद,Loading...
पिता,Loading...
करेंगे,Loading...
भगवान,Loading...
क्योंकि,Loading...
लोग,Loading...
वाला,Loading...
जानते,Loading...
देख,Loading...
छोड़,Loading...
आज,Loading...
मतलब,Loading...
कहाँ,Where?
जीवन,Loading...
आओ,Loading...
जाने,Loading...
अधिक,Loading...
यही,Loading...
होता,Loading...
सर,Loading...
मदद,Loading...
रात,Loading...
माँ,Loading...
लिया,taken
केवल,Loading...
तुमने,Loading...
सबसे,Loading...
नाम,Name
मार,Loading...
हुए,Loading...
हमेशा,Loading...
याद,Loading...
कारण,Loading...
गए,Loading...
आया,Loading...
जानता,knows
शायद,Loading...
साल,Loading...
दूर,Loading...
हे,Loading...
होने,Loading...
फोन,Loading...
भाई,Loading...
वास्तव,Loading...
शुरू,Loading...
उसकी,Loading...
मिला,Loading...
जगह,Loading...
कोशिश,Loading...
कम,Less
सच,Truth
लग,Loading...
शादी,Loading...
पसंद,Loading...
चला,Loading...
इन,Loading...
अच्छी,Good
तुम्हारी,yours
यहां,Loading...
दोस्त,Loading...
मर,Die
कहते,Loading...
होना,Loading...
दुनिया,Loading...
तुम्हारा,Loading...
एम,Loading...
कह,Loading...
इसके,Loading...
रुको,Loading...
तैयार,Loading...
बच्चे,Loading...
उन,Loading...
लो,Loading...
उनके,Loading...
जैसे,Loading...
इतना,Loading...
जल्दी,Loading...
अंदर,Inside
श्री,Loading...
यदि,Loading...
पिताजी,Loading...
कल,Loading...
ऊपर,Loading...
देंगे,Loading...
आपके,Loading...
हमारी,Loading...
बताओ,Loading...
खुद,Loading...
गई,Loading...
अपना,Loading...
खैर,Loading...
उसने,Loading...
वाले,those
चलते,Loading...
रहो,Stay
दी,Loading...
मिलता,Loading...
बेहतर,Loading...
कार,Loading...
बकवास,Nonsense
पीछे,Loading...
द्वारा,Loading...
मुझसे,Loading...
हाथ,Loading...
विश्वास,Loading...
पूरी,Complete
ना,Loading...
महिला,Loading...
लड़की,Loading...
आपका,Loading...
देखने,to see
तुमसे,Loading...
लगा,Loading...
उसका,Loading...
चल,Loading...
ओर,Loading...
मिनट,Loading...
समझ,Understanding
बिना,Loading...
बता,Loading...
तीन,Loading...
सुनो,Loading...
पैसे,Loading...
होगी,Loading...
दोनों,Loading...
कहना,Loading...
पुलिस,Loading...
देना,Loading...
पुरुष,Loading...
कहीं,Loading...
बना,Loading...
परिवार,Loading...
खो,Loading...
दिल,Loading...
हां,Yes
लेने,Loading...
बेटा,Loading...
सोचा,Loading...
आगे,Loading...
जहां,Loading...
पागल,Loading...
सुना,Loading...
जाते,Loading...
चले,Loading...
बोल,Lyrics
गलत,Loading...
ज्यादा,Loading...
महसूस,Loading...
चाहती,Loading...
सकती,Loading...
यकीन,Loading...
इसलिए,Loading...
पी,Loading...
डर,Loading...
आता,Loading...
आपकी,Loading...
लड़का,Loading...
उह,Loading...
समस्या,Loading...
बुरा,Loading...
सुंदर,Loading...
छोटे,Loading...
बताया,Loading...
खत्म,Loading...
आने,Loading...
माफ,Loading...
कमबख्त,Loading...
यार,Loading...
बीच,Loading...
दूसरे,Loading...
काफी,Enough
भूल,Mistake
ध्यान,Loading...
हुई,Loading...
तब,Loading...
बेटी,Loading...
रहने,Loading...
खेल,Loading...
बड़ा,Loading...
माफी,Loading...
बच्चों,Loading...
शहर,Loading...
आह,Loading...
पूरा,Loading...
बदल,Loading...
देने,Loading...
देखते,Loading...
देर,Loading...
डाल,Loading...
बिल्कुल,Loading...
कई,Many
वाह,Loading...
सोच,Loading...
भुगतान,Loading...
जैक,Loading...
बेटे,Loading...
मुझ,Loading...
पानी,Loading...
महोदय,Loading...
आग,Loading...
देता,Loading...
आते,Loading...
कहां,Loading...
चिंता,Loading...
रखना,Loading...
उससे,Loading...
पहली,First
बनाने,Loading...
गोली,Loading...
माध्यम,Loading...
कितना,Loading...
सुरक्षित,Loading...
देखना,Loading...
वहां,Loading...
इससे,Loading...
इसका,Loading...
मारा,Loading...
पत्नी,Loading...
रहना,Loading...
पार्टी,Loading...
अन्य,Loading...
अच्छे,Loading...
हैलो,Loading...
महान,Loading...
आए,Loading...
क्षमा,Loading...
पिछले,Loading...
मारने,Loading...
रहते,Loading...
वादा,Loading...
राजा,Loading...
इंतजार,Loading...
उनकी,Loading...
सुबह,Loading...
सिर,Loading...
नए,Loading...
विचार,Loading...
दोस्तों,Loading...
योजना,Loading...
प्राप्त,Loading...
घंटे,Loading...
खुश,Loading...
अंत,Loading...
करती,Loading...
करेगा,will
थोड़ा,Loading...
सम्मान,Respect
आदेश,Loading...
पूरे,Loading...
अलग,Loading...
उम्मीद,Hope
आर,Loading...
पाने,Loading...
औरत,Loading...
इतनी,Loading...
लड़के,Loading...
गिर,Loading...
संगीत,Loading...
रास्ता,Loading...
युद्ध,Loading...
रास्ते,Loading...
हमारा,Loading...
जारी,Loading...
मन,Loading...
लड़ाई,Loading...
डाला,Loading...
शुक्रिया,Loading...
मुश्किल,Loading...
आराम,Loading...
चुका,Loading...
प्रिय,Loading...
झूठ,Loading...
बंदूक,Loading...
खुशी,Loading...
नरक,Loading...
आशा,Loading...
चुप,Silent
उपयोग,Loading...
सवाल,Loading...
आपने,Loading...
वैसे,By the way
देश,Loading...
रखो,Please Keep
असली,Loading...
बड़ी,Loading...
जैसा,Loading...
सुन,Loading...
हाय,Loading...
चोट,Loading...
रखा,Loading...
मौत,Loading...
पापा,Loading...
पर्याप्त,Loading...
पुरुषों,Loading...
शांत,Loading...
पुराने,Loading...
हंसते,Loading...
सा,Loading...
दें,Loading...
पकड़,grasp
बहन,Loading...
सामने,Loading...
सुरक्षा,Loading...
खाने,Loading...
खाना,Loading...
चाचा,Loading...
बन,Loading...
अमेरिका,Loading...
परेशान,Worried
बच्चा,Loading...
सी,C
जवाब,answer
सेना,Loading...
आसान,Easy
पैसा,Loading...
ऐसे,Loading...
महीने,month
रखने,Loading...
छोटी,Loading...
अलविदा,Loading...
कदम,Loading...
अगले,Loading...
भाग,Loading...
नमस्ते,Loading...
सारे,Loading...
लंबे,Loading...
देते,Loading...
कॉल,Loading...
छोटा,Loading...
भाड़,Fuck
बनाया,Loading...
हमने,Loading...
स्थिति,Loading...
इस्तेमाल,Loading...
परवाह,Loading...
कैसा,Loading...
होती,Loading...
गलती,Loading...
राम,Loading...
नष्ट,Loading...
स्वागत,Loading...
अजीब,Loading...
रह,Loading...
व्यक्ति,Loading...
मूर्ख,Loading...
तुम्हे,Loading...
सिकंदर,Loading...
मै,Loading...
मालिक,Loading...
गंदगी,Loading...
रखें,Loading...
नौकरी,Loading...
हांक,Loading...
जीत,Loading...
कंपनी,Loading...
लेंगे,Loading...
चारों,Loading...
तस्वीर,Loading...
रहता,Loading...
कहानी,Loading...
खड़े,standing
रोक,Loading...
बातें,Loading...
अकेले,Loading...
किस,Loading...
साफ,Loading...
िलए,Loading...
मौका,Loading...
भरोसा,Loading...
चिल्ला,Loading...
जहाँ,Loading...
कसम,Loading...
सारा,Loading...
करीब,Loading...
जान,Loading...
तुलना,Loading...
इतने,Loading...
कब,Loading...
यात्रा,Loading...
हमला,assault
रक्षा,Loading...
पाया,Loading...
जल्द,Loading...
पति,Loading...
गयी,Loading...
जहाज,Loading...
बेबी,Loading...
हवा,Loading...
आती,Loading...
दरवाजा,Loading...
जाएगी,Loading...
कहता,Loading...
स्कॉट,Loading...
मिलेगा,Loading...
मां,Loading...
वाली,Loading...
वजह,Loading...
महत्वपूर्ण,Loading...
जय,Loading...
अकेला,Loading...
सामान,Loading...
सो,Loading...
रख,Loading...
शामिल,Loading...
नया,Loading...
मिलने,to meet
निश्चित,Loading...
करनी,Loading...
स्कूल,Loading...
जेल,Loading...
तरफ,Loading...
बड़े,Loading...
पल,Loading...
अंतिम,Loading...
ब्रायन,Loading...
पैदा,Loading...
चार,Loading...
कितने,Loading...
कहने,Loading...
इंदर,Loading...
इंतज़ार,Loading...
जी,Loading...
मातृभाषा,Loading...
अस्पताल,Loading...
जाँच,Loading...
बर्बाद,Loading...
दर्द,Loading...
दिनों,Loading...
शॉन,Loading...
पृथ्वी,Loading...
महिलाओं,Loading...
पूछ,Loading...
लगभग,Loading...
नफरत,Loading...
बताने,Loading...
देखें,Loading...
ट्रेवर,Loading...
सप्ताह,Loading...
बेशक,Loading...
डॉक्टर,Loading...
पांच,Loading...
स्पष्ट,clear
लगी,Loading...
इसकी,Loading...
तोड़,Loading...
मजाक,Loading...
पालन,Loading...
यहीं,Loading...
खाता,Account
क्षेत्र,Loading...
भर,Loading...
मामले,Loading...
खबर,Loading...
ज़रूरत,Loading...
सड़क,Loading...
हत्या,Loading...
समाप्त,Loading...
प्रकार,Loading...
ली,Loading...
संदेश,Loading...
क्लिक,Loading...
माफ़,Loading...
शब्द,Loading...
खिलाफ,Loading...
खून,Loading...
जॉन,Loading...
लाने,Loading...
शक्ति,Loading...
जाए,Loading...
फ्यूरर,Loading...
भोजन,Loading...
आवाज,Loading...
हिस्सा,Loading...
कमीने,bastard
वही,Loading...
भेजा,Loading...
होंगे,Loading...
देगा,Loading...
जानती,Loading...
गधे,Loading...
रंग,Colour
मृत,Loading...
शांति,Loading...
आश्चर्य,Loading...
बेवकूफ,Loading...
शरीर,Loading...
इच्छा,Loading...
टीम,Team
बताना,Narrate
बचा,Loading...
होते,Loading...
कहो,Loading...
आना,Loading...
लाइन,Loading...
मरने,Loading...
व्यापार,Business
कितनी,Loading...
सं,Loading...
दुश्मन,Loading...
तेजी,Loading...
स्वीकार,Loading...
जिस,Loading...
जीवित,Loading...
बाकी,Loading...
पार,Loading...
दस,Ten
कमरे,Loading...
संभाल,Loading...
खोज,Loading...
आसपास,Loading...
कार्यालय,Loading...
बढ़िया,Excellent
मिशन,Loading...
बर्ट,Loading...
खेद,Loading...
लेकर,Loading...
डौग,Loading...
चोरी,Loading...
चेहरे,Loading...
एंडी,Loading...
हम्म,Loading...
चुके,Loading...
जानेमन,Loading...
राष्ट्रपति,President
हथियार,Loading...
सरकार,Loading...
पूर्व,Loading...
जंगल,Loading...
बचाने,Loading...
लेना,Loading...
मानव,Loading...
बेकार,Loading...
ग्रह,Loading...
करके,Loading...
सोचते,Loading...
लाया,Loading...
गये,Loading...
नेता,Loading...
हा,Loading...
जांच,Loading...
साथी,Loading...
बैठ,Loading...
साहब,Loading...
प्रार्थना,Loading...
यीशु,Loading...
अनुमति,Loading...
मजबूत,Loading...
लड़कियों,Loading...
भेज,send
पूछना,Loading...
विकल्प,Loading...
सीधे,Loading...
खोजने,Loading...
सवारी,Loading...
नंबर,Loading...
मैडम,Loading...
विशेष,Loading...
दूसरी,Loading...
ख्याल,Loading...
उत्तर,Loading...
दिमाग,Loading...
मुक्त,Loading...
उनका,Loading...
उनमें,Loading...
कॉलेज,Loading...
कप्तान,Loading...
हाउस,Loading...
निशान,Loading...
आवश्यकता,Loading...
पेड़,Loading...
सारी,Loading...
निकल,Loading...
ऐसी,Loading...
श्रीमान,Sir
हालांकि,Loading...
जिंदा,Loading...
पैर,Loading...
युवा,Loading...
तय,Loading...
राज्य,Loading...
जादू,Loading...
जानकारी,Loading...
नई,Loading...
शॉ,Loading...
इसमें,Loading...
सुनिश्चित,Loading...
बुरी,Loading...
पीठ,Loading...
समुद्र,Loading...
पड़ा,Loading...
व्हाइट,Loading...
गर्म,Loading...
कोड,Loading...
कठिन,Loading...
मुसीबत,Loading...
लायक,Loading...
सोने,Loading...
छह,Loading...
रेडियो,Loading...
समझते,Loading...
करोगे,Loading...
दरवाजे,Loading...
सेकंड,Loading...
भविष्य,Loading...
जला,burn
सामान्य,General
कोडी,Loading...
खाली,Loading...
निर्णय,Loading...
दूसरों,Loading...
गति,motion
नियंत्रण,Loading...
गंभीर,Loading...
आँखें,Loading...
चाल,Loading...
परमाणु,nuclear
बिस्तर,Loading...
अधिकार,Loading...
गायब,Loading...
कपड़े,Loading...
लक्ष्य,Loading...
तेज,Loading...
प्रेज़ीडेंट,Loading...
दौरान,Loading...
चलिए,Let go
जाती,Loading...
तरीका,Loading...
चेहरा,Loading...
उड़ान,Loading...
जबकि,Loading...
जिम,Loading...
ड्राइव,Loading...
तुरंत,Loading...
लानत,Loading...
निर्माण,Loading...
दूसरा,Loading...
ग्रन्ट्स,Loading...
संभव,Loading...
कुतिया,Loading...
सक्षम,Able
कॉफी,Loading...
विंसेंट,Loading...
सावधान,Loading...
पहुँच,Loading...
सांस,Breath
प्रवेश,Loading...
सपना,Loading...
बिजली,Loading...
पेले,Loading...
इंजन,Loading...
तरीके,Loading...
लड़कों,Loading...
दुकान,Loading...
संपर्क,Loading...
सेवा,Loading...
पूछा,Loading...
चुकी,Loading...
बुला,Loading...
मारो,Loading...
अलावा,Loading...
करूँगा,I will do
फेंक,Loading...
ड्रैगन,Dragon
नमस्कार,Loading...
उठो,Loading...
पक्ष,Loading...
बीमार,Loading...
धीरे,Loading...
भारी,Loading...
पकड़ो,Loading...
मिले,Loading...
प्रभु,Loading...
लगाने,Loading...
ओक्जा,Loading...
खा,Loading...
सहमत,Loading...
रिपोर्ट,Report
मृत्यु,Loading...
चाय,Loading...
बैठक,Loading...
सात,Loading...
खराब,Bad
आत्मा,Loading...
नुकसान,Loading...
खर्च,Loading...
पड़ता,Loading...
लाख,Lakh
समझा,Loading...
निकाल,Loading...
बिलकुल,Loading...
प्लीज़,Loading...
बारी,turn
भूमि,land
लेते,Loading...
खींच,Loading...
दूँगा,Loading...
जमीन,Loading...
कार्य,Loading...
सामना,Loading...
बजे,Loading...
आई,Loading...
प्रकाश,Loading...
लें,take
सूअर,Loading...
चाची,Loading...
लेफ्टिनेंट,Loading...
देखेंगे,Loading...
चीजें,Loading...
छोड़ने,Loading...
पीछा,Loading...
बढ़,Loading...
भाग्यशाली,Loading...
गर्व,Loading...
ताकि,Loading...
टूट,Loading...
शानदार,Loading...
उच्च,Loading...
भाग्य,Loading...
टायर,Loading...
पहला,Loading...
ओम,Loading...
डी,Loading...
तेरे,Loading...
सौदा,Loading...
काट,Loading...
कराह,Loading...
खूबसूरत,Beautiful
बनाना,Loading...
गड़बड़,Loading...
फैसला,Loading...
ज़रूर,Sure
प्रतीक्षा,Loading...
थोड़ी,Loading...
वर्ष,Loading...
नही,Loading...
दिखाने,Loading...
परिवर्तन,Loading...
समुद्री,Loading...
आनंद,Loading...
रोकने,Loading...
सूट,Loading...
शिकार,Loading...
मारे,Loading...
साइमन,Loading...
मील,Loading...
जानना,Know
वक्त,Loading...
सैम,Loading...
धोखा,Loading...
चिंतित,Loading...
जन्मदिन,birthday
टीवी,Loading...
कल्पना,Loading...
पा,Loading...
बधाई,Loading...
होटल,hotel
पुरानी,Loading...
इसी,Loading...
हिम्मत,Loading...
राहुल,Loading...
हेलो,Loading...
लाल,Loading...
समर्थन,Support
जिसे,Loading...
कार्ड,Loading...
डैनी,Loading...
चलें,Loading...
बेच,Loading...
डॉलर,dollar
जाएंगे,Loading...
जाएँ,Loading...
माफ़,Loading...
ए,Loading...
गले,Loading...
बदलने,Loading...
प्यारी,Loading...
भयानक,Loading...
अचानक,Loading...
कानून,Loading...
उसी,Loading...
खतरनाक,Loading...
बच,Loading...
स्थान,Loading...
भागो,Loading...
रक्त,Loading...
उड़ा,Loading...
साबित,Loading...
दक्षिण,Loading...
उम्र,Loading...
रहें,Loading...
सोचता,thinks
सुनने,Loading...
बैठो,Loading...
तलाश,Loading...
शाम,Loading...
मास्टर,Loading...
धत्,damn
बुलाया,Loading...
मानना,Loading...
व्यस्त,Loading...
ज़्यादा,Loading...
दूंगा,Loading...
अप,Loading...
फ़ोन,Loading...
ऐलिस,Loading...
खड़ा,standing
सोचो,Loading...
करूंगा,Loading...
डॉ,Loading...
रानी,Loading...
एलिजाबेथ,Loading...
रो,Loading...
आये,Loading...
करोड़,Loading...
दूरी,Loading...
लेता,Loading...
हार,Loading...
बज,Loading...
एरिक,Loading...
कीजिए,Loading...
छत,Loading...
सके,Loading...
माता,Loading...
मिली,Loading...
देखकर,Loading...
देखभाल,Loading...
अध्यक्ष,Loading...
पहचान,Loading...
पूछो,Loading...
तूफान,Loading...
बैग,Loading...
किए,Loading...
तौर,Loading...
एन,N
दीवार,Loading...
इलाज,Loading...
समझे,Loading...
मुख्य,Loading...
शराब,Loading...
सेट,set
कराहना,Loading...
सज्जनों,Gentlemen
फर्क,Loading...
राजनीति,Loading...
कमांडर,Commander
प्रणाली,Loading...
दिखाई,Loading...
बम,Loading...
जाकर,Loading...
हाल,Condition
स्टेशन,Loading...
लाओ,Loading...
घुरघुराना,grunt
भारत,India
पश्चिम,Loading...
जाओगे,Loading...
लेडी,Loading...
उठा,Loading...
पक्का,Loading...
लिये,Loading...
समाज,Loading...
बाजार,Loading...
विस्फोट,Loading...
प्रति,Loading...
जोर,Loading...
मिलते,Loading...
कमजोर,Loading...
जन्म,Loading...
एलन,Loading...
जूडिथ,Judith
सूची,List
घंटी,Loading...
पे,Loading...
हमले,attacks
गांव,Loading...
सचिव,Loading...
इमारत,Loading...
आखिरी,last
स्तर,Loading...
इंदु,Loading...
रुक,Loading...
कवर,Loading...
आँखों,Loading...
आपसे,Loading...
दीजिए,Loading...
स्वान,Loading...
उनसे,Loading...
जाये,Loading...
हिट,Loading...
गुड,Loading...
शो,Loading...
मिलना,Loading...
बोलो,Loading...
भीड़,Loading...
बदला,Loading...
समूह,Loading...
सीट,Loading...
पत्र,Loading...
बोलते,Loading...
तुमको,To you
मना,Loading...
अगली,Loading...
भीतर,Loading...
वहीं,Loading...
हाथों,Loading...
टिम,Loading...
बॉस,Loading...
सौ,Loading...
सेल,Loading...
करे,Loading...
प्रस्ताव,Loading...
प्रेमी,Loading...
अमीर,Loading...
लगेगा,Loading...
प्रयोग,Loading...
संकेत,Loading...
पूछने,Loading...
उम,Loading...
शुभ,Loading...
हन्ना,Loading...
योद्धा,Loading...
ऐ,Loading...
फ़ॉन्ट,Loading...
वर्षों,Loading...
गुप्त,Loading...
चीजों,things
साँस,Loading...
खास,Loading...
सबको,Loading...
वकील,Loading...
परीक्षण,Loading...
अद्भुत,Loading...
कुत्ते,Loading...
टुकड़ा,Loading...
निकलना,Loading...
पीने,Loading...
बैंक,Loading...
सबूत,Loading...
अभिमन्यु,Loading...
ऊर्जा,Loading...
चलता,Loading...
दिखा,Loading...
आइए,Loading...
चाकू,Loading...
दल,Loading...
हवाई,Loading...
मम्मी,Loading...
इतिहास,Loading...
लड़ने,fight
चीज,Loading...
गरीब,Loading...
जेरी,Loading...
विमान,plane
शीर्ष,Loading...
बाल,Hair
सरस्वती,Loading...
सका,Loading...
जाऊँगा,Loading...
गिरफ्तार,Loading...
ला,Loading...
लगे,Loading...
एहसास,Loading...
मस्तिष्क,Loading...
सीखा,Loading...
देवताओं,Loading...
संपत्ति,Loading...
समीर,Sameer
जैरी,Loading...
उठाया,Loading...
अपराध,Loading...
संख्या,Number
तलवार,Loading...
रहेगा,will remain
अभिशाप,Loading...
डाकू,Loading...
वृद्धि,Loading...
लाना,Loading...
रिकॉर्ड,Loading...
खुला,Loading...
बजाय,Loading...
दवा,Loading...
अध्ययन,Loading...
भूत,Loading...
मैनें,Loading...
बारिश,Loading...
हरा,Green
हिरण,Loading...
खोलो,Loading...
हंसी,Loading...
श्रीमती,Loading...
प्यारा,Loading...
चुरा,Loading...
जगदीश,Loading...
जनरल,Loading...
रॉक,Loading...
हस्ताक्षर,Loading...
प्रभावित,Loading...
शर्मिला,Loading...
बदलाव,Loading...
असंभव,Loading...
अधिकारी,Loading...
छुट्टी,Loading...
ताकत,Strength
मिरैन्डो,Loading...
सपने,Loading...
माना,Loading...
चाहेंगे,Loading...
चलाने,Loading...
लिखा,Loading...
मौजूद,Loading...
हासिल,Loading...
भरा,Loading...
प्रिया,Loading...
हल,Loading...
राजकुमारी,Loading...
जरा,Loading...
सपनों,Loading...
मजबूर,Loading...
सलाह,Advice
प्रत्येक,Loading...
एंटोन,Loading...
खान,Loading...
हुह,Loading...
प्रेम,Loading...
व्यवहार,Loading...
सोचना,Loading...
दिव्या,Loading...
इंसान,Loading...
स्थानीय,Loading...
माइक,Loading...
परेशानी,Loading...
हटो,Loading...
हांफते,Loading...
सराहना,Loading...
डैड,Loading...
सैनिक,Loading...
नज़र,Loading...
एजेंट,Loading...
शक,Doubt
खेलने,Loading...
चुंबन,Loading...
आदमियों,Loading...
पारित,Loading...
कावेरी,Loading...
कॉपी,Loading...
असल,Loading...
लगाना,Loading...
गहरी,Loading...
डालो,Loading...
कीमत,Loading...
खरीदने,Loading...
अलार्म,Loading...
फंस,Loading...
आम,Loading...
चीज़,Loading...
शक्तिशाली,Loading...
चेतावनी,Loading...
चलेगा,Loading...
छेद,Loading...
चोर,Loading...
हों,be
पाँच,Loading...
अमेरिकी,Loading...
रखता,Loading...
एंडर,Loading...
मुलाकात,Loading...
बच्ची,Loading...
बुलाओ,Loading...
स्टीफन,Stephen
ट्रक,Loading...
टिकट,Loading...
वास्तविक,Loading...
भूख,Loading...
सीमा,Loading...
बैठे,Loading...
पड़ेगा,Loading...
आधा,half
पासपोर्ट,Loading...
जेम्स,Loading...
चलना,Loading...
मंत्री,Loading...
बताता,Loading...
बनने,Loading...
परोपकारी,Loading...
व्यवस्था,Loading...
संभावना,Loading...
क्लार्क,Loading...
एल,l
मिलकर,Loading...
बढ़िया,Loading...
कोने,Loading...
आठ,Eight
साइकिल,Loading...
प्रयास,Loading...
मज़ा,fun
धन,Loading...
ओ,Loading...
छोड़कर,Loading...
स्टीव,Loading...
मैन,Loading...
प्रमुख,Loading...
माता-पिता,Loading...
व्यक्तिगत,Loading...
बॉक्स,Loading...
शुरुआत,Loading...
नृत्य,Loading...
पैरों,Loading...
डिंग,Loading...
छात्र,Loading...
जीना,Loading...
दुख,Loading...
प्रदर्शन,Loading...
साफ़,Loading...
दुर्घटना,Loading...
छाया,Loading...
मैक्स,Loading...
बड़ा,Loading...
मार्टिन,Loading...
खूनी,Loading...
बनाता,Loading...
किसने,Loading...
आंखों,Loading...
लिफ्ट,Loading...
रुकिए,Loading...
शर्म,Loading...
दादी,Loading...
मुँह,Loading...
निजी,Loading...
समस्याओं,Loading...
लटका,Loading...
मालूम,Loading...
तकनीक,Loading...
बनना,Loading...
पो,Loading...
खरीद,Loading...
जाम,Loading...
गीत,Loading...
पपी,Loading...
बर्लिन,Loading...
नेतृत्व,Loading...
अवसर,Loading...
नींद,Loading...
बदमाश,Loading...
शिवा,Loading...
शर्मिंदा,Loading...
तहत,Loading...
लूँगा,Loading...
सालों,Loading...
घड़ी,Loading...
रोते,Loading...
शर्त,Loading...
खतरे,Loading...
गुरू,Loading...
नशे,Loading...
कारों,Loading...
यो,yo
लड़,Loading...
शॉट,Loading...
ज्ञान,Loading...
मिस,Loading...
पुरस्कार,Loading...
पिछली,Loading...
तंग,Loading...
गार्ड,Loading...
फिल,Loading...
कैसी,Loading...
दोपहर,Loading...
दस्तक,Loading...
मूल,Loading...
किनारे,Loading...
निकलो,Loading...
दया,Loading...
अजु,Loading...
कमरा,Loading...
भावना,Loading...
संघर्ष,Loading...
मुंह,Loading...
प्रदान,Loading...
दिखता,Loading...
मशीन,Loading...
अपमान,Loading...
जिसका,Loading...
चलने,Loading...
प्यारे,Loading...
नजर,Loading...
कार्यक्रम,Loading...
जानवर,Loading...
उड़,Loading...
चुना,Loading...
जाएं,Loading...
विश्व,Loading...
खतरा,Loading...
पढ़,Loading...
बढ़ो,Loading...
पेट,Loading...
पैक,pack
नाव,Loading...
उपहार,Loading...
लौट,Loading...
रूसी,Russian
वरना,Loading...
लात,Loading...
स्मार्ट,Loading...
बातचीत,Loading...
एकदम,Loading...
पड़,Loading...
अंडे,Loading...
सैन,Loading...
चिल्लाती,Loading...
मछली,Loading...
मान,Loading...
पांडा,Loading...
भीख,Loading...
पुष्टि,Loading...
खयाल,Loading...
लूंगा,Loading...
मेहनत,Loading...
नारंगी,orange
मौसम,Season
पढ़ा,Loading...
लंदन,London
हालत,Loading...
बिक्री,Loading...
उल्लंघन,Loading...
बनो,Loading...
दबाव,Loading...
बॉबी,Loading...
जीतने,winning
जोखिम,risk
विक,Loading...
मारना,Loading...
दृश्य,Loading...
लाभ,Loading...
बोतल,Loading...
सुझाव,Loading...
मिलेंगे,Loading...
शेर,Loading...
कमी,Loading...
ट्रैक,Loading...
जरुरत,Loading...
आधार,Loading...
पकड़ने,catching
इधर,Loading...
सैन्य,Loading...
रे,Loading...
अविश्वसनीय,Incredible
संबंध,Loading...
जाऊंगा,Loading...
बल्कि,Loading...
रोको,Loading...
मामला,Loading...
कहेंगे,Loading...
बनाए,Loading...
संयुक्त,Loading...
तोड़ने,Loading...
लंबी,Loading...
कहती,Loading...
विशाल,Loading...
गाड़ी,Loading...
ज़ीउस,Loading...
नियम,Loading...
पहुंच,Loading...
आशीर्वाद,Loading...
समझता,Loading...
बनाई,made
थीं,Loading...
चार्ल्स,Loading...
लगाया,Loading...
दौरा,Loading...
विन्सेंट,Loading...
मम्मी-पापा,Loading...
धक्का,Loading...
ज़रूरत,Loading...
सैनिकों,Loading...
जाग,Loading...
नाइल्स,Loading...
देती,Loading...
सीटी,Loading...
जेब,Loading...
वर्ग,Loading...
भूलना,Loading...
शून्य,Loading...
थक,Loading...
चली,Loading...
ऋण,Loading...
शैतान,the devil
पाते,Loading...
टोनी,Tony
बचाया,Loading...
सुपरमैन,Loading...
पत्थर,Loading...
केंद्र,Loading...
राक्षस,Loading...
सजा,Loading...
दास,Loading...
जितना,Loading...
छिपा,Loading...
प्रशिक्षण,Loading...
सुप्रभात,Loading...
विदेशी,Loading...
रखते,Loading...
जिससे,Loading...
ढंग,Loading...
एलियास,Loading...
अभ्यास,Loading...
बह,Loading...
चालक,Loading...
धमकी,Threat
शब्दों,Loading...
बहादुर,Loading...
साला,Loading...
मांग,Loading...
विभाग,Department
ध्वनि,Loading...
वेन,Loading...
सूरज,Loading...
अंगूठी,Loading...
खाते,accounts
लंबा,Loading...
सहायता,Loading...
अनुभव,Loading...
मि,Loading...
बातों,Loading...
आसानी,Loading...
विरोध,Loading...
वीडियो,Loading...
कान,Loading...
पहुँचने,Loading...
पकड़ा,Loading...
सिखाया,Loading...
बूढ़े,Loading...
कर्नल,Loading...
शुद्ध,Loading...
इसने,This
आकार,Loading...
फिल्म,Loading...
चालू,Loading...
मम,Loading...
बर्फ,Loading...
जायेंगे,Loading...
धूल,Loading...
गंदे,Loading...
मा,Loading...
अंधेरे,Loading...
सूपर,Super
रहेंगे,Loading...
जरूरी,Necessary
लड़की,Loading...
आधे,Loading...
वेगास,Vegas
मंजिल,Loading...
अनुसार,Loading...
आवाज़,Loading...
केल,Loading...
चाहिये,should
उचित,Loading...
दौर,round
रोना,Loading...
संदेह,Loading...
शिकायत,Loading...
लूट,Loading...
गधा,Loading...
मोड़,turn
मिलेगी,Loading...
स्मृति,Loading...
दिख,Loading...
पक्षी,Loading...
बचाव,Loading...
गली,Loading...
पूर्ण,Loading...
सकें,Loading...
पीते,Loading...
कटौती,Loading...
मनुष्य,Loading...
सीता,Loading...
सुश्री,Loading...
जानने,Loading...
रुपये,Loading...
छू,Loading...
दिखाओ,Loading...
क्रिस,Loading...
अस्तित्व,Loading...
कुंजी,Loading...
भैरवा,Loading...
इन्हें,These
जवान,Loading...
मूल्य,Loading...
जीने,Loading...
पुराना,Loading...
सफल,Loading...
छोड़,Loading...
रसोई,Loading...
गाना,Loading...
चिकित्सा,Loading...
बियर,Loading...
पुत्र,Loading...
बिली,Loading...
फूल,Loading...
मिट्टी,Loading...
अधिकारियों,Loading...
कूद,jump
दोष,Loading...
स्थापित,Loading...
अंकल,Loading...
विधायक,Loading...
काश,Loading...
आखिर,Loading...
सोचने,Loading...
प्रतिक्रिया,Loading...
अधिकतम,Maximum
पीटर,Loading...
सुपर,Loading...
चक्कर,Loading...
वॉकर,Loading...
कमाल,Loading...
दिखाना,Loading...
एलेन,Loading...
गुस्सा,Loading...
मित्र,friends
चाहे,Loading...
इकट्ठा,Loading...
साले,Loading...
हार्ले,Loading...
जॉनी,Loading...
कंप्यूटर,Loading...
काफ़ी,Loading...
उधार,Loading...
हफ्ते,Loading...
आकाश,Loading...
शिक्षा,Loading...
जूते,Loading...
बेला,Loading...
पैंट,Loading...
देखता,Loading...
अनुरोध,Loading...
क्षण,Loading...
भले,Loading...
वानर,Loading...
निवेश,Investment
प्रेमिका,Loading...
टुकड़े,Loading...
गोलियों,bullets
स्टार्क,Loading...
निर्भर,Loading...
पवित्र,Loading...
शुक्र,Loading...
चर्चा,Loading...
एमिली,Loading...
फिलिप,Loading...
उनको,Loading...
दफन,Loading...
टॉरंस,Loading...
निकालो,Loading...
हजारों,thousands
जिंदगी,Loading...
जंग,Loading...
कार्यवाही,Proceeding
स्थानांतरित,Loading...
संजय,Loading...
मानो,Loading...
बिंदु,Loading...
नायक,Loading...
जेन,Loading...
दर्ज,Loading...
गंध,Loading...
उल्लेख,Loading...
आएगा,Loading...
भाषण,Loading...
हथियारों,Loading...
बनाओ,Loading...
पेश,Loading...
लौटने,Loading...
साझा,Loading...
छोड़ो,Loading...
देवियों,Ladies
अर्जुन,Loading...
वोट,Loading...
ठंड,Loading...
मीटर,Loading...
कारखाने,Loading...
खींचो,Loading...
सहायक,Loading...
प्लीज,Loading...
घटिया,shoddy
कैमरा,Loading...
मजा,Loading...
सफेद,White
जीता,Loading...
अदालत,Loading...
मादी,Loading...
रोशनी,lights
जाहिर,Loading...
रुपए,Loading...
छी,Loading...
बाईं,Loading...
जनाब,Loading...
क्रिस्चियन,Loading...
तैयारी,Loading...
हजार,Loading...
लकड़ी,Loading...
खोल,Loading...
धीमी,Loading...
वन,Loading...
पेरिस,Loading...
मंदिर,Loading...
गर्दन,Loading...
बिग,Loading...
दम,Loading...
हू,Loading...
दुखी,Loading...
कीजिये,Loading...
विकसित,Loading...
अतीत,past
उठाओ,Loading...
गिनती,Counting
खाया,Loading...
जाएँगे,Loading...
अन्यथा,Loading...
उंगलियों,Loading...
लगती,Loading...
क्यूं,Loading...
बी,Loading...
बेहतरीन,Loading...
गेट,Loading...
रॉबी,Loading...
चालाक,Loading...
जिम्मेदारी,Loading...
रद्द,Loading...
फल,Loading...
व्यापारी,Loading...
बोला,Loading...
मजेदार,Loading...
पार्क,Loading...
संयंत्र,plant
दर,Loading...
खोलने,Loading...
खरीदा,Loading...
मांस,Loading...
डेटा,Loading...
रहस्य,Loading...
सीखना,Loading...
परिणाम,Loading...
शनिवार,Saturday
कार्रवाई,Loading...
टोपी,Loading...
टॉवर,Loading...
संयोग,Loading...
फ्रेंच,Loading...
अनुमान,Loading...
ठंडा,Loading...
टेलर,Loading...
तट,Loading...
सिपाही,Loading...
गिरा,Loading...
रुद्र,Loading...
घंटों,Loading...
डरा,Loading...
पागलपन,Loading...
पसंदीदा,Loading...
परमेश्वर,Loading...
उद्देश्य,Loading...
पॉल,Loading...
डबल,Loading...
प्रतिशत,Loading...
बुरे,Loading...
मुक्का,Loading...
वीं,Loading...
कला,Loading...
विक्टर,Loading...
न्याय,Loading...
पायलट,Loading...
महिमा,Loading...
भेजने,Loading...
स्वतंत्रता,Loading...
घाव,Loading...
जरूर,Loading...
कैम्प,Loading...
किसका,Loading...
नकली,Loading...
कड़ी,Loading...
अतिरिक्त,Loading...
कागज,Loading...
गर्मी,Loading...
छुटकारा,Loading...
शिविर,camp
यूनियन,Loading...
अक्सर,Loading...
सागर,Sea
काफ़ी,Loading...
मरम्मत,Loading...
ड्रागो,Drago
पहन,Loading...
स्पैरो,Loading...
ईमानदारी,Loading...
बल,Loading...
आवश्यक,Loading...
करोगी,Loading...
गैस,Loading...
करूं,Loading...
पहने,Loading...
बंदर,Loading...
घटना,Loading...
प्रभाव,Loading...
याकूब,Loading...
ज़िंदा,Loading...
निकाला,Loading...
सदस्य,Loading...
महीनों,Loading...
बहाना,Loading...
मामलों,Loading...
दिखते,Loading...
आंटी,Loading...
काटने,Loading...
ब्लॉक,Block
रॉनी,Loading...
अंतरिक्ष,Loading...
छिपाने,Loading...
नदी,Loading...
डेविड,Loading...
हिंसा,Loading...
दूं,I will give
सम्मेलन,Loading...
तंत्रिका,nerve
वॉल्शी,Walshy
बैठते,Loading...
गायन,Loading...
सवार,Loading...
पेशकश,Loading...
विज्ञान,Science
लगते,Loading...
पड़ेगा,Loading...
बचपन,Loading...
अलेक्जेंडर,Loading...
नाराज,Loading...
उम्मीदवार,Loading...
दोषी,Loading...
रहती,Loading...
कानूनी,Loading...
बदतर,Loading...
कहानियों,Loading...
उदास,Loading...
किसके,Loading...
टेम्पलटन,Loading...
रुकें,Loading...
धरती,Loading...
भालू,Loading...
चकमक,Loading...
तेल,Loading...
ड्रैगन्स,Loading...
आत्मसमर्पण,Loading...
ताजा,Loading...
फिट्ज़पैट्रिक,Loading...
कुत्ता,Loading...
पहाड़,Loading...
हड़ताल,Loading...
बचने,Loading...
आंखें,Loading...
चुनाव,Election
महोदया,Loading...
सुनते,Loading...
प्रकृति,Nature
धूप,Loading...
मेंहदी,Loading...
ब्लैक,Loading...
छोड़ना,Loading...
दौड़,Loading...
एकमात्र,Loading...
मोबाइल,Loading...
मरना,Loading...
सफलता,Success
हेनरी,Loading...
पंच,Loading...
द्वीप,Loading...
चिकित्सक,Loading...
करूँ,Loading...
हट,Loading...
मसीह,Loading...
जलवायु,Loading...
ड्रॉप,Loading...
बहाव,Loading...
किससे,Loading...
बावजूद,Loading...
भारतीय,Loading...
योग्य,able
लुइस,Loading...
उसको,Loading...
विषय,Loading...
लाइसेंस,Loading...
सींग,Loading...
अधिकांश,Loading...
अर्थ,Meaning
मार्शल,Loading...
जादूगर,Loading...
मंच,Loading...
निधन,Loading...
प्रेस,Loading...
बेचने,Loading...
समझौता,Loading...
बगल,Next
जल,Loading...
शूटिंग,Loading...
भेजें,Loading...
हिकप,Loading...
न्यू,New
गेंद,ball
साहस,Loading...
बीप,Loading...
विस्तार,Loading...
देरी,Loading...
ब्राईस,Loading...
इसको,This
बनाते,Loading...
जिसमें,Loading...
पिज्जा,Loading...
रोम,Loading...
एहसान,Loading...
अनुबंध,Loading...
जैसी,Loading...
पर्यावरण,Loading...
दूँ,Loading...
पुल,Loading...
अंतर्गत,Loading...
दृष्टि,Loading...
मार्ग,Loading...
जिसके,Loading...
घोड़े,Loading...
अपराधी,Loading...
कोबरा,Loading...
चार्ली,Loading...
साम्राज्य,Loading...
दिखाता,Loading...
प्रतियोगिता,Competition
दीवारों,Loading...
रोज,Loading...
अस्पष्ट,Loading...
जहाजों,Loading...
पाउंड,Loading...
फसल,Loading...
करेगी,Loading...
नकारात्मक,Loading...
नियुक्ति,Loading...
बदबू,Loading...
वेन्डी,Loading...
ऊगवे,Loading...
कार्ली,Loading...
बॉब,Loading...
बने,Loading...
स्वाद,Loading...
चींटी,Loading...
प्रक्रिया,Loading...
जर्मन,Loading...
किताब,Loading...
चीन,Loading...
बड़ी,Loading...
डरते,Loading...
चेक,Loading...
क्लब,Loading...
लाखों,Loading...
क्लीटस,Loading...
मिलो,Loading...
मुबारक,Loading...
आरोप,Blame
कुल,Loading...
लगाओ,Loading...
मीजा,Loading...
चुड़ैल,Loading...
ड्रोन,Loading...
बेल्ट,Loading...
मेज,Loading...
पोशाक,Loading...
दिलचस्प,Loading...
जमा,Deposit
वू,Loading...
चीज़,Loading...
दोबारा,Loading...
परे,Loading...
न्यूयॉर्क,Loading...
पुताई,Loading...
रखेंगे,Loading...
बाथरूम,Loading...
नियंत्रित,Loading...
जानवरों,Loading...
वजन,Loading...
समझने,Loading...
पीड़ित,victim
कमान,Loading...
जागो,Loading...
सोमवार,Loading...
फ़ोन,Loading...
तथ्य,Loading...
मंजूरी,Loading...
बेवकूफ़,Loading...
टैक्सी,Loading...
शोर,Loading...
देवता,God
अभियान,Loading...
किस्मत,Loading...
शिशु,Loading...
मारता,kills
गुरुत्वाकर्षण,Loading...
तेज़,Loading...
नीतू,Loading...
मिठाई,Loading...
ज़्यादा,Loading...
आतंकवादी,Loading...
होगे,Loading...
बदसूरत,Loading...
दोगे,Loading...
त्वचा,Loading...
सच्चाई,Loading...
सहयोगी,Loading...
स्वर्ग,Loading...
डेव,Loading...
सबक,Loading...
बेहद,Loading...
मिलियन,Loading...
डैडी,Loading...
ट्रेन,Loading...
काले,Loading...
भाषा,Loading...
जिम्मेदार,Loading...
दोस्ती,Loading...
बोर्ड,Loading...
कक्षा,Class
लीजिए,Loading...
पकड़े,Loading...
बीमा,Loading...
मलेशियाई,Loading...
नौ,Loading...
अंधी,Loading...
फ़ाइल,Loading...
वालों,Loading...
डोम,Loading...
बूढ़ा,Loading...
आकर,Loading...
बालों,Loading...
दावा,Loading...
बुद्धिमान,Loading...
क्षमता,Loading...
कब्र,Loading...
महारानी,Loading...
बंदूकें,Loading...
रखती,Loading...
दिए,Loading...
सुनना,Loading...
लगातार,Loading...
डिग्री,degree
गा,Loading...
चीनी,Sugar
स्वतंत्र,Independent
हड़ताल,Loading...
खोखले,Loading...
बेड़े,Loading...
असफल,Loading...
अफसोस,Loading...
बुलाना,to call
प्रबंधक,Loading...
बाइक,Loading...
सरल,Loading...
खिड़की,Loading...
क्रिसमस,Loading...
सरकारी,Loading...
घृणित,Loading...
हटा,Loading...
जून,Loading...
नाक,Loading...
पेय,Loading...
रेड,Red
बिल,Loading...
कैमरून,Loading...
हास्यास्पद,Loading...
मानते,Loading...
जहाज़,Loading...
लीये,Loading...
देकर,Loading...
नाटक,Loading...
भला,Loading...
समझदार,Intelligent
सोवियत,Loading...
सचमुच,Loading...
मई,Loading...
आमंत्रित,invited
रोटी,Loading...
अल्फोंस,Loading...
पहाड़ों,Loading...
सोना,Loading...
आखिरकार,Loading...
मायने,Loading...
साधारण,Loading...
पैकेज,Loading...
नागरिक,Loading...
धत,Loading...
गोवा,Loading...
पेशाब,Loading...
खेत,Loading...
कैरल,Loading...
संस्कार,Loading...
जंगली,Loading...
धातु,Metal
तस्वीरें,Loading...
काई,Moss
कारोबार,Loading...
जाति,Loading...
साहेब,Loading...
खिड़कियाँ,windows
खुली,Loading...
स्थिर,Loading...
गाँव,Loading...
सोरबोन,Loading...
द,Loading...
देशों,Loading...
हैरान,Loading...
किसे,Loading...
खाँसी,Loading...
फिट,fit
छोड़ता,Loading...
अभिनय,Loading...
खुले,Loading...
प्रशिक्षित,Loading...
दिखाया,Loading...
वचन,Loading...
बैठा,Loading...
तारीख,Loading...
पुस्तकालय,Loading...
उदाहरण,Loading...
सार्वजनिक,Loading...
जाल,Loading...
शुरु,Loading...
प्राचीन,Loading...
पूजा,Loading...
रॉबर्ट,Loading...
पूछता,Loading...
नक्शा,Loading...
फोटो,Loading...
ज्यादातर,Loading...
मरे,Loading...
लुई,Loading...
ईमानदार,Loading...
आयोजित,Loading...
ब्रेक,Loading...
छूट,Loading...
हॉर्न,Loading...
अवैध,Loading...
स्ट्रीट,Loading...
दाँत,Loading...
लेती,Loading...
परियोजना,Loading...
छुओ,Loading...
जिप्सी,Loading...
आसमान,Loading...
सीआईए,CIA
आओगे,Loading...
हमसे,Loading...
सुनी,heard
तनाव,Loading...
दिशा,Loading...
सक्रिय,Loading...
मे,Loading...
आमतौर,Loading...
घोषणा,Loading...
लेन,Loading...
खेलते,Loading...
वर्तमान,Loading...
साथियों,Loading...
माल,Loading...
मैच,Loading...
आयी,came
दीदी,Loading...
दुर्गा,Loading...
मैने,Loading...
कोरिया,Loading...
मॉर्निंग,Loading...
मीडिया,Media
अड्डे,Loading...
छूने,Loading...
पिस्तौल,Loading...
भैया,Loading...
शाही,Loading...
इनकार,Loading...
झटका,Loading...
बहस,Loading...
राष्ट्रीय,National
सीज़र,Loading...
पिंजरे,Loading...
अज्ञात,Loading...
नीले,Loading...
संस्कृति,Loading...
थोड़ा,Little
ल,Loading...
पक्षियों,Loading...
औरतों,Loading...
सर्वश्रेष्ठ,Loading...
वेल्स,Loading...
रात्रि,Loading...
सीख,Loading...
त्वरित,Loading...
डॉन,Loading...
द्वार,Loading...
आधी,Loading...
नमक,Loading...
हमनें,Loading...
यकीनन,Loading...
कोबा,Loading...
मर्दों,Loading...
सेक्स,Loading...
अभाव,Loading...
देवी,Loading...
मज़ाक,Loading...
डिजाइन,Design
विभाजित,Loading...
ज़िंदगी,Loading...
केंद्रित,Loading...
खूब,Loading...
स्विच,Loading...
लोइस,Lois
दांत,Loading...
आज्ञा,Loading...
स्नान,Loading...
तू,Loading...
निगरानी,Loading...
बॉन्ड,Bond
खोने,losing
शिव,Loading...
गंदी,Loading...
अल्लाह,Loading...
कठोर,Loading...
जिला,Loading...
रूस,Loading...
प्रसिद्ध,Loading...
ब्रूस,Loading...
चयन,Loading...
अयूब,Loading...
आदत,Habit
अनुग्रह,Loading...
स्वयं,Loading...
सुधार,Loading...
क्,Loading...
स्नातक,Loading...
सप्ताहांत,Loading...
एला,Loading...
लांच,Loading...
बाघ,Loading...
विश्वविद्यालय,Loading...
विफल,Loading...
रस,Loading...
नोट,Loading...
आक्रमण,Loading...
इंतज़ार,Loading...
प्रतिभा,Loading...
संघ,Loading...
पुस्तक,Loading...
मिस्टर,Loading...
टूथलेस,Loading...
लागू,Loading...
हीरो,Loading...
समाधान,Loading...
दलाल,Loading...
ज़रा,Loading...
सीधी,Loading...
जनजाति,Loading...
रेगिस्तान,Loading...
मनुष्यों,Loading...
उठाने,Loading...
रोल,Loading...
काला,Loading...
प्रश्न,Loading...
घायल,Loading...
छुपा,Loading...
चंद्रमा,Loading...
भर्ती,Loading...
लेसे,Loading...
सूचित,Loading...
जंग-ह्वा,Loading...
बताते,telling
आभारी,Loading...
जोड़ी,Loading...
नयी,Loading...
घातक,Loading...
शाप,Loading...
नियमों,Loading...
प्रधान,Loading...
बिल्ली,Loading...
टैंक,Loading...
सभा,Loading...
वाम,Left
भव्य,Loading...
रखी,Loading...
चीयर्स,Cheers
पेंटिंग,Loading...
गंभीरता,Loading...
वंगारी,Loading...
कर्तव्य,Loading...
समझाने,Loading...
ऑनलाइन,Loading...
लोड,Loading...
समान,Loading...
आईटी,Loading...
गोथम,Loading...
प्रोफेसर,Professor
टाइगर,Loading...
महाराजा,Loading...
कचरा,Loading...
ढूँढ़,Loading...
उठ,Loading...
भरने,Loading...
किसान,Loading...
भावनाओं,Loading...
जासूस,Loading...
हिलना,Loading...
गर्भवती,Loading...
जायेगा,Loading...
प्रयोगशाला,Loading...
पारा,Loading...
चुनौती,Loading...
बैकअप,Loading...
कैशे,Loading...
चाहो,Loading...
सीढ़ियों,Loading...
लिख,Loading...
गांवों,Loading...
हनीफ,Loading...
रेखा,Loading...
दर्शकों,Loading...
किराए,Loading...
गंदा,Dirty
विचारों,Loading...
मरा,Loading...
यादों,memories
जोकर,Loading...
सलाम,Loading...
जीते,Loading...
पहुंचे,Loading...
हालात,Loading...
बत्रा,Loading...
देखिए,Loading...
शेखर,Loading...
सबकुछ,Loading...
विजेता,Loading...
निर्दोष,Loading...
दिल्ली,Loading...
तभी,Loading...
हँस,Loading...
राख,Loading...
गीला,Loading...
बलिदान,Loading...
दैनिक,Loading...
हिटलर,Hitler
कक्ष,Loading...
दूध,Loading...
संकट,Loading...
प्रिये,dear
उद्घोषक,Loading...
गिरने,Loading...
रवाना,Loading...
मुस्लिम,Loading...
उतना,Loading...
क्षेत्रों,Loading...
मूड,Loading...
सम्मानित,Loading...
समारोह,Loading...
कब्जा,Loading...
साशा,Loading...
चमक,Loading...
मित्रों,Loading...
ग्रे,Loading...
लेट,Loading...
जयराम,Loading...
उबाऊ,Loading...
डिक,Loading...
कंधे,Loading...
मारी,Loading...
बोझ,Loading...
मिसाइल,Loading...
पिल्ला,Loading...
फायदा,Loading...
ओके,Loading...
उपकरण,Loading...
लागत,Loading...
शर्ट,Loading...
ग्रेट,Loading...
प्रभावी,Loading...
चर्च,Church
ड्यूक,Loading...
बढ़ा,Loading...
प्,Loading...
भूखा,Loading...
गला,Loading...
भाइयों,Loading...
निकलने,Loading...
चाहूँगा,Loading...
डुफ्रेन,Loading...
सिस्टम,Loading...
निकालने,Loading...
चावल,Loading...
अर्ल,Loading...
नाथन,Loading...
क्रीप्टोण,Loading...
प्लीज़,Loading...
राज,Loading...
जगहों,Loading...
डा,Loading...
रोजी,Loading...
डील,Loading...
बचे,Loading...
पाप,Loading...
बीज,Loading...
माफ़ी,Loading...
वापसी,Loading...
चलाना,Loading...
जुनून,Loading...
धोने,Loading...
मुख्यमंत्री,Loading...
सिद्धांत,Loading...
ओवर,Loading...
गेंदों,Loading...
समाचार,Loading...
पीढ़ी,generation
बैठिये,Loading...
बंगलौर,Bangalore
वेश्या,prostitute
आईडी,Loading...
बीवी,Loading...
सिवाय,Loading...
उतारो,Loading...
क्रोध,Loading...
खजाना,Loading...
शेख,Loading...
आकर्षित,attracted
ऑपरेशन,Loading...
शासन,Government
नेताओं,leaders
राजनीतिक,Loading...
शहद,Loading...
औरतें,Loading...
राय,Loading...
जिसने,Loading...
बलात्कार,Loading...
जलाने,Loading...
प्रथम,Loading...
कैमरे,Loading...
पड़ता,has to
सिर्फ़,Loading...
तत्काल,Loading...
लैवेंडर,Loading...
बताएँ,Loading...
परिवहन,Loading...
इनके,Loading...
सुनाई,Loading...
बराबर,Loading...
श्श्श,Loading...
सज्जनो,Gentlemen
हिसाब,Loading...
ग्रेडी,Loading...
रोमांटिक,Loading...
बंधक,Loading...
कमीनों,Loading...
पंक्ति,Line
केक,Loading...
भेड़िया,Loading...
प्रबंधन,management
गुच्छा,bunch
रैले,Loading...
चीफ,Loading...
रातों,Loading...
पहनने,wear
गिरफ़्तार,Loading...
बचत,Loading...
वामो,Loading...
अंतर,Loading...
जैगर,Loading...
मुस्कान,Smile
धरने,Loading...
कुचल,Loading...
रोनाल्ड,Loading...
निर्धारित,Loading...
बैप्टिस्ट,Loading...
पौधे,Loading...
हैदराबाद,Loading...
फ्लाइट,Loading...
सिगरेट,Loading...
दुल्हन,Loading...
मज़ाक,Loading...
मुंबई,Loading...
परीक्षा,Loading...
एडवर्ड,Loading...
प्रस्तुत,Loading...
ऊ,Loading...
व्यक्त,Loading...
अन्दर,Loading...
उत्साही,Loading...
घोड़ा,Loading...
इरादा,Loading...
निवास,Loading...
एयरपोर्ट,Loading...
तीसरे,Loading...
सर्दियों,Loading...
सत्य,Loading...
अफ्रीका,Loading...
थोड़े,a little
आपत्ति,Loading...
चॉकलेट,Loading...
लूसी,Loading...
नर्स,Loading...
बीस,Twenty
जैकेट,Loading...
डूब,Loading...
नोटिस,Loading...
होली,Loading...
बेडरूम,Loading...
रन,Loading...
समुदाय,Loading...
बजती,Loading...
कप,Loading...
अहम,Loading...
स्ट्राइकर,Loading...
बारबरा,Loading...
देशी,Loading...
घुटने,Loading...
कहूँ,should I say
कनेक्शन,Loading...
शहरों,cities
पिटाई,Loading...
जाया,Loading...
कारणों,Reasons
वैज्ञानिक,Loading...
क्रूर,Loading...
लोहे,Loading...
तीसरा,Loading...
कर्मचारी,Loading...
जटिल,Loading...
पकाने,Loading...
आलू,Loading...
जितनी,Loading...
दवाओं,Loading...
फ़्रैंक,Loading...
नाइट,Loading...
रोकना,Loading...
चित्र,Loading...
वैन,Loading...
मध्य,Loading...
सबके,Loading...
सौभाग्य,Loading...
किसानों,Loading...
छूना,touch
व्यवसाय,Loading...
राहत,Loading...
एंटोनियो,Loading...
क्रॉस,Loading...
नकद,Loading...
सिंहासन,Loading...
अनुसंधान,Research
एन.के.,Loading...
मिश्रण,mixture
हमे,Loading...
टन,Loading...
दारा,Loading...
सीक्रेट,Loading...
विपरीत,Loading...
बाहरी,Loading...
ब्लू,Loading...
पड़ोसी,Loading...
शिक्षक,Loading...
एस,Loading...
खोला,Loading...
लाता,Loading...
पढ़ने,Loading...
मोर्चे,Loading...
चिकन,Loading...
गायक,Loading...
कामयाब,Loading...
गहरा,Loading...
मानसिक,Loading...
होनी,Loading...
मछलियां,Loading...
मोटी,Loading...
चुपचाप,Loading...
सत्ता,Loading...
थोड़ी,Loading...
खारिज,dismissed
रामोन,Loading...
कट,Loading...
भय,Loading...
फ्रैंक,Loading...
प्रतिबंध,Loading...
समलैंगिक,Loading...
लोगो,Loading...
उसमें,in that
जिन्होंने,Loading...
खरगोश,Loading...
वैसा,like that
माला,Loading...
डरावना,Loading...
साफ़,Loading...
एलेक्स,Loading...
हिल,Loading...
गरम,Loading...
तेरा,Loading...
जादुई,Loading...
बचाओ,Save
अपराधियों,Loading...
रोका,Loading...
रॉय,Loading...
खोलें,Loading...
तलाक,Divorce
ईंधन,Loading...
वाक़ई,Loading...
अटक,Loading...
डेक,Loading...
उत्साहित,Loading...
शेरिफ,Loading...
परिवारों,Loading...
इसीलिए,Loading...
सूचना,Loading...
दुर्भाग्य,Unfortunately
ग्राहकों,Loading...
डालेंगे,Loading...
यादें,Loading...
आधारित,based
होंगी,Loading...
पाना,Loading...
कांच,Loading...
बंकर,Loading...
बहनों,Loading...
गलतियों,Loading...
सर्विस,Loading...
आयोजन,Loading...
खाओ,Loading...
क्रेडिट,Loading...
चिल्लाता,Loading...
पीना,Loading...
मीटिंग,Loading...
माहौल,Loading...
चमत्कार,Loading...
बनी,Loading...
मार्च,Loading...
लापता,Loading...
डालेगा,Loading...
काँगस्ट्रप,Loading...
खोजना,Loading...
खुदाई,Loading...
एशिया,Loading...
साधन,Loading...
किम,Loading...
पाता,Loading...
पशु,Loading...
एडी,Loading...
विकास,Loading...
सौंपा,Loading...
आंदोलन,Loading...
कागजात,Loading...
रास,Loading...
छात्रों,students
बदले,Loading...
आधिकारिक,Loading...
चट्टानों,Loading...
रविवार,Loading...
स्थापना,Establishment
मेहमान,Loading...
घूम,Loading...
नकल,Loading...
लड़ी,Loading...
प्रेरणा,Inspiration
टी,Loading...
लेगा,Loading...
अनुकूल,Friendly
लड़ना,Loading...
सफाई,Loading...
नाग,Loading...
दरार,Loading...
खातिर,Loading...
कमीना,Loading...
रोजर,Loading...
नैट,Loading...
भागने,Loading...
कभी-कभी,Loading...
अगला,Loading...
परिसर,Loading...
प्रशंसक,Loading...
चलाता,Loading...
नन्दन,Loading...
जोनास,Loading...
कचरे,Loading...
प्रधानमंत्री,Loading...
किराया,Loading...
सैली,Loading...
शिकारी,Loading...
डाटा,Loading...
वेलेंटाइन,Loading...
सामग्री,Loading...
बटुआ,purse
अंक,score
सूखे,Loading...
आत्महत्या,Loading...
इनहेलर,Loading...
डराने,Loading...
मम्म,Loading...
दबी,Loading...
मेहुल,Loading...
छोड़ा,Loading...
आपराधिक,Loading...
होशियार,Loading...
सटीक,Loading...
पेट्रा,Loading...
स्टार,Star
चचेरे,Loading...
फुट,Loading...
बाबुल,Loading...
नाश्ता,Loading...
ब्राउन,Loading...
त्रिशूल,Loading...
वस्तु,Loading...
रीजेंट,Loading...
भूमिका,Loading...
एलएलएम,Loading...
परिधि,Loading...
फ्रॉ,Loading...
गठन,Loading...
चुपके,Loading...
जिन्हें,Loading...
जिंग,Loading...
ज़रूर,Loading...
खींचने,pulling
ख़तम,Loading...
सुअर,Loading...
फ्लैट,Loading...
जंगलों,Loading...
हज़ार,Loading...
दान,Donation
बैंड,Loading...
पहेली,Loading...
संगठन,Loading...
गिरोह,Loading...
हज़ार,Loading...
चूहे,Loading...
खरोंच,Loading...
सितारों,Loading...
देखे,See
कराया,Loading...
माँगती,Loading...
मालकिन,Mistress
व्यर्थ,Loading...
पद,Post
ब्रह्मांड,Loading...
न्यूटन,Loading...
दरअसल,Loading...
कार्बन,Loading...
अग्रिम,Loading...
धिक्कार,Shame
लव,Loading...
पदार्थ,Loading...
हनी,Loading...
व,Loading...
डीके,Loading...
तीस,Loading...
कैरिना,Loading...
ई,Loading...
अरब,Arab
निदेशक,Loading...
नवजात,Loading...
एक-दूसरे,Loading...
अति,Loading...
नागरिकों,Loading...
एकजुट,Loading...
प्लास्टिक,Loading...
भ्रम,Loading...
सुविधा,Loading...
खेलना,Loading...
घरों,Loading...
राक्षसों,Loading...
पृष्ठ,Loading...
एह,Loading...
स्वस्थ,Loading...
वाहन,Loading...
भागों,parts
बंदरगाह,Loading...
बुराई,Loading...
पंख,Loading...
तार,Loading...
श्वास,Loading...
आश्चर्यजनक,amazing
आपूर्ति,Loading...
मुद्दा,Loading...
बोलती,Loading...
मामूली,Loading...
जिमी,Loading...
एवन,Loading...
हारे,loser
भयभीत,Loading...
यॉर्क,Loading...
पेट्रोल,Loading...
अनाथ,Loading...
हॉल,Loading...
ठहरो,Loading...
राजकुमार,Loading...
खुशबू,Loading...
माँगने,Loading...
मिटा,Loading...
चढ़,Loading...
सायरन,Loading...
शराबी,Loading...
कॉर्प,Loading...
शेयर,Loading...
पाए,found
ज़रूरी,Loading...
ग्रीन,Loading...
कैद,Loading...
अपमानित,Loading...
पढ़ना,Loading...
तुम्,Loading...
गवाह,Loading...
भ्रमित,Loading...
भूखे,Loading...
केन्या,Loading...
शौचालय,Loading...
बिल्डिंग,Loading...
बादल,Loading...
डैरेन,Loading...
कविता,Loading...
यूरोप,Loading...
मेल,Loading...
उपचार,Loading...
पर्वत,Loading...
निपटने,Loading...
ट्रिगर,Loading...
भाभी,Loading...
गुजर,Loading...
संबंधित,Loading...
नकदी,Loading...
होकर,Loading...
भेजना,Loading...
धूम्रपान,Loading...
इशारा,Loading...
बाँध,Loading...
रहोगे,Loading...
सैकड़ों,Loading...
सड़कों,Loading...
शैली,Loading...
माँगता,Loading...
स्पीकर,Loading...
प्रगति,Loading...
यद्यपि,Loading...
नीला,Loading...
अमरीकी,American
पोस्टर,Loading...
यहूदा,Loading...
यौन,Loading...
एयर,Loading...
बेचते,Loading...
कार्यकर्ता,Loading...
ग्राहक,Loading...
शिष्टाचार,Loading...
घास,Loading...
घूमने,Roaming
हस्तक्षेप,Loading...
रहीं,Loading...
कर्मचारियों,Loading...
खेती,Loading...
क्यू,Loading...
चाबियाँ,Loading...
काली,Loading...
लारा,Loading...
खाल,Loading...
शीफ़ू,Loading...
रखे,Loading...
बेहोश,Loading...
सिर्फ़,Loading...
कोरियाई,Loading...
तैनात,Loading...
पॉप,Loading...
यूं,Loading...
बोली,Loading...
ऑलसेन,Loading...
शपथ,Loading...
अल्फा,Loading...
अंधा,Loading...
असाधारण,Loading...
किलो,kg
क्लासिक,Loading...
प्रतिभाशाली,Loading...
निराश,Loading...
जुड़े,Connected
कवच,Loading...
पेड़ों,Loading...
पट्टी,Loading...
मिलती,Loading...
सह,Loading...
छल्ले,Loading...
वाकई,Loading...
वेतन,Loading...
प्रेरित,Loading...
साइन,Loading...
मुकाबला,Loading...
अचल,Loading...
हाब्स,Loading...
यात्री,Loading...
भेड़ियों,Loading...
पहुंचने,Loading...
शेष,Loading...
चींटियों,Loading...
तहखाने,Loading...
सच्चा,Loading...
विशेषज्ञ,Loading...
सुराग,Loading...
वित्तीय,Loading...
कैरोल,Loading...
उतर,Loading...
मुसलमानों,Loading...
बूंद,Loading...
ध्वज,Loading...
कैसल,Loading...
कौशल,Loading...
ब्रिस्टल,Loading...
रोड,Loading...
अपहरण,Loading...
उन्होनें,Loading...
क्लाइमेट,Loading...
मानवता,Loading...
दाढ़ी,Beard
फार्म,Loading...
भरी,Loading...
ऊह,Loading...
दुखती,Loading...
चािहए,Loading...
मुकदमा,Loading...
रोने,Loading...
धीमा,Loading...
ओउ,Loading...
सहन,Loading...
िफर,Loading...
खाद्य,Loading...
डालने,Loading...
पहुँचा,Loading...
कायर,Loading...
आऊंगा,Loading...
शीघ्र,Loading...
समझना,Loading...
हद,Loading...
ज्ञात,Loading...
बर्दाश्त,Loading...
वी,Loading...
जीजाजी,Brother in law
संभवतः,Loading...
हटाओ,remove
कोट,Loading...
जुआ,Loading...
गतिविधि,Loading...
प्राकृतिक,Loading...
निराशा,Loading...
मर्द,Loading...
ब्रूक्स,Loading...
उद्योग,Loading...
पारंपरिक,Loading...
पहनते,Loading...
जश्न,Loading...
लक,Loading...
अकेली,alone
लूथर,Loading...
तुर्की,Loading...
चलाओ,Loading...
पाल,Loading...
नफ़रत,Loading...
सर्दी,Loading...
स्वास्थ्य,Loading...
समझी,Loading...
अफ़सोस,Loading...
हेले,Loading...
वायु,Loading...
गहने,jewelry
कैथी,Loading...
गुस्से,Loading...
दादा,Loading...
फटा,Loading...
हिस्से,Loading...
वीटो,Loading...
रोगी,Loading...
बेल,Bell
देखी,Loading...
शूट,Loading...
आदी,addicted
कहें,Loading...
अप्रैल,Loading...
टोरेटो,Loading...
रूक,Loading...
नियमित,Loading...
पुजारी,Loading...
तरफ़,Loading...
उत्पादन,Loading...
सिटी,Loading...
बेवकूफों,Loading...
तीसरी,Loading...
लडकी,Loading...
आँसू,Loading...
पृष्ठभूमि,Loading...
चाबी,Loading...
गुर्राता,Loading...
उतरो,Loading...
शास्त्री,Loading...
ब्लेड,Loading...
मुख्यालय,Loading...
मुद्दे,Loading...
बैंगलोर,Bangalore
उत्तम,Loading...
रिचर्ड,Loading...
कामना,Loading...
बयान,Loading...
बकाया,Loading...
संसाधनों,Loading...
बोलता,Loading...
बकबक,Loading...
स्टील,Loading...
झील,Loading...
इनमें,Loading...
भावुक,Loading...
ल्यूक,Loading...
विवाह,Loading...
टेबल,Loading...
लेक्स,Loading...
स्थानों,Loading...
इकाइयों,Loading...
विनाश,Loading...
स्वादिष्ट,Loading...
स्वाभाविक,Loading...
निर्माता,Loading...
दृष्टिकोण,Approach
जीभ,Loading...
यम,Yama
गबन,Loading...
घुट,Loading...
सीधा,Loading...
जनता,Loading...
बू,Loading...
चैनल,Loading...
विक्टोरिया,Loading...
महाराज,Loading...
चाँद,Moon
आकर्षक,Loading...
मार्गदर्शन,Loading...
सुनवाई,Loading...
पेंडेंट,Loading...
काटा,bit
इंजेक्शन,Loading...
प्रभावशाली,Loading...
हेलिकॉप्टर,Loading...
तरीकों,Loading...
वार्डन,Warden
स्लाइड,Loading...
मनहूस,Loading...
स्पेशल,Loading...
खदान,Loading...
निकलते,Loading...
पतली,Loading...
केंट,Loading...
राष्ट्र,Loading...
टाई,Loading...
गोलियां,Loading...
बाएं,Loading...
गूगल,Loading...
सॉफ्टवेयर,Loading...
कृप्या,Loading...
हें,Loading...
फर्श,Loading...
कीजिय,Loading...
विज्ञापन,Loading...
दफा,Loading...
पर्स,Purse
बटुए,wallets
ट्रंक,Loading...
धो,Loading...
सेक्सी,Loading...
शुल्क,Loading...
पूछें,Loading...
डालते,Loading...
पड़ेगी,Loading...
जहर,Loading...
फसलों,Loading...
चीख,Loading...
साड़ी,Loading...
गाड़ी,Vehicle
चुराया,Loading...
बच्चो,Loading...
मैल्कॉम,Loading...
लाये,Loading...
बढ़,Loading...
हफ़्ते,Loading...
दोगी,Loading...
प्रोटोकॉल,Loading...
वालर,Loading...
रेवेन,Raven
कोपेनहेगन,Loading...
अवरुद्ध,Loading...
बुलाते,calling
दामाद,Loading...
निकालना,Loading...
बर्क,Loading...
ज़रा,Loading...
बेबे,Loading...
हिमलर,Loading...
बनाती,Loading...
बोलने,Loading...
खड़ी,Loading...
अपार्टमेंट,Loading...
अंग्रेजी,Loading...
आतंकवादियों,Loading...
घोषित,Loading...
लुकास,Loading...
किताबें,Loading...
हाँफना,Loading...
खोना,lose
दर्जन,Loading...
समझती,Loading...
वैध,Loading...
यू,Loading...
फर्म,Loading...
शाखा,Loading...
करूंगी,Loading...
श्रेणी,Loading...
जाऊं,should I go
नहीँ,no
आंकड़ा,Loading...
फुटबॉल,Loading...
प्रभारी,Loading...
स्रोत,Loading...
ज़्यादा,Loading...
सिखा,Loading...
अजनबी,Loading...
पुष्पांजलि,Loading...
रिहा,Loading...
सॉरी,Loading...
झुंड,Loading...
कैपिटल,Loading...
सौंदर्य,Loading...
सार्जेंट,Loading...
विंग,Loading...
कोर्ट,Court
एमिर,Loading...
चाहें,Loading...
वसंत,Loading...
इंस्पेक्टर,Inspector
डॉक्,Loading...
वातावरण,Loading...
उड़ाते,Loading...
रुके,Loading...
दिलचस्पी,Interest
अंधेरा,Loading...
ब्रिटिश,Loading...
सीडी,Loading...
इंच,Loading...
उपलब्ध,Loading...
आँख,Loading...
बिताया,Loading...
समर्पित,Dedicated
संदिग्ध,Loading...
पहनना,Loading...
आपातकालीन,Loading...
हटाने,Loading...
स्तन,Loading...
पड़े,Loading...
छुआ,Loading...
रस्सी,Loading...
चलती,Loading...
सीईओ,Loading...
पड़ी,Loading...
दांव,Loading...
हत्यारा,Loading...
प्रतिबद्ध,Loading...
आएगी,will come
हँसती,Loading...
स्पेनिश,Spanish
ताला,Loading...
साइड,Loading...
नक्शे,Loading...
बजा,Loading...
सहयोग,Loading...
नामक,Loading...
विरासत,Loading...
उतार,Loading...
सोचती,Loading...
बढ़ने,Loading...
हड्डी,Bone
रोनी,Loading...
पैरोल,Loading...
विभिन्न,Loading...
भंग,Loading...
श्रृंखला,Loading...
मानक,Loading...
उपस्थिति,Loading...
पैदल,Loading...
पैमाने,Loading...
सिफारिश,Loading...
स्वभाव,Loading...
संध्या,Loading...
खिड़की,Loading...
मुमकिन,Possible
स्थल,Loading...
गिरावट,Loading...
ब्याज,Loading...
नासा,Loading...
सेब,Loading...
कोर,Loading...
डायन,Loading...
महामहिम,Loading...
दक्षिणी,Loading...
ग्रिड,Loading...
निशाना,Loading...
दिलाने,Loading...
दिला,Loading...
साइट,Loading...
उपशीर्षक,Loading...
पाओगे,Loading...
चार्ट,Loading...
व्यायाम,Loading...
ड्रिल,Loading...
दूँगी,Loading...
रूबी,Loading...
टाइम,Loading...
गूंज,Loading...
कत्जा,Loading...
तापमान,Loading...
उपयुक्त,Loading...
घुसपैठ,Loading...
ऑटो,Loading...
मनाने,persuade
बैठने,Loading...
चंगा,Loading...
ढीला,Loose
वास्तविकता,Loading...
मक्खी,Fly
शारीरिक,Loading...
चाहीये,Loading...
लहर,Loading...
कीसी,Loading...
लड़के,Loading...
सहानुभूति,Loading...
संलग्न,Loading...
अस्वीकार,Rejection
नीच,Loading...
जयकार,Loading...
लगाकर,Loading...
सकेंगे,Loading...
रेस्तरां,Loading...
जामी,Loading...
जाइए,Loading...
डिवाइस,Loading...
आइसक्रीम,Loading...
कहे,Loading...
निकला,turned out
मेट,Loading...
डेल्टा,Loading...
हरे,green
पश्चिमी,Loading...
शोरूम,Showroom
विलियम्स,Loading...
वक्ताओं,Loading...
हेलेन,Loading...
समझौते,Loading...
सोफे,Loading...
चलाते,Loading...
मिथक,myth
घूर,Loading...
अंतरराष्ट्रीय,Loading...
स्थित,Loading...
हड़पने,Loading...
कुशल,Loading...
प्रतिष्ठा,Loading...
कुल्हाड़ी,Loading...
मानता,Loading...
बैठता,Loading...
पूल,Loading...
रोमांचक,Loading...
मोहिनी,Loading...
स्टॉइक,Loading...
यान,Loading...
प्रचार,Loading...
झंडा,flag
दरवाज़ा,Loading...
होल,Hole
अदा,Loading...
उत्सव,Loading...
ठग,Loading...
बिखर,Loading...
बचाई,Loading...
धूर्त,Loading...
बेन,Ben
सेंसर,Loading...
दायर,Loading...
स्थायी,Loading...
लिसा,Loading...
एम्बुलेंस,Loading...
बूम,Loading...
ज़ोर,Loading...
वापिस,Loading...
कैप्टन,Loading...
कर्ज,Loading...
जीईएसी,Loading...
हार्पर,Loading...
चाह,Loading...
जादूगरनी,Loading...
पत्नियों,Loading...
खाड़ी,Loading...
डैनिश,Loading...
सदस्यों,Loading...
फांसी,Loading...
निहित,Loading...
कोमा,Loading...
इनको,Loading...
बेकेट,Loading...
मिसाइलों,Loading...
मनोरंजन,Loading...
सुरंग,Loading...
बढ़ें,Loading...
मैदान,Loading...
सहमति,Loading...
ढेर,Loading...
रेगी,Loading...
सुलेमान,Suleiman
बहाल,restored
ईश्वर,Loading...
शिक्षित,Loading...
खासकर,Loading...
एंग्लो,Loading...
शापित,Loading...
टोटेम,Loading...
टॉम,Tom
कुत्तों,Loading...
लाइनों,Loading...
लेनी,Loading...
अत्यधिक,Loading...
सटन,Loading...
उत्सुक,Loading...
प्रतिनिधि,Loading...
हार्ड,Loading...
साजिश,Loading...
टेक,Take
रुचि,Loading...
उत्परिवर्तन,Loading...
पर्ची,Loading...
दशक,Loading...
चतुर,Loading...
बटन,Loading...
नम्बर,Loading...
इकाई,Unit
छड़ी,Loading...
सफ़ेद,Loading...
जिसकी,Loading...
धोखाधड़ी,Loading...
आऊँगा,Loading...
रहेगी,Loading...
आश्वस्त,Loading...
बचाना,Loading...
चोरों,Loading...
नर्वस,Loading...
सोया,Loading...
पोस्ट,Loading...
टुकड़ों,Loading...
मखौल,Loading...
लोक,Loading...
मिर्च,Loading...
मनोरोगी,Loading...
टोस्ट,Loading...
संवाददाता,Loading...
ऑक्सीजन,Loading...
बूढ़ी,Loading...
प्रभात,Morning
जिम्मी,Loading...
फ़र्क,Loading...
लास,Loading...
झूठे,Loading...
सूर्य,Loading...
बलि,Loading...
लकी,Loading...
दयालु,Loading...
राज्यपाल,Loading...
अल्फ्रेड,Loading...
हुयी,Loading...
फैल,Loading...
ऑफिस,Loading...
दिवस,Loading...
धनुष,Loading...
वानरों,Loading...
जर्मनी,Loading...
संभावित,Loading...
लैंडिंग,landing
निरीक्षक,Loading...
फ्रांसिस,Loading...
पीट,Loading...
दूतावास,Loading...
जुड़ा,connected
दुश्मनों,Loading...
ऊब,Loading...
पड़ा,Loading...
शुक्रवार,Loading...
दौरे,Loading...
खिड़कियों,Loading...
आदर्श,Loading...
कैप्सूल,Loading...
फॉर्मिकस्,Loading...
खोया,Loading...
कबूल,confession
हुक,Loading...
तकनीकी,Loading...
अनुरूप,Loading...
नवीनतम,Loading...
आंसू,Loading...
चित्रों,Loading...
श्रेष्ठतम,Loading...
रूसियों,Loading...
सलाखों,Loading...
डिनर,Loading...
स्टेनर,Loading...
टेरी,Loading...
कृपा,Loading...
हिंसक,violent
अनुचित,Loading...
हरी,Loading...
बीट्राइस,Loading...
बेटों,Loading...
अल,Loading...
मरीज,Loading...
सनकी,Loading...
दूल्हे,Loading...
अंगूर,Grape
यातायात,Loading...
बुखार,Loading...
संभालो,Loading...
रहूंगा,Loading...
चूंकि,Loading...
मज़ा,Loading...
आवाज़,Loading...
धैर्य,Loading...
खांसी,Loading...
कोशिकाओं,Loading...
जोड़,Loading...
चार्ज,Loading...
सुनकर,Loading...
मरते,Loading...
पीटा,Loading...
जरुरी,Loading...
मार्था,Loading...
क्षितिज,Loading...
सूप,soup
पहाड़ी,Loading...
दबाकर,Loading...
पाएंगे,Loading...
डाली,branch
इंटरव्यू,Loading...
संचालन,Loading...
हटना,Loading...
बगीचे,Loading...
परिचित,Loading...
बजाना,Loading...
सभ्य,Loading...
ड्राइवर,Loading...
काल,Loading...
नग्न,Loading...
टैटू,Loading...
देखोगे,Loading...
बदलना,Loading...
हंसता,Loading...
मारते,Loading...
अंग,Loading...
खाई,Loading...
विश्लेषण,Loading...
बेचैन,Loading...
फायरमैन,Loading...
विकिपीडिया,Loading...
कांग,Loading...
रुकना,to stop
कैमरों,Loading...
गद्दार,Loading...
डोंट,Loading...
बैल,Loading...
दिक्कत,Loading...
अर्जित,Loading...
उपर,Loading...
पढ़ाई,Loading...
कीगन,Loading...
मजदूर,Loading...
आधुनिक,Loading...
मीरा,Loading...
ख़ुशी,Loading...
चरण,Loading...
बिट,Loading...
सूअरों,Loading...
लड़का,Loading...
हेल,Loading...
सुअरों,Loading...
कार्लस्सन,Loading...
आयरन,Loading...
इनकी,Loading...
बजता,Loading...
चरित्र,Character
अवधि,Loading...
दंडित,Loading...
भेड़,Loading...
डटे,Loading...
कोच,Loading...
कीड़े,Loading...
अस्थिर,Loading...
राशि,Loading...
पाला,Loading...
गूंगा,Loading...
कोल्ट्स,Loading...
अस्थायी,Loading...
अखबार,Loading...
दुखद,Loading...
एमी,Loading...
बीन,Loading...
मोरेल,Loading...
प्रसारण,Loading...
ऑफ,Loading...
कमीज,Loading...
कैरियर,Career
इस्तीफा,Loading...
ब्रावो,Loading...
जीव,Loading...
उत्तरी,Loading...
सशक्त,Loading...
पाठ,Loading...
ऑफ़,of
चिड़िया,Loading...
देगी,Loading...
लाए,Loading...
प्रसारित,Loading...
शोक,Loading...
सावधानी,Loading...
कहूं,Loading...
सिसिली,Loading...
कच्चे,Loading...
उत्तेजित,Loading...
लॉक,Loading...
सख्त,hard
सदी,Loading...
लगाएं,Loading...
लॉन्च,Loading...
पाइप,Loading...
घृणा,Loading...
मुद्दों,Loading...
विवरण,Loading...
चट्टान,Loading...
एरेट,Loading...
लॉन,Loading...
पूछताछ,Loading...
टाइग्रेस,Loading...
ताकतवर,Loading...
व्रत,Loading...
उपाय,Loading...
तुझे,you
परिस्थितियों,Loading...
दोनो,Loading...
रेवती,Loading...
मकदूनियाई,Loading...
ऑर्डर,Loading...
नानाजी,Loading...
रेत,Loading...
हालाँकि,Loading...
निलंबित,Loading...
सिरे,Loading...
सेल्समैन,salesman
मज़ेदार,Loading...
सवालों,Loading...
वारंट,Loading...
ज़िंदगी,Loading...
हाई,Loading...
अनु,Loading...
आकर्षण,Loading...
अनुवाद,Loading...
पवन,Loading...
कनेक्ट,Loading...
परी,Loading...
महल,Loading...
यूनानियों,Loading...
बीमारी,Loading...
फिसल,Loading...
वली,Loading...
ट्यूमर,Loading...
दु,Loading...
ख,Loading...
मोहन,Loading...
नज़र,Loading...
माँग,Loading...
काउंसिल,Loading...
भरे,Loading...
यातना,Loading...
पंप,pump
ड्रिंक,Loading...
मीठा,Loading...
बताए,Loading...
पनीर,Loading...
हक,Loading...
व्हिस्की,Loading...
फ्रेम,frame
जमानत,Loading...
व्यावहारिक,Loading...
मोहसिन,Loading...
धरना,Loading...
फ़ीड,Loading...
हत्यारे,Loading...
उपनाम,Loading...
पायलटों,Loading...
प्लेन,Loading...
तालाब,Loading...
चाहोगे,Loading...
तातसुहेइ,Loading...
बेचारा,Loading...
पाती,Loading...
नश्वर,Loading...
गिलास,Loading...
यंग,Loading...
हेवुड,Loading...
नील,Loading...
खच्चर,Loading...
प्रिंट,Loading...
पूर्वी,Loading...
डालूंगा,Loading...
ठोस,Loading...
ग्रहों,Loading...
जनजातियों,Loading...
सोता,Loading...
बर्ताव,Loading...
राज्यों,Loading...
दोहराने,Loading...
नक्शेकदम,Loading...
परिषद,Loading...
पूछते,Loading...
गाने,Loading...
चीज़ें,Loading...
दिखने,Loading...
रनवे,runway
मोटा,Loading...
लूंगी,Loading...
डालता,Loading...
डाकुओं,Loading...
ड्यूटी,Loading...
भागना,Loading...
सैर,Pleasure trip
खुलता,Loading...
कीफे,Loading...
आंतरिक,Loading...
चूक,mistake
झूठा,Loading...
अधिनियम,Loading...
मैसेडोनिया,Loading...
निकलें,Loading...
समझो,Loading...
भतीजे,Loading...
वार्ता,Loading...
यात्रियों,Loading...
चार्ल्सटन,Loading...
खेलो,Loading...
हरमन,Loading...
मार्क,Loading...
झपकी,Loading...
गांड़,Loading...
गिरफ़्तारी,Loading...
ऐल्फ़ा,Loading...
पिन,Loading...
बारह,Loading...
पूंजीवाद,Loading...
उधर,there
छीन,Loading...
वफादार,Loading...
मासूम,Loading...
एकत्र,Loading...
मजदूरी,Loading...
संरक्षित,Loading...
नेड,Loading...
गुलाम,Loading...
एकल,Singles
असामान्य,Loading...
मंडल,Loading...
शाबाश,Loading...
खाती,Loading...
रॉकेट,Loading...
आयाम,Loading...
सैंडविच,Loading...
अत्याचार,Loading...
मऊ,Mau
खड़े,Loading...
लेखक,Loading...
हमलों,Loading...
विफलता,Loading...
छवि,Loading...
जे,Loading...
विकिरण,Loading...
होंठ,Loading...
खोलना,Loading...
बड़े,Loading...
सलाहकार,Loading...
मकान,Loading...
रूम,Loading...
राजी,Loading...
आर्थिक,Loading...
रहूँगा,Loading...
कार्यकर्ताओं,Loading...
अवज्ञा,Loading...
टेप,Loading...
पहनता,Loading...
मारिया,Loading...
सेनाओं,Loading...
रक्षक,Loading...
विरोधी,Loading...
लॉयड,Loading...
अंधे,Loading...
गन,Loading...
बाड़,Loading...
हकदार,Loading...
पेशेवर,Loading...
मौके,Loading...
वारिस,Loading...
शुभकामनाएँ,Loading...
जींदगी,Loading...
अमरीका,Loading...
भेंट,Loading...
छोड़कर,Loading...
लिली,Loading...
सब्जी,Loading...
अलाई,Loading...
गार्डन,Loading...
शरण,Loading...
आनंदित,Loading...
सालमन,Loading...
कब्रिस्तान,Loading...
चाहूंगा,Loading...
ऑफ़िस,Loading...
पांडु,Loading...
बाधा,Loading...
नाटकीय,dramatic
प्रशंसा,Loading...
सिखाने,Loading...
रिश्वत,Loading...
सेवानिवृत्त,Loading...
दयनीय,Loading...
परेड,Loading...
गुरु,Loading...
वाइस,Loading...
गणना,Loading...
मेडिकल,Loading...
किसलिए,Loading...
जोनाथन,Jonathan
चीज़ें,Loading...
सॉयर,Loading...
जुलाई,Loading...
हत्यारों,Loading...
घुस,Loading...
रणनीति,Loading...
लगना,Loading...
गलतफहमी,Loading...
अमांडा,Loading...
ऑफ़लाइन,Loading...
वर्जीनिया,Loading...
वार,Loading...
क्रूस,Loading...
युग,Loading...
वोर्री,Loading...
एंड्रयू,Loading...
ईजेकील,Loading...
मियाँ,Loading...
हैरी,Loading...
मिस्र,Loading...
वरिष्ठ,Loading...
लोगे,Loading...
वकीलों,Loading...
आपदा,Loading...
प्रतिस्पर्धा,Loading...
धंधे,Loading...
जनसंख्या,Loading...
मेकर,Loading...
टेलीफोन,Loading...
डेस्क,Loading...
दानव,Loading...
यूँ,Loading...
हर्षा,Loading...
पहुँचे,Loading...
दबा,Loading...
अगस्त,Loading...
बहुत-से,Loading...
ख़राब,bad
जुड़वां,Loading...
उज्ज्वल,Loading...
बताओगे,Loading...
लालची,Loading...
सिंह,Loading...
मात्रा,Loading...
अस्पष्टता,Loading...
उलमन,Loading...
सेंट,Loading...
ग्रीस,Loading...
बदलें,Loading...
पचास,Loading...
बालक,Loading...
गोदाम,Loading...
अधिकारों,Loading...
धर्म,Loading...
लैरी,Loading...
भूकंप,Loading...
पाकिस्तान,Loading...
समानता,Loading...
ऐतिहासिक,Loading...
महानगरों,Loading...
वितरित,Loading...
किसकी,Loading...
अत्यंत,Loading...
रावण,Loading...
सेल्स,Loading...
विक्रेता,Loading...
बैठना,Loading...
दावत,Loading...
होल्ड,Loading...
विशेषाधिकार,Loading...
दबाओ,Loading...
खुराक,Loading...
बैंकों,Loading...
निकोल,Loading...
बहादुरी,Loading...
डांस,Loading...
रिक,Loading...
दिये,Loading...
धड़कन,Loading...
निकले,Loading...
बाध्य,Loading...
सितारा,Star
कामरेड,Loading...
बंधे,Loading...
मुड़ें,Loading...
राह,Loading...
जाओगी,Loading...
संग,Loading...
बीयर,Loading...
एक्स,Loading...
दिखती,Loading...
मूर्खों,Loading...
मॉडल,Loading...
खिलौना,Loading...
प्रजाति,Loading...
जाऊँ,Loading...
नौजवान,Loading...
डीएनए,Loading...
वफादारी,Loading...
सामाजिक,Loading...
कंपनियों,Loading...
पुर्तगाली,Loading...
टेनेसी,Loading...
हेतु,For
रुकावट,Loading...
शादीशुदा,Loading...
गाल,Loading...
पहना,Loading...
चौकीदार,Loading...
स्क्वर्ट,Loading...
हॉन,Loading...
लगने,to seem
मेक्सिको,Loading...
तोप,Loading...
ब्रांड,Loading...
जिद्दी,Loading...
सशस्त्र,Loading...
कोडेक्स,Loading...
डरो,Loading...
गैर,Loading...
ग़लत,wrong
क्रांति,Loading...
उड़ाने,Loading...
पहुचने,Loading...
महारत,Mastery
लिखना,Write
पेंच,Loading...
बीत,past
लूं,Loading...
कैदी,Loading...
हानि,Loading...
आबादी,Loading...
इंटरपोल,Interpol
उलझन,confusion
सहयोगियों,Loading...
मिलाया,Loading...
यक़ीन,Loading...
नाविक,Loading...
चिप्स,Loading...
सुई,Loading...
फट,Loading...
बाहों,Loading...
जिले,Loading...
पुनर्निर्माण,Loading...
लोकतंत्र,Loading...
आज़ाद,Loading...
कोल,Loading...
बेईमानी,Loading...
मैंटिस,Loading...
पड़,Loading...
पीला,Loading...
ड्राइविंग,Loading...
थप्पड़,Loading...
महंगा,Loading...
जीन,Loading...
लमेरिकेन,Loading...
मीनाक्षी,Meenakshi
चांदनी,Loading...
कमांड,Loading...
डंपलिंग,Loading...
बाप,Loading...
एस्किमो,Loading...
श्रद्धांजलि,Loading...
खुफिया,Loading...
आंख,Loading...
शिकागो,Loading...
नताशा,Natasha
मैगी,Loading...
आरंभ,Loading...
घावों,Loading...
सिवा,Loading...
विजय,Loading...
मिशेल,Loading...
प्रतीक,Loading...
दस्तावेज़,Loading...
अपमानजनक,Loading...
मिलाना,Loading...
पका,Loading...
डेविना,Loading...
हॉट,Loading...
बतख,Loading...
भेजो,Loading...
चढ़ाई,Loading...
प्रदेश,Loading...
गज,Loading...
गुना,Loading...
कैंडी,Loading...
ट्राइडेंट,Loading...
शिक्षण,Loading...
सुनता,Loading...
निर्देश,Loading...
मुफ़्त,Loading...
मोरो,Loading...
एफबीआई,Loading...
घंटा,Loading...
लेकीन,But
दंगों,Loading...
चलेंगे,Loading...
लीक,Loading...
फाइल,Loading...
मूर्खता,Loading...
चुनने,Loading...
बदबूदार,Loading...
उत्तराधिकारी,Loading...
हेलमेट,Loading...
बढ़ता,growing
जोड़े,Loading...
बेचना,Loading...
एजेंसी,Loading...
प्रशिक्षु,Loading...
तोड़ा,Loading...
चुभन,Loading...
थोडा,Loading...
ब्रैंडन,Loading...
ईर्ष्या,Loading...
संरक्षक,Loading...
भविष्यवाणी,Loading...
उपयोगी,Loading...
योजनाओं,Loading...
ट्रैक्टर,Tractor
टूटे,Loading...
मेडम,Loading...
पकड़,Loading...
इतालवी,Loading...
सातवें,Loading...
महत्व,Loading...
विस्फोटक,Loading...
स्वीटी,Loading...
बंदूकों,Loading...
सुनेंगे,Loading...
समृद्ध,Loading...
बोलना,Loading...
कष्ट,Loading...
भाषी,Loading...
ओय,Loading...
फ़ैक्ट्री,Loading...
निरीक्षण,Loading...
रुकने,Loading...
खनिकों,Loading...
कामुक,Loading...
कलाकार,Loading...
सर्कस,Loading...
ड्रेगन,Loading...
मुर्गी,Loading...
तबाह,Loading...
लक्षण,Loading...
जानी,Loading...
छिपकर,Loading...
हथकड़ी,Loading...
सच्चे,Loading...
मुट्ठी,Loading...
रॉब,Loading...
बर्फ़,Loading...
लड़कियां,Loading...
मालिश,Loading...
जाके,Loading...
आर्य,Loading...
घोड़ों,Loading...
कोयला,Loading...
कण,Loading...
स्टाफ,Loading...
समझाना,Loading...
टीमों,Loading...
जीवों,Loading...
फ़िलिप,Loading...
फ़ौरन,Loading...
मक्खन,Loading...
मिलाकर,Loading...
जबतक,Loading...
मतदान,Loading...
जलन,Loading...
गहरे,Loading...
घबराओ,Loading...
सच्ची,Loading...
बर्तन,Loading...
मिमी,Loading...
स्काउट,Loading...
लाते,Loading...
चहकती,Loading...
समिति,Loading...
सम्राट,Loading...
निचोड़,Loading...
देसाई,Loading...
सेर,Loading...
माउंट,Loading...
बेचा,Loading...
फूलों,Loading...
चिल्लाया,Loading...
दाम,Loading...
शरद,Loading...
ट्रेसी,Loading...
ओवरलुक,Loading...
रिक्शा,Loading...
सत्यानाश,Loading...
गोलियाँ,Loading...
बरबाद,Loading...
चिपके,Loading...
गुलाब,Loading...
निर्देशांक,Loading...
अभी-अभी,Loading...
गाइड,Loading...
प्रतिष्ठित,Loading...
प्रोग्राम,Loading...
वाल्टर्स,Loading...
क्यूबा,Loading...
सालो,Loading...
फिदा,Loading...
संचार,Loading...
अंडा,Loading...
तेरी,Loading...
एंड,Loading...
हंस,Loading...
बढ़ना,Loading...
अराजकता,Loading...
भाला,Loading...
नाजुक,Loading...
शॉपिंग,Loading...
इराक,Loading...
बलों,forces
हफ्तों,Loading...
मलयाली,Loading...
वश,Loading...
जलता,Loading...
मामा,Loading...
थैला,Loading...
बेतुका,Loading...
क्षणों,Loading...
सिक्का,Loading...
दाहिने,Loading...
जिन्दा,Loading...
डंप,Loading...
संभालने,Loading...
रोपण,Loading...
बुद्धि,Loading...
कुंजू,Loading...
वर्दी,Loading...
भाड़,Loading...
पावर,Loading...
मशहूर,Loading...
दिलाना,Loading...
बुनियादी,Loading...
निष्पादित,Loading...
एकजुटता,Loading...
पौधों,Loading...
हराया,Loading...
इलाके,Loading...
विधवा,Loading...
लड़ो,Loading...
हु,Loading...
उल्टी,Loading...
चुनते,Loading...
किलोमीटर,Loading...
आस-पास,Loading...
टूटी,Loading...
मुताबिक,Loading...
गठबंधन,Loading...
स्वचालित,Loading...
सिक्के,Loading...
तिजोरी,Loading...
हीथ्रो,Loading...
डॉना,Loading...
जायेगी,Loading...
चिल्लाना,Loading...
खलिहान,Barn
असमर्थ,unable
सहज,Loading...
गोल्फ़,Loading...
पीए,Loading...
खेतों,Loading...
योद्धाओं,Loading...
निराशाजनक,Loading...
तारीफ,Loading...
शिखर,Loading...
तुम्हीं,Loading...
संदर्भ,Loading...
प्रकट,Revealed
स्कोर,Loading...
राजाओं,Loading...
मुन्ना,Loading...
देखती,Loading...
रेंजर,Loading...
इजाज़त,Loading...
गिरि,Giri
समर्पण,Loading...
नैरोबी,Loading...
पहिया,Loading...
पाठ्यक्रम,Loading...
नहींं,Loading...
बढ़ा,Loading...
बुल,Loading...
टीयर,Loading...
सतह,Loading...
क्षतिग्रस्त,Loading...
कही,Loading...
तस्कर,Loading...
अनंत,Loading...
आपात,Loading...
स्थगित,Loading...
पैतृक,Loading...
फ्रे,Loading...
सबकी,Loading...
सुनेगे,Loading...
क्रम,Loading...
पापों,Loading...
ब्लैकमेल,Loading...
वस्तुओं,Loading...
थोड़े,Loading...
ऊंचाई,Loading...
भटक,Loading...
धत्त,Loading...
मंजूर,Loading...
विस्तृत,Loading...
नामुमकिन,Loading...
खरीदना,Loading...
सबका,Loading...
बंदा,Loading...
फारस,Loading...
कश,Loading...
प्रजा,Loading...
कहूँगा,Loading...
गंतव्य,Loading...
मुद्रा,Loading...
ढूंढ,Loading...
ब्रागा,Loading...
चकित,Loading...
फ्लू,Loading...
धार्मिक,Loading...
मार्टी,Loading...
ग्रेड,Loading...
पहुंचना,Loading...
पहुच,Loading...
फोर्स,Loading...
विदा,Loading...
सस्ता,Loading...
तोहफा,Loading...
स्टोन,Loading...
चुन,Loading...
संरक्षण,Loading...
काबू,Loading...
विशिष्ट,Loading...
मेजर,Loading...
लीडर,Loading...
करा,Loading...
मलबे,Loading...
रथ,Loading...
घाटी,Loading...
जेट,Loading...
टॉलेमी,Loading...
एल्फ़,Loading...
डालना,Loading...
अन्याय,Loading...
सको,Suck
परिचय,Loading...
घात,Loading...
फेंकने,Loading...
नौकर,Loading...
नाते,Loading...
बल्ला,Loading...
मारकर,Loading...
विपक्षी,Loading...
कीमती,Loading...
चमकदार,Loading...
निमंत्रण,Loading...
स्टोर,Loading...
अवश्य,Loading...
सिद्धांतों,principles
दिखेगा,Loading...
ढाल,Loading...
डेट,Loading...
डार्लिंग,Loading...
मशाल,Loading...
पालतू,Loading...
हार्बर,Loading...
जगाने,Loading...
एडिसन,Loading...
पड़ेगी,Loading...
दिलाता,helps
नीचा,Loading...
बल्लेबाजी,Loading...
जीप,Loading...
कॉम,Loading...
सुने,Loading...
हाथी,Loading...
सीखने,Loading...
बची,Loading...
तैरना,Loading...
दूंगी,Loading...
जासूसी,Loading...
हममें,Loading...
चीर,Loading...
तुममें,Loading...
परमिट,Loading...
बिताए,Loading...
मार्कर,Loading...
चादर,Loading...
मुफ्त,Loading...
बांध,Loading...
कथा,Loading...
दिखाएँ,Loading...
बेब,Loading...
ग्रस्त,Loading...
तोड़ने,Loading...
दूत,Loading...
आवेदन,Loading...
साउथ,Loading...
खोजो,Loading...
सील,Loading...
बैटरी,Loading...
खोपड़ी,Loading...
यहूदी,Jewish
क्रिप्टोनियन,Loading...
कर्ट,Loading...
पीढ़ियों,Loading...
विंस्टन,Loading...
निष्क्रिय,Loading...
महिलाएं,Loading...
बुलेट,Loading...
वंश,Loading...
मंत्र,Loading...
घरेलू,Loading...
सीमित,Loading...
छोटू,Loading...
आजकल,Loading...
डरने,Loading...
रिसाव,Loading...
स्पर्श,Loading...
हलचल,Loading...
रैली,Loading...
हिंदू,Loading...
हाटो,Loading...
ग्रीक,Loading...
भुगतना,suffer
बारटेंडर,Loading...
दुर्लभ,Loading...
पत्रिका,Loading...
नो,Loading...
दुर्भाग्यपूर्ण,Loading...
भूमिगत,Loading...
जिन्दगी,Loading...
मात्सु,Loading...
लीनी,Loading...
एम्बर,Loading...
बेड़ा,Loading...
ठंडी,Loading...
टेलीविजन,Loading...
फ़्यूरी,Loading...
उदयगढ,Loading...
प्रशंसकों,Loading...
वॉल,Loading...
एशियाई,Loading...
फाटक,Loading...
गिगल्स,Loading...
उर्दू,Urdu
आयेगी,Loading...
कहूंगा,Loading...
बेसमेंट,Loading...
ऑन,Loading...
तरफ़,Loading...
लाती,Loading...
थके,Loading...
द्वितीय,Second
बेसबॉल,Loading...
चूहा,Mice
मशीनों,Loading...
आश्रय,Shelter
टेक्सास,Loading...
विचलित,distracted
कोर्स,Loading...
हीरे,Loading...
आएंगे,Loading...
क्रीम,Loading...
हटाना,Loading...
कहकर,Loading...
मुड़ो,Loading...
ख़त्म,Loading...
मालिकों,Loading...
होलोवे,Loading...
जरूरतों,Loading...
नामित,Loading...
चालीस,Loading...
वर्णन,Loading...
पत्रकार,Loading...
किट,Loading...
शौक,Loading...
विपक्ष,Loading...
बल्ली,Bally
क़ब्ज़ा,Loading...
सैकंड,Loading...
गोरा,Loading...
विडो,Loading...
नैन्सी,Loading...
सियोल,Loading...
तीखी,Loading...
बुदबुदाते,Loading...
खिलवाड़,Loading...
डार्सी,Loading...
हेलीकाप्टर,Loading...
बनता,Loading...
मैरी,Loading...
डटकर,Loading...
सुंदरता,Loading...
शॉवर,shower
कमजोरी,Loading...
कुर्सी,Loading...
एसेक्स,Loading...
लिआ,Loading...
अवगत,Loading...
इनाम,reward
गिटार,Loading...
मौरीन,Loading...
नन्हा,Loading...
पसीना,Loading...
विकृत,Loading...
मीठी,Loading...
उप,Loading...
सूख,Loading...
दस्ताने,Loading...
चश्मा,Loading...
भेजे,Loading...
ट्रेस,Loading...
टूर,Loading...
प्रेत,Loading...
मिंक,Loading...
खरीदें,Loading...
लैम-लैम,Loading...
लड़ा,Loading...
प्रोत्साहित,encouraged
लौटे,Loading...
साक्षात्कार,Loading...
अच्,Loading...
लड़ाई,Loading...
पदों,Loading...
चेन,Loading...
निकास,Loading...
इटली,Loading...
डॉग,Loading...
यूसुफ,Loading...
इंटरनेट,Loading...
ब्लैंकार्ड,Loading...
तल,Loading...
पंद्रह,Loading...
प्रोजेक्ट,Loading...
फँस,Loading...
सज़ा,Loading...
बोनस,Loading...
लिंग,Loading...
घोंसले,Loading...
चलाई,drove
केस,Loading...
गुदगुदी,Loading...
फ़्रांसिस,Loading...
दादाजी,Loading...
गवाही,Loading...
लौटना,Loading...
बेवकूफ़,Loading...
हॉप,Loading...
बोबो,Loading...
क्रिप्टन,Loading...
लड़ेंगे,Loading...
मुखौटा,Loading...
संतुलन,Loading...
बैठेंगे,will sit
ऑफ़,Loading...
फाड़,Loading...
राजनीतिज्ञ,Loading...
उतरना,Loading...
समझाया,Loading...
फैसले,Loading...
सोफुस,Loading...
हैलोरन,Loading...
गुफा,Cave
किंग,Loading...
कौन-सा,Loading...
सुरंगों,Loading...
घटनाओं,Loading...
संन्जा,Loading...
लाजवाब,Loading...
चौकी,Loading...
संग्रह,Loading...
टैक्स,Loading...
धोबी,Loading...
समीकरण,equation
पैट्रोल,Loading...
पेंशन,Loading...
दुसरे,others
स्वार्थी,Selfish
मित्राविन्दा,Loading...
घेर,Loading...
शर्तों,Loading...
केविन,Loading...
पथ,Loading...
लेबल,Loading...
जीतना,Loading...
अन्ना,Loading...
गिरफ्तारी,Loading...
विशालकाय,Loading...
माने,Loading...
मोइरा,Loading...
स्वर्ण,Loading...
स्वच्छ,Loading...
रिपोर्टों,Loading...
नन्हें,Loading...
बराबरी,Loading...
कपड़ा,Loading...
कार्लोस,Carlos
क्षति,Loading...
कू,Koo
अनुक्रम,Loading...
फीर,then
मुर्गा,Loading...
डरपोक,Coward
मैक्सवेल,Loading...
गारंटी,Guarantee
सिएटल,Loading...
सैनटिनो,Loading...
पुनः,Loading...
ट्रिडेंट,Loading...
चिट्ठी,Loading...
मरो,Loading...
प्राणी,Loading...
करवाया,Loading...
आदेशों,Loading...
सांसद,Loading...
बजाए,Loading...
हताश,Loading...
छिपे,Loading...
पियो,Loading...
ओसवाल्ड,Loading...
हिला,Loading...
माउस,Mouse
इलेक्ट्रॉनिक,Loading...
अंतराल,interval
विश्वासघात,Loading...
वाक्य,Loading...
नल,Loading...
खेला,Loading...
अधीन,Loading...
कार्ल,Loading...
भारती,Loading...
मंगलवार,Loading...
गर्जन,Loading...
हं,Loading...
पेज,Loading...
रीक,Loading...
टूटता,Loading...
मांसपेशियों,Loading...
लगाए,Loading...
होमलैंड,Loading...
हान,Han
बेचता,Loading...
मूल्यों,Loading...
सड़,Loading...
फ्लोरिडा,Loading...
सीने,Loading...
लंच,Loading...
बीकन,Loading...
तिथि,Loading...
गुणवत्ता,Loading...
तले,Loading...
कमर,Loading...
ज़िप,Zip
ब्रूनो,Loading...
मैड्लिन,Loading...
रिले,Loading...
बिज़नेस,Loading...
रेलवे,Loading...
मूर्खतापूर्ण,Loading...
निर्यात,Loading...
लेखा,Loading...
रॉयल,Loading...
खरीदता,Loading...
नीति,Loading...
पागलों,Loading...
जुंग,Loading...
डालूँगा,Loading...
पते,Loading...
खलनायक,Loading...
बारूद,Loading...
मिया,Loading...
उदार,Loading...
बोर्डिंग,Loading...
रियो,Loading...
प्रसाद,Loading...
रिच्ची,Loading...
नाड़ी,Loading...
फंदा,Loading...
नीलामी,Loading...
ब्रिटेन,Loading...
सत्तारूढ़,Loading...
शिशु-आहार,Loading...
रिश्ते,Loading...
इन्हे,Loading...
निकालें,Loading...
ठिकाने,Loading...
आखरी,Loading...
संवेदनशील,Loading...
संकोच,Loading...
पैच,Loading...
पोलाची,Loading...
आतिशबाजी,Loading...
स्वीडिश,Loading...
सिंक,Loading...
चिप,Loading...
पड़े,Loading...
चांदी,Silver
कमा,Loading...
रूको,Wait
कसमें,Loading...
झलक,Loading...
बोर,Loading...
वेंक,Loading...
गौर,Loading...
चिह्न,Mark
पौंड,Loading...
दबाया,Loading...
आलसी,Loading...
हड्डियों,Loading...
डरता,Loading...
केरल,Loading...
ताजी,Loading...
क्रूगर,Loading...
सबलोग,Loading...
झुको,Loading...
गृह,Loading...
टिप,Loading...
लिखने,write
प्रेयसी,Loading...
लिटिल,Loading...
धारण,Loading...
तम्बू,Loading...
मेरिना,Loading...
बनाम,versus
औपचारिक,Loading...
जिन,Loading...
किरण,Loading...
निष्पक्ष,Loading...
चुकाने,Loading...
स्क्रीन,Loading...
फली,Loading...
यूनिट,unit
आतंक,Terror
फ़ू,Fu
बांड,Loading...
कुंग,Loading...
दोस्तो,Loading...
पोकर,Loading...
दुष्ट,Loading...
वाशिंगटन,Loading...
विदाई,Loading...
गतिविधियों,activities
स्टॉप,Loading...
छोड़ो,Loading...
तुमे,Loading...
सदा,Loading...
एलिय्याह,Loading...
दलों,Loading...
ग्रहण,Loading...
स्वीडन,Loading...
उच्चतम,Loading...
जिनके,Loading...
भोर,dawn
चिल्लाओ,Loading...
माफ़ी,Sorry
सकोगे,Loading...
विंडोज़,Windows
हेन्द्री,Loading...
उपग्रहों,Loading...
अंगूठे,Loading...
इमारतों,Loading...
नेटवर्क,Loading...
अफवाहें,Loading...
पछतावा,regret
पाउडर,Loading...
ईवा,Loading...
चिंगारी,Loading...
ब्रेंडन,Loading...
कमज़ोर,Loading...
वीजा,Loading...
मिनटों,Loading...
रिएक्टर,Loading...
क्षमताओं,Loading...
प्लेट,Loading...
मुंडो,Mundo
मेट्रो,Loading...
तड़प,Loading...
देवियो,Loading...
परिपक्व,Loading...
ज़ाहिर,Loading...
सुकन्या,Loading...
अधिकतर,Loading...
आयेगा,Loading...
खरीदारी,Loading...
रोबोट,robot
आंधी,Loading...
टास्क,Loading...
मोटर,Loading...
नशेड़ी,Loading...
शिक्षिका,Loading...
संकल्प,Loading...
आगजनी,Loading...
समुदायों,Loading...
बन्द,Loading...
अनुदान,Loading...
अनुसरण,Loading...
घूमते,wandering around
रखरखाव,Loading...
शैरोन,Loading...
स्वामी,Loading...
एल्डरमैन,Alderman
तेज़ी,Loading...
माधव,Loading...
शक्तियां,Loading...
साक्ष्य,Loading...
बैठी,Loading...
घड़ी,Loading...
जुड़ने,Loading...
परंतु,Loading...
किला,Loading...
दिखावा,Loading...
डिब्बे,Loading...
आँसुओं,Loading...
अपेक्षा,Loading...
भागा,Loading...
डालें,Loading...
तलाशी,Search
नगर,Loading...
गीता,Loading...
रसायन,Loading...
छवियों,images
प्रौद्योगिकी,Loading...
चारा,Loading...
लड़कों,Loading...
चूहों,Loading...
आदान-प्रदान,exchange
आत्माओं,Loading...
वक़्त,Loading...
तथा,Loading...
आमीन,Loading...
अनुभवी,Loading...
मल,Loading...
बताऊँगा,Loading...
गुंडे,Loading...
डीजीपी,Loading...
फोर्ब्स,Loading...
स्कैनर,Loading...
मौन,Loading...
शस्त्रागार,Loading...
गईं,Loading...
बर्फ़,Loading...
बचता,Loading...
नाकारा,Loading...
रैक्खम,Loading...
फ़िनर्टी,Loading...
ब्लॉग,Loading...
दीजिये,Loading...
परिपूर्ण,Loading...
संशोधित,Loading...
धुन,Loading...
उम्मीदें,Loading...
उठाना,Loading...
जाऊँगी,Loading...
गोद,Loading...
जन,people
यूट्यूब,YouTube
उपग्रह,Loading...
विल्सन,Loading...
सुलझा,Loading...
नि,Loading...
अनुवादक,Loading...
खुल,Loading...
उंगली,Loading...
विडंबना,Loading...
परित्याग,Loading...
दरवाज़े,doors
डैनियल,Loading...
अनावश्यक,Loading...
नाराज़,Loading...
लेना-देना,Loading...
आनुवंशिक,Loading...
सेक्रेटरी,Loading...
फ़िर,Loading...
कहोगे,Loading...
फुसफुसाते,Loading...
तेंदुए,Loading...
ईगल,Loading...
पूर्वज,Loading...
वर्षीय,year old
झंकार,Loading...
विनिमय,Loading...
पतलून,Loading...
बर्नार्ड,Loading...
निकासी,Loading...
मूल्यांकन,Loading...
दुबारा,Loading...
गड्ढे,Loading...
प्लान,Loading...
सेवानिवृत्ति,Loading...
केन,Loading...
कलम,Loading...
गाय,Loading...
श,Loading...
गायों,Loading...
सदन,Loading...
पत्ते,Loading...
ट्रैकिंग,Loading...
स्टॉर्मफ़्लाइ,Loading...
दुश्मनी,Loading...
अलगाव,Loading...
केंद्रीय,Loading...
टेड,Loading...
ब्रांडी,Loading...
अप्पु,Loading...
बताएगा,Loading...
झगड़ा,Loading...
फ्रांस,Loading...
उत्सर्जन,emissions
कील,Loading...
टेस्ट,Loading...
कैसीनो,Loading...
हल्के,Loading...
नकार,Loading...
क़ब्ज़े,Loading...
सादे,Loading...
मंदी,Loading...
लापरवाह,Loading...
इंजीनियर,Loading...
सीढ़ी,Loading...
गोलीबारी,firing
संगठित,Loading...
टॉल्जन,Loading...
ज्वालामुखी,Loading...
चाउ,Loading...
पैकिंग,Loading...
आत्म,Loading...
रोमन,Loading...
खोजा,Loading...
दीया,Loading...
लैस्ज़लो,Loading...
आईसीयू,Loading...
बिताना,Loading...
सकूँ,Loading...
बंधन,bond
आमलेट,Loading...
लौ,Loading...
नस्ल,Loading...
होश,Loading...
सकारात्मक,Loading...
लॉकडाउन,Loading...
कुकीज़,Loading...
आख़री,Loading...
तालिका,Table
याचना,Loading...
बाय,Loading...
आदर,Loading...
करेंगी,Loading...
सौदे,Loading...
गर्भ,Loading...
लगेगी,Loading...
ट्रांसमीटर,Loading...
पौराणिक,Loading...
गद्दे,Loading...
पतन,Loading...
हरेक,Loading...
मेले,Loading...
फटने,Loading...
पीटने,Loading...
इधर-उधर,Loading...
सोते,Loading...
ए.एल.एफ़.,Loading...
मिलनी,Loading...
देनी,Loading...
जलने,Loading...
पर्यटन,Loading...
स्टेंज़,Loading...
ईआर,Loading...
पुलिसकर्मी,Loading...
हैमिल्टन,Loading...
काठी,Loading...
बकरी,Loading...
कमाने,Loading...
कमर्शियल,Loading...
मैनेजर,Loading...
मंगेतर,Loading...
बढ़ी,Loading...
चुड़ैलों,Loading...
चाहोगी,Loading...
पड़ोसियों,Loading...
आसूचना,Loading...
फ़ॉर्म्यूला,Loading...
कराने,Loading...
पहुँचाने,Loading...
वुल्फ,Loading...
होऊँगा,Loading...
तीव्र,Loading...
पदक,Loading...
जवानी,Loading...
निरस्त,Loading...
सब्स,Loading...
गपशप,Loading...
कम्पास,Loading...
उत्साह,Loading...
कोयल,Loading...
अशुभ,ominous
परिपथ,Loading...
जुड़,Loading...
सांप,Loading...
कब्जे,Loading...
शुभारंभ,Loading...
गहराई,Loading...
लेके,Loading...
नरायमा,Loading...
पाउ,Loading...
उत्पाद,Loading...
भरना,Loading...
फासो,Loading...
बुर्किना,Burkina
छुट्टियों,Loading...
गम,Loading...
गोलार्द्ध,Loading...
मिलाने,Loading...
मरथा,Loading...
नरम,Loading...
सचेत,Loading...
कैप,Loading...
अलबामा,Alabama
वयस्क,Loading...
पड़ने,Loading...
अपवाद,Loading...
निवासियों,Loading...
अरस्तू,Loading...
सीन,Loading...
सिग्नल,Signal
विलाप,Loading...
दरवाज़े,Loading...
जेक,Loading...
पहियों,Loading...
शीर्षक,Topic
दिवालियापन,Loading...
खिला,Loading...
टब,Loading...
प्रशासन,Loading...
देशद्रोह,Loading...
करवा,Loading...
जानकर,Loading...
चुने,Loading...
काटना,Loading...
दरवाज़ा,gate
खनिक,Loading...
आत्मघाती,Loading...
विषयों,Loading...
बांसुरी,Loading...
दस्ते,Loading...
तानाशाह,Loading...
इनसे,Loading...
क्यूँ,Loading...
घोघा,Loading...
ओरिन,Loading...
तरक्की,Loading...
ब्लूज़,Loading...
अमर,Loading...
क्यूंकि,Loading...
जैक्सन,Loading...
नाकाम,Loading...
तुमें,Loading...
सेंटर,Loading...
रिकार्ड,Loading...
बहरहाल,Loading...
ढक्कन,Loading...
कैम,Loading...
भिखारी,Loading...
चीज़े,Loading...
आभार,Loading...
संबोधित,Loading...
अच्छाई,Loading...
कैंसर,Loading...
पर्ल,Loading...
स्कॉटी,Loading...
धमाका,Loading...
अग्रणी,Loading...
नर्क,Loading...
एग्जाम,Loading...
ढलाई,Loading...
आगमन,Loading...
पाएँगे,Loading...
पिशाच,Loading...
हँसी,Loading...
चोकर,Loading...
सोडा,Loading...
उत्पन्न,Loading...
तोड़,Loading...
बुजुर्ग,Loading...
बढ़ाने,Loading...
झूठी,False
फ़ोटो,Loading...
साहसिक,Loading...
बदलते,Loading...
तीनों,All three
कोण,Loading...
स्कडूश,Loading...
बनते,Loading...
घुटनों,Loading...
खिल,Loading...
छोडो,Loading...
कुइंतेरो,Loading...
धारीदार,Loading...
प्रेसिडेंट,Loading...
गोपनीय,Loading...
ट्विटर,Loading...
लड़ते,fighting
उजागर,exposed
मोरी,Loading...
कार्यकारी,Loading...
ठंडे,Loading...
हाइड्रो,Loading...
रोमांच,Loading...
लॉग,Loading...
जाऊंगी,Loading...
पहुंचा,Loading...
अ,Loading...
तस्करी,Loading...
बाल्टी,Loading...
माह,Loading...
कंघी,Loading...
कतार,Loading...
रोग,Loading...
घबरा,Loading...
रिश्ता,Loading...
प्रतिरोध,Loading...
विधि,Loading...
छोर,Loading...
फीट,Loading...
पहल,Loading...
आयशा,Ayesha
लार्स,Loading...
बस्ती,Loading...
लघु,Loading...
पढ़ाने,Loading...
मलेशिया,Loading...
त्रासदी,Loading...
माया,Loading...
शिफ्ट,Loading...
डोमिनिक,Loading...
टक्कर,Loading...
चैटर,Loading...
बकरा,Loading...
लीए,Loading...
जुदा,Loading...
तीर,Loading...
लोटस,Loading...
दहेज,Loading...
अक्षर,Loading...
टाइटन,Loading...
संग्रहालय,Loading...
भयंकर,Loading...
त्याग,Loading...
पटेल,Loading...
जूलिया,Loading...
मुस्कुरा,Loading...
फ्लैश,Loading...
बिगड़,Loading...
ब्रश,Loading...
संबंधों,Loading...
चेरी,Loading...
दुर्घटनाग्रस्त,Loading...
मुकाबले,Loading...
शॉशैंक,Loading...
उन्हे,them
चमगादड़,Bat
अधिकृत,Loading...
खुजली,Loading...
विराम,pause
स्पीयर,Loading...
पिंजरों,Loading...
पीले,Loading...
पढ़ता,Loading...
उतनी,Loading...
चाहेगा,Loading...
कुकी,Loading...
वाइट,Loading...
वाइन,Loading...
स्टूपिड,Loading...
सराय,Loading...
सहारा,Loading...
गुलजार,Loading...
एंडरसन,Loading...
छुरा,Loading...
फंड,Loading...
निकलता,Loading...
वेस्टास,Vestas
जगा,Loading...
बीच़,Loading...
चूड़ियाँ,Loading...
तारों,Loading...
करुँगा,Loading...
अभूतपूर्व,Loading...
कीट,Loading...
बंधकों,Loading...
अतिवादी,Loading...
मारोगे,Loading...
निष्ठा,Loading...
आदतों,Loading...
स्माइथ,Loading...
नेशनल,Loading...
सुखद,Loading...
मम-हम्म,Loading...
रत्न,Loading...
समापन,Loading...
खुलासा,Loading...
चकल्स,Loading...
जापान,Japan
निर्देशित,Loading...
जैवलिन,Loading...
भ्रष्ट,Loading...
लिखित,Loading...
ओवल,Loading...
मध्यम,Loading...
कोल्टन,Loading...
पटरियों,Loading...
पंखों,Loading...
बिल्ला,badge
मुकुट,Loading...
अपंग,Loading...
जोरदार,Loading...
जया,Loading...
फ़िल्म,Loading...
शीस्ट,Loading...
ज़रूरी,Loading...
झटके,Loading...
अटैची,Loading...
मॉम,Loading...
जांए,Loading...
नज़रें,Loading...
मज़ाकिया,Loading...
जिनमें,Loading...
विशेषता,Loading...
चुप्पी,Loading...
बहाने,Loading...
कसकर,Loading...
अप्रत्याशित,Loading...
दायरे,Realm
रिश्तेदार,Loading...
उल्टा,Loading...
प्रतिशोध,Loading...
केसाकिची,Loading...
फेजेलीन,Loading...
योग्यता,Loading...
गुजरती,Loading...
नोराड,Loading...
सफाया,Loading...
कोठरी,Loading...
आलोचना,Loading...
संयोजन,Loading...
राइफल,Loading...
दिखाते,Loading...
जब्त,Loading...
दाग,Loading...
फ्री,Loading...
भतीजी,Loading...
सुस्त,Loading...
केतली,Loading...
कयामत,Loading...
धार,edge
दस्तावेजों,Loading...
सिलसिले,Loading...
न्यायाधीश,Loading...
फिल्मों,Loading...
विवेक,Loading...
वर्ना,Loading...
शोषण,Loading...
क्विन,Loading...
रेंज,Loading...
मासिक,Loading...
चौथा,Loading...
हंगरी,Loading...
विषाक्त,Loading...
हांगकांग,Loading...
कैबिनेट,Loading...
राजमार्ग,Loading...
लौह,Loading...
निर्मित,Loading...
शॉर्टकट,Loading...
ओवन,Loading...
खाद,Loading...
मसूद,Loading...
वर्गीकृत,Loading...
प्रजातियों,Loading...
सीलास,Loading...
आइडिया,Loading...
श्मिट,Loading...
भेजी,Loading...
सैंजा,Loading...
अपोलो,Loading...
दशकों,Loading...
प्रतिबिंब,Loading...
लंगर,Loading...
नशा,Loading...
फारसी,Loading...
उत्तरजीवी,Loading...
खिलाने,Loading...
अयोग्य,Loading...
गॉड,Loading...
राजधानी,Loading...
संरेखण,Loading...
प्रवक्ता,Loading...
पीता,Loading...
लड़ाकू,Loading...
ओडिसी,Odissi
अफ्रीकी,Loading...
ईवनिंग,Loading...
सुपर-ग्लू,Loading...
दंगा,Loading...
ऐंबुलेंस,Loading...
हैक,Loading...
कोड़ा,Loading...
जाँघिया,Loading...
बंदी,Loading...
खेलें,Loading...
अनादर,Loading...
आइटम,Loading...
उत्कृष्ट,Loading...
शनि,Loading...
पहनी,Loading...
अभिवादन,Loading...
िक,Loading...
दोहन,Loading...
व्यवस्थित,Loading...
रहस्यों,Loading...
ग्रीम,Loading...
मृतकों,Loading...
मशीनरी,Loading...
दोहरे,Loading...
उफ़,Loading...
रिजर्व,Loading...
इकट्ठे,Loading...
स्टारबोर्ड,Loading...
परंपरा,Loading...
महंगी,Loading...
बड़ों,Loading...
गोल,Loading...
तबाही,Loading...
फ़ैसला,Loading...
बिजनेस,Loading...
एल्विस,Loading...
हॆ,Loading...
नोट्स,Loading...
संस्थान,Loading...
पदार्थों,Loading...
आय,Loading...
तंत्र,Mechanism
पड़ोस,Loading...
कैफे,Loading...
मुक्ति,Loading...
ऑपरेटर,Loading...
बेस्ट,Loading...
सिडनी,Loading...
कर्मियों,Loading...
प्रोमेथियस,Loading...
फ्रैनसीन,Loading...
कार्यालयों,Loading...
रीगन,Loading...
दिवालिया,Loading...
उलटी,Loading...
आनन्द,Loading...
चक,Loading...
जानें,Loading...
भूतपूर्व,Loading...
अवरोध,Loading...
चूसने,Loading...
रिज़,Loading...
धोखेबाज,Loading...
ऊनी,woolen
मिथकों,Loading...
टिक,Loading...
अलमारी,Loading...
थंडर,Loading...
शार्क,Loading...
व्यूह,array
आपस,mutually
मलयालम,Loading...
बार्न्स,Loading...
आयेंगे,Loading...
पायेंगे,will find
मकाई,Loading...
महत्वाकांक्षा,Loading...
मांगों,Loading...
बन्दूक,Loading...
मजदूरों,Loading...
डायपर,Loading...
हिलो,Loading...
नाह,Loading...
यहूदियों,Loading...
खटखटाया,Loading...
अनुशासन,Discipline
आजाद,Loading...
बाढ़,Loading...
सूजन,Swelling
जल्दबाजी,Loading...
ज़्यादातर,Loading...
बर्बादी,Loading...
अंततः,Loading...
गर्मियों,Loading...
सिग्ने,Loading...
बैंग्टा,Loading...
गुमनाम,Loading...
अभिभावक,Loading...
क्लोनिंग,Loading...
वितरण,Loading...
भौंकने,Loading...
जज,Loading...
कम्पनी,Loading...
ओपन,Loading...
स्कूटर,Loading...
उद्धार,salvation
मुड़,Loading...
दंत,Loading...
शोध,Loading...
नज़रों,Loading...
सहेल,Loading...
जरुर,Loading...
वर्षा,Loading...
बचाकर,Loading...
मंगल,Loading...
यक़ीन,Loading...
टोक्यो,Loading...
जिसमे,Loading...
बट,Loading...
टॉमेलिला,Loading...
एलिजा,Loading...
वहीँ,Loading...
बैनर,Loading...
कराना,Loading...
सूखी,Loading...
पुनर्विचार,Loading...
बसने,settlers
फ़ायदा,Loading...
शांतिपूर्ण,Loading...
अस्थमा,Loading...
बाएँ,Loading...
हावी,Loading...
फ्लिप,Flip
पटाखे,Loading...
सुनेगा,Loading...
थूक,Loading...
संतुष्ट,Loading...
लड़े,Loading...
लीग,Loading...
जलाया,Loading...
चोंच,Loading...
जेफरसन,Loading...
कार्यवाहक,Loading...
ठोकर,Loading...
सितारे,Stars
नफ़रत,Loading...
डेविस,Loading...
संस्करण,Loading...
कैंप,Loading...
मेजबान,Loading...
छोड,Loading...
इंकार,Loading...
लाइव,Loading...
महत्वाकांक्षी,Loading...
आदिवासी,Loading...
पसीने,Loading...
लॉकर,Loading...
भुना,Loading...
पराजित,Loading...
जेनिस,Loading...
बंगलुरू,Loading...
निर्वासित,Loading...
घूमना,Loading...
फैंसी,Loading...
लगाई,Loading...
दोस्ताना,Loading...
कोक,Loading...
दिनांक,Loading...
निम्न,Loading...
उपद्रव,Loading...
बढ़ते,Mounting
स्टेसी,Loading...
भलाई,Loading...
जीतेगा,Loading...
बलात्कारी,Loading...
संगत,Loading...
मोर्टेन,Loading...
माफिया,Mafia
स्कियारा,Loading...
हटने,Loading...
बाइबिल,Loading...
जबरदस्त,Loading...
प्रकरण,Loading...
चचाजान,Loading...
महीना,Loading...
बरसात,Loading...
हिलाना,Loading...
मृतक,Loading...
बसे,Loading...
रहस्यमय,Loading...
तकलीफ,Loading...
गोश्त,Loading...
जूस,juice
बूथ,Loading...
नरमी,softness
लोकप्रिय,Loading...
ब्राह्मण,Brahmin
पारी,Loading...
बढ़ावा,Loading...
साइकिलों,Loading...
महाद्वीपीय,Loading...
शस्त्र,weapons
उतरा,Loading...
तान्या,Loading...
कश्मीर,Loading...
कार्लाइल,Loading...
प्राथमिकता,Loading...
गीली,Loading...
आरामदायक,Loading...
तारे,Loading...
गलियारे,Loading...
कबीले,Loading...
पर्यटक,Loading...
उपचुनाव,Loading...
काकी,Loading...
डालकर,Loading...
दबाने,Loading...
सफर,Loading...
अनिवार्य,Loading...
हनीमून,Loading...
संभोग,Loading...
रास्तों,Loading...
कीमतों,Loading...
हवाओं,Loading...
शान्ति,Loading...
हारने,Loading...
मानवीय,Loading...
जॉर्ज,Loading...
हिप्पी,Loading...
चयनित,Loading...
मानती,Loading...
पहचाना,Loading...
ज़ोर,Loading...
निर्वहन,Loading...
टुकड़ा,Piece
पहनें,wear
दफनाने,Loading...
तीर्थ,Loading...
उपवास,Loading...
परहेज,Loading...
वादे,Loading...
पंचर,Loading...
प्लग,Loading...
केके,KK
खनिज,Loading...
त्रुटि,Loading...
किसको,Loading...
गट्ठर,Loading...
बरकरार,Loading...
फास्ट,Fast
लाइट,Loading...
कूदो,Loading...
अव्वल,Loading...
संभाला,Loading...
वाहक,Loading...
धीरे-धीरे,gradually
कॉमरेड,Loading...
यासीन,Loading...
कैसर,Loading...
बिन,Loading...
कमाई,earnings
कुरान,Loading...
माली,Loading...
वोटिंग,Loading...
मरती,Loading...
थिएटर,Loading...
बिल्लियों,cats
मंकी,Loading...
चाहिएँ,Loading...
यहोवा,Loading...
रखकर,Loading...
ख़याल,Loading...
मरेंगे,Loading...
धन्य,Loading...
बेरहमी,brutality
डब्ल्यूएचओ,Loading...
विला,Loading...
पहनो,Loading...
बोरिंग,Loading...
मर्सिडीज,Mercedes
हस्तमैथुन,Loading...
गोला,Loading...
शरारती,Loading...
व्यवसायी,Loading...
काँच,Loading...
लैस,Loading...
डेटाबेस,Loading...
बॉर्डर,Loading...
कूल्हे,Loading...
जादा,Loading...
बाज़ार,Loading...
माताओं,Loading...
महफ़ूज़,Loading...
मॉल,Loading...
बेवकूफी,Loading...
खड़ी,Loading...
करवाने,Loading...
फालतू,Loading...
फ़ैरल,Loading...
रखेगा,Loading...
मुसलमान,Loading...
लियोनार्ड,Loading...
अमेरिकियों,Loading...
खिड़कियों,Loading...
पार्किंग,Parking
तत्व,Loading...
नियति,Loading...
चिंताओं,Loading...
चम्मच,Loading...
अफ़ेयर,Loading...
ख़ास,Loading...
जेड,Loading...
हर्ले,Loading...
आरोपों,allegations
विष,Loading...
ब्लडविस्ट,Loading...
गुट,Loading...
थायराइड,Loading...
फ़ायदा,advantage
वैल,Loading...
यानि,Loading...
कमल,Loading...
हुकुम,Loading...
कांग्रेस,Loading...
उठता,Loading...
बे,Loading...
गेराज,Loading...
बहूत,Loading...
उम्म,Loading...
रणदेव,Loading...
चीज़ों,Loading...
पेंटागन,Loading...
जेसी,Loading...
पार्टियों,Loading...
फ़िक्र,Loading...
पलट,Loading...
हताहत,Loading...
सांभर,Loading...
थर्मल,Loading...
भावनात्मक,Loading...
ढूँढो,Loading...
पूर्वजों,Loading...
मसीहा,Loading...
वाल्शी,Walshy
लंड,Loading...
अपील,Loading...
सदियों,Loading...
नली,Loading...
पिछवाड़े,Loading...
पब,Loading...
सूर्यास्त,Loading...
बुक,Loading...
रोज़,Loading...
अपराधों,Loading...
दफ्तर,Loading...
कनाडा,Canada
हनुमान,Loading...
चीखना,Loading...
कुचलने,crush
फ़ुट,Loading...
बनाएँ,Loading...
औसत,Loading...
जाइये,Loading...
नये,Loading...
विविधता,Loading...
दुरुपयोग,Loading...
डकैती,Loading...
ग्रेवी,Loading...
रडार,Loading...
आस,Loading...
बिक,Loading...
रिसेप्शनिस्ट,Loading...
अतिक्रमण,Loading...
सायन,Loading...
महासागर,Loading...
लूटने,to rob
चक्र,cycle
प्लस,Loading...
ग़लती,Loading...
राजद्रोह,Loading...
गिन,Loading...
निगल,Loading...
कमांडो,Loading...
रेप,Loading...
पहुँचना,Loading...
उपजाऊ,Loading...
रहीम,Loading...
एसिड,Loading...
नस,Loading...
अहंकारी,Loading...
रहोगी,Loading...
लहरों,Loading...
चींटी--thony,Loading...
डेनवर,Loading...
जितने,Loading...
इन्द्रधनुष,Loading...
एक्सेस,Loading...
लोगी,Loading...
रेंजरों,Loading...
सीमाओं,Loading...
पिल्स,Loading...
जेस,Loading...
कठिनाइयों,Loading...
उत्तीर्ण,Loading...
घूमता,Loading...
पुरस्कृत,Loading...
कुक,Cook
निचे,Loading...
चूसना,Loading...
एएच,AH
फेफड़ों,Loading...
ख़त्म,Loading...
जोड़ा,Loading...
इको,Loading...
पाई,Loading...
परंपराओं,Loading...
नमूना,Sample
निर्देशों,Loading...
टांके,Loading...
मूक,Loading...
मूल्यवान,Loading...
इरादे,Loading...
मजे,Loading...
डिटेक्टिव,Loading...
ज़िक्र,Loading...
कंधा,Loading...
एलिवेटर,Loading...
हाइ,Loading...
गियर,Loading...
स्वामित्व,Loading...
रोता,Loading...
हिंदी,Loading...
फ्रांसिस्को,Loading...
जेना,Loading...
संसाधन,Loading...
ढूँढ,find
यंत्रों,Loading...
ब्लड,Loading...
प्रदूषण,Loading...
ब्ला,Loading...
मानवजाती,Loading...
परिक्रमा,Loading...
कोलोराडो,Loading...
जुअनितो,Loading...
वीओ,Loading...
कब्ज़ा,Loading...
कगार,Loading...
याददाश्त,Loading...
मगर,Loading...
स्वर,Loading...
रिच,Loading...
बडा,Loading...
ओवरराइड,Loading...
ख़तरे,Loading...
बताये,Loading...
चाहा,Loading...
एलियंस,Loading...
गौरैया,Loading...
विनती,Loading...
क्रूरता,Loading...
ज़मीन,Loading...
प्रतिबंधित,Loading...
क्लाइड,Loading...
प्रतीत,Loading...
नज़दीक,Loading...
बमबारी,Loading...
फ्लोयड,Loading...
वॉल्श,Loading...
स्नो-कैट,Loading...
झेल,Loading...
अटकलें,Loading...
सिफ़ारिश,Loading...
मुखौटे,Loading...
पन्डु,Loading...
आपातकाल,Loading...
नं,Loading...
टकराए,Loading...
रोकता,Loading...
िविग्गन,Loading...
लक्षित,Loading...
रिलीज,Loading...
पैसों,Loading...
तमाशा,Loading...
सुनहरा,Loading...
संस्था,Loading...
फ़्लोर,Loading...
बोल्ट,Loading...
बरसों,Loading...
मल्होत्रा,Loading...
लालच,Loading...
किक,Loading...
ज़िंदादिल,Loading...
निकाले,Loading...
दोगुना,Loading...
जुर्माना,Loading...
स्पेस,Loading...
खुदा,Loading...
रिपब्लिक,Loading...
धमाकेदार,Loading...
नंगे,Loading...
उपकरणों,Loading...
वर्महोल,Loading...
वादी,Loading...
दवाई,Loading...
कटोरी,Loading...
नूडल्स,Loading...
कुख्यात,Loading...
मेहमानों,Loading...
वाहनों,Loading...
गाती,Loading...
असहाय,Loading...
क्वांटम,Loading...
बोरी,Loading...
पिकनिक,Loading...
बहने,Loading...
भौतिक,Loading...
मोहित,Loading...
पहुँचेंगे,Loading...
गुड़,Loading...
सीवर,Loading...
लिटल,Little
यंत्र,Loading...
रंजीत,Loading...
एकसाथ,Loading...
डी.सी.,Loading...
फ़्रांसिस्को,Loading...
क्लाउस,Loading...
ब्रदर,Loading...
गॉबर,dung
ठेठ,Loading...
आदि,Loading...
गुलाबी,Loading...
निवेशकों,Loading...
संरचना,Loading...
पीली,Loading...
धारावी,Dharavi
नमूने,Loading...
कूल,Loading...
मज़ेदार,Loading...
दर्शन,Loading...
नियामक,Loading...
दा,Loading...
बुधवार,Loading...
शर्मनाक,Loading...
ऑमलेट,Loading...
परिणामों,Loading...
सिस्टर-इन-लॉ,Loading...
छोड़ते,Loading...
माथे,Loading...
डीवीडी,Loading...
पाली,Loading...
प्रभार,Loading...
संगठनों,Loading...
मांगनी,beggar
मौंके,Loading...
अनुरक्षण,Loading...
अहंकार,Loading...
चुनें,Loading...
कहानियाँ,Loading...
तैनाती,Loading...
चीज़ों,Loading...
पंगा,Trouble
सुइट,Suite
समन्दर,Loading...
गुणा,Loading...
मेंढक,Loading...
क्रीक,Loading...
दीन,Loading...
ट्रॉय,Loading...
रजिस्ट्रार,Loading...
ओलिंप,Loading...
अनुमोदन,Approval
रिसोर्ट,Loading...
कबाड़,Loading...
उन्नत,Loading...
ग्लास,Loading...
जुड़वाँ,Loading...
हैकर,hacker
विभाजन,Loading...
आग्रह,Loading...
चौंका,shocked
मकसद,Loading...
शिकायतें,Loading...
जंजीरों,Loading...
सुनहरे,Loading...
मिनी,Loading...
गुंडों,Loading...
ताली,Loading...
डे,Loading...
नानी,Loading...
बताऊँ,Loading...
निदान,Loading...
मौखिक,oral
खुशखबरी,Loading...
कॉलोनी,Loading...
डायरी,Loading...
आमने,Loading...
टाइसन,Loading...
मेज़र,Loading...
सदस्यता,Loading...
पड़ती,Loading...
उमर,Loading...
सजी,Loading...
व्यक्तियों,Loading...
नसों,Loading...
संचालित,Loading...
लिखते,writes
अरबों,Loading...
तब्दील,Loading...
पासवर्ड,Loading...
रिग,Rig
जैव,Loading...
ओये,Loading...
मुरली,Loading...
कैडिलैक,Loading...
निधि,Loading...
सेनानियों,Loading...
कूदना,Loading...
मांसपेशी,Loading...
पुन,Loading...
असर,Loading...
सविता,Loading...
आँगन,Loading...
ऐस्ट्रिड,Loading...
छोड़ेंगे,Loading...
अमाने,Loading...
लौटा,Loading...
नम्रता,Humility
ढूँढने,Loading...
गाया,Loading...
सब्जियों,Loading...
स्क्वायर,Loading...
लाश,Loading...
सब्जियां,Loading...
सड़क,Loading...
बरामद,Loading...
पतवार,Loading...
लाएगा,Loading...
अनमोल,Loading...
उम्मीदवारों,Loading...
रखूँगा,Loading...
नौसिखिए,Loading...
गश्ती,patrol
झुकना,Loading...
कागजी,papery
भरें,Loading...
बुलाता,calls
स्कैन,Loading...
मस्त,Loading...
व्याख्यान,Loading...
बेस,Loading...
ऑफ़िसर,Loading...
ताज़ा,Loading...
चचेरा,Loading...
दिखे,Loading...
यारो,Loading...
स्पाइडर,Loading...
सैक्स,Loading...
सीटों,seats
पराक्रमी,Loading...
सकूँगा,Loading...
निकट,Loading...
सोचकर,Loading...
पाएगा,Loading...
गोपनीयता,Privacy
शुभकामनाएं,Loading...
बढ़ती,Loading...
आवेक्षण,Loading...
मौजूदा,Loading...
ट्यूब,Loading...
ढोने,Loading...
प्रवचन,Loading...
डिस्पैचर,Loading...
गाली,Loading...
हराने,Loading...
विलुप्त,Loading...
भांग,cannabis
पवित्रता,Purity
झगड़े,Loading...
नशीली,Loading...
डेनमार्क,Loading...
प्रकाशन,Publications
मुड़ना,Loading...
मैग्नीशियम,Magnesium
निन्जा,Loading...
नासरत,Loading...
सभ्यता,Loading...
पपीज़,Loading...
ब्रदर्स,Loading...
बाबा,Loading...
सुनिए,Loading...
बोले,Loading...
अरशद,Loading...
परिस्थिति,Loading...
रजिस्टर,Loading...
परामर्शदाता,Loading...
चुहमूंहे,Loading...
जिहादी,Loading...
चीजे,Loading...
अल्बानियाई,Loading...
पतला,Loading...
यादृच्छिक,Loading...
ईसियाह,Loading...
डीजल,Loading...
खंडहर,Loading...
सतर्क,Loading...
साथ-साथ,Loading...
स्टेन,Loading...
पसलियों,ribs
मेरिआनि,Loading...
गौरव,Pride
नजरअंदाज,Loading...
नींव,Loading...
मिरांडा,Loading...
बाइबल,Loading...
लटक,Loading...
टिमोथी,Loading...
उपभोक्ता,Loading...
राष्ट्रों,Loading...
कर्तव्यों,Loading...
बीएमडब्ल्यू,Loading...
बेंच,Loading...
एक्ट,Loading...
अद्यतन,Loading...
आरती,Loading...
हिरासत,Loading...
गेहूं,Wheat
दौड़ो,Loading...
पहचानते,Loading...
एलिस,Loading...
चिकनी,Loading...
मस्ती,Loading...
एवेन्यू,Loading...
योगदान,Loading...
डोरिस,Loading...
उठाए,Loading...
ओरेकल,Loading...
सिल्वर,Loading...
बिताने,Loading...
टीचर,Loading...
परामर्श,Loading...
छिपाना,Loading...
लगाव,Loading...
बादलों,Loading...
मात्र,Loading...
बड़बड़ा,Loading...
पोते,Loading...
झुकाव,Loading...
सीखते,Loading...
खोजें,Loading...
दरगाह,Loading...
क्रेन,Loading...
कीजिएगा,Loading...
तस्वीरों,Loading...
दाखिल,Loading...
प्रकाशित,Loading...
कूच,Loading...
झोपड़ी,Loading...
दाएं,Loading...
लेगी,Loading...
पल्स,Loading...
जूतों,Loading...
ऊंचे,Loading...
पेरी,Loading...
पलक,Loading...
स्ट्रेचर,Loading...
वॉन,Loading...
आवास,Loading...
केले,Loading...
पाइ,Loading...
निर्णायक,Loading...
युवक,Loading...
वेगस,Loading...
केवट,Loading...
साइरस,Loading...
मारविन,Loading...
पहलू,Loading...
हांफी,Loading...
चिमनी,Loading...
सम्मानजनक,Loading...
नाश,Loading...
निंदा,Loading...
तुच्छ,Loading...
मोटे,Loading...
हैकिंग,Loading...
करूँगी,Loading...
विल,Loading...
शत्रु,Loading...
भेजता,Loading...
छि,Loading...
आंका,Loading...
भूलने,Loading...
शास्त्रीय,Loading...
यौगिक,compound
पूंछ,Loading...
पोत,Loading...
लूँ,Loading...
फ़िट्ज़पैट्रिक,Loading...
फायरब्रिगेड,fire brigade
सौंप,Loading...
स्पीड,Loading...
प्रक्षेपण,Loading...
ख़ुद,Loading...
बोरबॉन,bourbon
बाँस,Loading...
प्रेषण,Loading...
पाउन्ड,Loading...
फ़िल,Phil
पाउला,Loading...
भाप,Loading...
रूथ,Loading...
प्ले,Loading...
बल्ले,Loading...
नन्हे,Loading...
पाकिस्तानी,Loading...
गब्बर,Loading...
बर्बर,Loading...
करेन,Loading...
आपरेशन,Loading...
रेसिंग,Racing
सेलफोन,Loading...
हकीकत,Loading...
खामोश,Loading...
अयोध्या,Loading...
धनुर्धारियों,Loading...
जापानी,Loading...
पुनर्जन्म,Loading...
स्पीयर्स,Loading...
छाल,Loading...
चुनना,Loading...
बचाते,Loading...
झूले,Loading...
अल्बर्ट,Albert
एसडीआई,Loading...
हेड,Loading...
सकी,Loading...
कालभैरवा,Loading...
पर्दे,Loading...
महानगर,Loading...
जल्लाद,Loading...
प्रतिनिधित्व,Loading...
डीलर,Loading...
वौ,Loading...
वैस्ट,Loading...
मज़े,Loading...
पर्दा,Loading...
मरता,Loading...
मध्यपूर्व,Loading...
अध्यक्षता,Loading...
रोचक,Interesting
मेकअप,Loading...
चुंबकीय,Loading...
गिरना,Loading...
ज़मीन,Loading...
सीनेट,Loading...
लौटें,Loading...
जीतता,Loading...
गड़बड़,Loading...
इश्वर,Loading...
ज्योति,Flame
नाश्ते,Loading...
तथ्यों,Loading...
दरवाजों,Loading...
न्यूनतम,Loading...
कपड़ों,Loading...
ढूँढ़ना,to search
वें,Loading...
अबतक,Loading...
ज़ाहिर,obvious
भाव,Loading...
आड़ू,Loading...
साबुन,Loading...
ख़ुद,myself
सिखाना,Loading...
आउट,Loading...
पड़ी,Loading...
घमंडी,Loading...
अधूरी,Loading...
निवासी,Loading...
छा,student
नाच,Loading...
अनुस्मारक,Loading...
कैदियों,Loading...
काबिल,Loading...
आर्घ,Loading...
कारें,Loading...
घेरा,Loading...
अमोनिया,Loading...
जाऊ,Loading...
स्कीनी,Loading...
बुश,Loading...
फोरमैन,Loading...
टिप्पणी,Loading...
एमबीए,Loading...
चुकाया,Loading...
डिलीवरी,Loading...
रिकॉर्डिंग,Loading...
मैकेनिक,Loading...
नामकरण,Loading...
किस्त,Loading...
बजना,Loading...
श्रीलंका,Loading...
किये,Loading...
इसमे,Loading...
बिता,Loading...
दृढ़,Strong
ऑडियो,Loading...
बहनें,Loading...
फोकस,Loading...
बताइए,Loading...
संक्षिप्त,Loading...
बहुत-बहुत,Loading...
पिघल,Loading...
अस्तर,Loading...
तैरता,Loading...
यू.एन.,Loading...
एक-एक,Loading...
लगाते,Loading...
सुदूर,Loading...
सेबस्टियन,Loading...
रिबका,Loading...
मोर्स,Loading...
शैतानों,Loading...
गर्ल,Loading...
अलग-अलग,Loading...
उर्फ,Loading...
गुच्छी,Loading...
टेरेसा,Teresa
करों,Loading...
अनुशासित,Loading...
वैश्विक,Loading...
निष्कर्ष,Loading...
मूवी,Loading...
हफ़्ते,Loading...
फर्जी,Loading...
बचाता,Loading...
गीजर,Loading...
सीबी,Loading...
शबाश,Well done
छुपाने,Loading...
तथाकथित,Loading...
मारेगा,Loading...
ढूढ़,Loading...
काटो,Loading...
लिबरेशन,Loading...
शाफ्ट,shaft
शीशे,Loading...
विद्रोह,Loading...
एडम,Loading...
कामों,Loading...
त्रिकोण,Loading...
जेकब,Loading...
हिलेगा,Loading...
भंडार,Loading...
टिकी,Loading...
गर्क,Loading...
अध्याय,Loading...
बिछाने,Loading...
शिट,Loading...
तकनीशियन,Loading...
सज्जन,Loading...
शहरी,Loading...
भेजते,Loading...
पोर्क,Loading...
शाहपुर,Loading...
इंडियन,Loading...
वसा,Loading...
पुस्तकें,Loading...
नोक,Loading...
सेठ,Loading...
हथौड़ा,Loading...
शोभा,Loading...
व्यावसायिक,Loading...
असभ्य,Loading...
स्टूडियो,Loading...
सामुराई,Loading...
लाकर,Loading...
खिलाफ़,Loading...
भागे,Loading...
चिल्लाते,Loading...
हेक्टर,Loading...
साली,Loading...
हिप,Loading...
शक्तियों,Loading...
दिनचर्या,daily routine
टाइलर,Tyler
आटो,Loading...
डबल-0,Loading...
लीरा,Loading...
अब्बू,Loading...
तमिज्ह,Loading...
लम्बी,Loading...
हँसते,Loading...
पढ़ें,Loading...
थैंक्स,Loading...
हीटर,Loading...
करी,Loading...
डालोगे,Loading...
स्वेच्छा,Loading...
ताहेर,Loading...
मार्कस,Loading...
समूहों,Loading...
सौर,Loading...
घेराबंदी,Loading...
भूतकाल,Loading...
दुकानों,Loading...
काफिले,Loading...
करुगा,Loading...
किले,Loading...
एकत्रित,Loading...
घटक,Loading...
खोजेंगे,Loading...
उतरने,Loading...
पूजन,Loading...
पोस्टिंग,Loading...
पहुंचाया,Loading...
वीर,Loading...
मरी,Loading...
कर्ण,Loading...
सम्पत्ति,Loading...
जायदाद,Loading...
बढिया,Loading...
बाड़,Loading...
बांये,Loading...
गुंशे,Loading...
सकूं,Loading...
उलटा,Loading...
प्रेमियों,lovers
मजाकिया,Loading...
रखनी,Loading...
लाद,Loading...
ओल्गा,Loading...
mmm-हम्म,Loading...
रोलर,Loading...
कमाया,Loading...
सुनोगे,Loading...
बुढ़ापे,Loading...
रोवर,Loading...
मग,Loading...
सिरदर्द,Loading...
कमाता,Loading...
फंसाया,Loading...
बेचकर,Loading...
स्ट्रिंग,Loading...
पत्नियाँ,Loading...
फ्रिईस,Loading...
तबियत,Loading...
अफवाह,Loading...
रेड्डी,Loading...
सीरियल,Loading...
आंगन,Loading...
पिया,drank
दिखाती,shows
जुगनू,Loading...
यिर्मयाह,Loading...
बनेगा,will form
नौकरियों,jobs
उद्धारकर्ता,Savior
पहुंचो,Loading...
बजट,Loading...
हेर्र,Loading...
निल्स,Loading...
मिलन,Loading...
कृत्रिम,Loading...
स्ट्रॉबेरी,Loading...
खरीदी,Loading...
दिखाएं,Loading...
जाउंगी,Loading...
हरामी,Loading...
कमिटिड,Loading...
व्याख्या,Loading...
मम्मा,Mama
उन्हीं,Loading...
चोटी,Loading...
सुनें,Loading...
ममम,Loading...
दीवारें,Loading...
सुविधाओं,Loading...
मक्खियों,Loading...
मैसूर,Loading...
कंजूस,Loading...
इंजिन,Loading...
हिटमैन,Loading...
रूड,Loading...
भिनभिना,Loading...
वेशभूषा,Loading...
चढ़ो,climb
बुद्धिमानी,Loading...
स्लेट,Loading...
आजा,Loading...
रसोइया,Loading...
बीन्स,Loading...
चप्पू,Loading...
चूमो,Loading...
पत्रों,Loading...
थोडी,Loading...
करुणा,Loading...
क्रूज,Loading...
चरम,Loading...
सार,Loading...
किराये,Loading...
इनका,Loading...
बास्किन,Loading...
बदमाशों,Loading...
नायकों,Loading...
फ्रिज,Loading...
पकाना,Loading...
नोटबुक,Loading...
अतुल्य,Loading...
सुर्खियों,headlines
मिलर,Loading...
वाना,Loading...
स्वयंसेवक,Loading...
बहुमत,Loading...
कद्दू,Loading...
पर्चे,Loading...
वॉल्ट,Loading...
रोशन,Loading...
टूर्नामेंट,Loading...
रॉबिन्स,Loading...
झंडे,Loading...
पीपुल्स,Loading...
डरावनी,Loading...
हस्तांतरण,Loading...
तितली,Loading...
मैचों,matches
व्हीलचेयर,Loading...
आवाजें,Loading...
अकादमी,Loading...
स्पार्क्स,Loading...
एजेंटों,Loading...
लुप्त,Loading...
सामरिक,Loading...
सीनेटर,Loading...
बारूदी,Loading...
असफलता,Loading...
जवानों,Loading...
जाकारी,information
गर्भपात,Loading...
उकसाया,Loading...
पेनकेक्स,Loading...
असहज,Loading...
ड्रैगन-स्वामी,Loading...
ऐश,Loading...
शुरुआती,Loading...
प्याज,Onion
दफनाया,Loading...
गैरकानूनी,Loading...
समुराई,Loading...
उत्पादों,Loading...
अनुवादित,Loading...
संपूर्ण,Loading...
संकीर्ण,Loading...
प्रमाण,Proof
अंग्रेज,Loading...
पकाया,cooked
शैतानी,Loading...
कातिल,Loading...
किंग्स,Loading...
फ्यूज,Loading...
विद्यालय,Loading...
समन्वय,Loading...
बैठकों,Loading...
काल्पनिक,Loading...
लय,Loading...
जिम्मेदारियों,Responsibilities
मिनिट,Loading...
ओहियो,Loading...
कार्यों,Loading...
अंगुली,Loading...
निषेधाज्ञा,Loading...
सफ़ाई,cleaning
मोमबत्तियाँ,Loading...
पूर्वानुमान,Loading...
सूचीबद्ध,Loading...
गोल्डमैन,Loading...
पत्ती,leaf
गाँठ,Loading...
विजयी,Loading...
खींचा,Loading...
पत्ता,Loading...
वेश्यांए,Loading...
गिलहरी,Loading...
स्ट्रोक,Loading...
हितों,Loading...
अवशोषित,Loading...
परत,layer
धीमे,Loading...
गांधी,Loading...
बताएं,Tell
वध,Loading...
संस्थापक,Loading...
योंकि,Loading...
बच्,Loading...
छूआ,Loading...
उम्मीदों,Loading...
मौजूदगी,Loading...
मात,Loading...
गणित,Loading...
जिनसे,Loading...
कान्सास,Loading...
कानों,ears
महानता,Loading...
निडर,Loading...
बैरल,Loading...
ड्रैगनों,Loading...
सफ़ेद,Loading...
करोड़पति,Loading...
बूट,Loading...
पर्वतों,Loading...
तिमाहियों,Loading...
बहू,Loading...
गाता,Loading...
गंवा,Loading...
मीटलग,Loading...
अपशिष्ट,Loading...
साहसी,Loading...
निचले,Loading...
क्षतिपूर्ति,Loading...
स्विमिंग,Loading...
आएँ,Loading...
चिह्नित,Loading...
टा,Loading...
ड्रैगन-सवार,Loading...
पैक्सटन,Loading...
अंग्रेज़ी,Loading...
त,Loading...
फीका,fade
बदलेगा,Loading...
फायर,Loading...
सीटें,Loading...
चिट,Loading...
चंगुल,Loading...
जालसाजी,Loading...
सिसकना,sobbing
आजादी,Loading...
सुनाया,Loading...
लपेट,Loading...
चैट,Loading...
तोड़कर,Loading...
बजाने,Loading...
आशेर,Loading...
रुथ,Loading...
डेल,Loading...
सीसा,Loading...
निश्चय,Loading...
जूता,Loading...
अमन,Loading...
दुर्घटनाओं,Loading...
आइस,Ice
नापसंद,Loading...
रसायनों,Loading...
लैपटॉप,laptop
केन्द्र,Loading...
ख़ास,Loading...
काढ़,Loading...
ट्रिस्टम,Loading...
पीओ,Loading...
पौष्टिक,nutritious
मदहोश,Loading...
दंड,Loading...
नोटों,Loading...
लिखे,Loading...
नींबू,Loading...
जिनकी,Loading...
धूमकेतु,Loading...
टैग,Loading...
सुनती,Loading...
ठहराया,Loading...
रामप्रसाद,Loading...
मुश्किलों,Loading...
अंतरीक्ष,Loading...
टच,Loading...
kk-मिक्स,Loading...
टेक-49,Loading...
ट्रांसपोंडर,Loading...
बेटियों,Loading...
ठाक,ok
नैतिक,Loading...
मैला,Loading...
फैलता,Loading...
वेटिंग,Loading...
रोमांस,Romance
जॉब,Loading...
मलिक,Loading...
दीखाई,Loading...
रहमान,Loading...
फायरिंग,Loading...
तरल,Loading...
तूफ़ान,Loading...
फर्नीचर,Loading...
प्रस्तुति,Loading...
कुंआ,Loading...
डेनिएल,Loading...
फूला,Loading...
सुल,Loading...
ओलिम्पिआस,Loading...
मकिदुनियों,Loading...
प्रायोजित,Loading...
पुस्तकों,Loading...
पोंछने,Loading...
रिकॉर्डर,Loading...
दुःख,Loading...
ढीठ,impudent
इओन,Loading...
रहकर,Loading...
छोड़िए,Loading...
ओहो,Loading...
अनपढ़,Loading...
टूटने,Loading...
मेँ,Loading...
फारसियों,Loading...
एसएस,Loading...
दिसम्बर,Loading...
जैविक,Loading...
रोजगार,Loading...
प्राथमिकी,Loading...
नहाया,Loading...
नहाने,Loading...
मानचित्र,Loading...
सुख,Loading...
बदनाम,Loading...
कंकाल,Loading...
उदारता,Loading...
यूनानी,Loading...
लाइफ,Loading...
दुर्बल,Loading...
छाप,Loading...
शक्ल,Loading...
रेस,Loading...
सहित,Loading...
लवली,Loading...
कराहते,Loading...
ते,Te
मिमिया,Loading...
फ्लिन,Loading...
स्पेन,Spain
कार्यशाला,Loading...
मधुर,Loading...
कटोरे,Loading...
अड्डों,Loading...
दुर्भाग्यवश,Loading...
पीढ़ी,generation
दुनीया,Loading...
प्रेरणादायक,Loading...
समस्याएं,Loading...
प्यास,Loading...
दिखाएगा,Loading...
रोज़,Loading...
हिरन,Loading...
इकठ्ठे,Loading...
ट्रेनिंग,Loading...
वगैरह,Loading...
पहाड़ी,Loading...
ढूँढा,Loading...
हड़ताली,Loading...
तुमारे,Loading...
तोंद,Loading...
दराज,Loading...
दंगा-फ़साद,Loading...
फुसफुसा,Loading...
छुप,Loading...
स्टेक,Loading...
स्थानांतरण,Loading...
यू.के.,Loading...
योग,Loading...
सुला,Loading...
थ्योरी,Loading...
चैनलों,Loading...
हड़तालियों,Loading...
सुन्दर,Loading...
टोकरी,Loading...
पात्र,Loading...
जनवरी,January
स्वास्थ्य-सफाई,Loading...
कारखानों,Loading...
प्रसार,Loading...
विदेशियों,Loading...
राजदूत,Loading...
वैज्ञानिकों,Loading...
ऑलराइट,Loading...
ओह्ह,Loading...
आयीं,came
कानूनों,Loading...
खबरों,Loading...
पक्षों,Loading...
डीसी,Loading...
विडाल,Vidal
सोफ़ी,Loading...
जबरदस्ती,Loading...
बजाते,playing
स्माईली,Loading...
अंदाजा,Loading...
तर्क,Loading...
विलक्षणता,Loading...
अनुभवों,Loading...
नौसैनिक,Loading...
इशारे,Gestures
नौसेना,Navy
जरिये,through
देंगी,Loading...
कड़वा,Loading...
गोया,Loading...
फ्लेचर,Loading...
आहार,Diet
सुलझाने,Loading...
मिलीलीटर,Loading...
चित्रकला,Loading...
चिको,Loading...
बैठिए,Loading...
ढलान,Loading...
अनाज,Loading...
बचेगा,Loading...
टाइटन्स,Loading...
सम्मोहन,Loading...
भार,Loading...
तून,Loading...
भयावह,Loading...
भरपूर,Loading...
एर,Loading...
फीस,Loading...
छोड़ी,Loading...
पहुँची,Loading...
पत्नियां,Loading...
ब्लैकहोल,Blackhole
पेड़,Loading...
गोरी,Loading...
असुरक्षित,Loading...
चहेती,Loading...
दाऊद,Loading...
कंट्रोल,Loading...
अंदाज़ा,Loading...
सकल,Loading...
उत्तेजना,Loading...
पलेर्मो,Loading...
फेंको,throw
ट्रॉडल,Loading...
फ़ैट,fat
आएँगे,Loading...
कमाते,Loading...
ज़रिए,Loading...
समायोजित,Loading...
लिंडसी,Loading...
उतने,Loading...
बताउँगा,Loading...
पंजीकृत,Loading...
स्वेटर,Loading...
मैनुअल,Manual
बग,Loading...
तिहाई,Loading...
सलजार,Loading...
मोड,Loading...
सेंट्रल,Loading...
शुभेच्छा,Loading...
ज़िंदा,alive
वेश्यालय,Loading...
गुंडा,Loading...
बैक,Loading...
मुलायम,Loading...
अधूरा,Loading...
बेशर्म,Loading...
लाइब्रेरी,Loading...
कृत्यों,Loading...
है-,Loading...
लुईस,Loading...
बुकिंग,Loading...
टखने,Loading...
रैंक,Loading...
अंधकार,Loading...
टर्नर,Loading...
भूरे,Loading...
स्नेह,Loading...
9वीं,Loading...
प्लाज्मा,Loading...
संसद,Loading...
लगो,Loading...
मनीपेनी,Loading...
गुणों,Loading...
चियर्स,Loading...
स्मारक,Loading...
सजावट,Loading...
क्राउन,Loading...
भयावहता,Loading...
कहावत,Loading...
हिंदुओं,Hindus
अनलॉक,Loading...
नब्ज,Loading...
पैन,Loading...
जानू,Loading...
विज़ी,Loading...
क्रॉल,Loading...
नुक्सान,Loading...
भाड़े,Loading...
स्टालिन,Loading...
स्क्वाड्रन,Loading...
सिद्ध,Loading...
बेचारे,Loading...
आजीवन,Loading...
जाएंगी,Loading...
निकटतम,Loading...
माउंटेन,Mountain
खजाने,Loading...
फ़्रंट,Loading...
अर्जी,Loading...
बंदरों,Loading...
निकालते,Loading...
बूआ,Loading...
प्रणालियों,Loading...
पहुंचेंगे,Loading...
पाठ्यपुस्तकों,Loading...
चुकानी,Loading...
टॉड,Loading...
ढूंढ़,Loading...
छलांग,Loading...
ज्वलनशील,Loading...
सत्र,Loading...
विलियम,Loading...
स्कूली,Loading...
कैकेट,Loading...
सहेजें,Loading...
नदियों,rivers
मनोवैज्ञानिक,Loading...
जीसस,Loading...
खीर,Loading...
सुबूत,Loading...
उलझाने,Loading...
परिभाषा,Loading...
ऑरलियन्स,Loading...
घुसा,Loading...
स्टेट,Loading...
मानसिकता,Loading...
ओएइ,Loading...
मिलमैन,Loading...
लूँगी,Loading...
जनरलों,Loading...
चरवाहे,Loading...
विशेषज्ञों,Loading...
हफ़्तों,Loading...
खिलौने,Loading...
प्रसिद्धि,Loading...
पांचवें,Loading...
गड़बड़ी,Loading...
कवरेज,Loading...
बॉन,Loading...
विलय,Loading...
जात्रा,Loading...
टमाटर,Loading...
दर्पण,Loading...
सख्ती,Loading...
फैला,spread
मिलान,Loading...
अद्वितीय,Loading...
रु,Loading...
अकल्पनीय,Loading...
लैवेटरी,Loading...
भटकना,Loading...
हुड,Loading...
आयामों,Loading...
बादशाह,Loading...
चिपक,Loading...
गिरी,Loading...
सॉफ्ट,Loading...
लांग,Loading...
दाँव,Loading...
तनावपूर्ण,Loading...
उठना,Rise
गिराया,Loading...
बीस्ट,Loading...
चरवाहा,Loading...
प्रयासों,Loading...
बाधित,Loading...
ऑस्ट्रिया,Austria
बूढ़े,Loading...
नन्ही,Loading...
लंगड़ा,Loading...
वंचित,Loading...
बंधा,Loading...
एनिमल,Loading...
पंज,Loading...
इग्नेसियो,Loading...
दुर्गंध,Loading...
राजनेता,Loading...
भ्रष्टाचार,Loading...
औपचारिकता,Loading...
घोंसला,Loading...
गुंडागर्दी,Loading...
फाल्कन,Loading...
मददगार,Loading...
हैनिबल,Loading...
तोहफ़ा,Loading...
चोटों,Loading...
चू-चू,Loading...
दाएँ,Loading...
हथियाने,Loading...
लिंक,Loading...
डब्ल्यू,Loading...
टैरी,Loading...
तैसी,Loading...
पीड़ा,Loading...
स्टेज,Loading...
आगाह,Loading...
चेज,Chase
निकली,Loading...
विधानसभा,Loading...
ताले,Loading...
फ़र्स्ट,Loading...
साढ़े,Loading...
हृदय,Loading...
मूलभूत,Loading...
चलाया,drove
दोहरा,Loading...
सफ़र,Loading...
हू-आह,Loading...
शैम्पेन,Loading...
शेन,Loading...
आशंका,Loading...
ऑस्ट्रेलिया,Loading...
शहीद,Loading...
सलाद,Loading...
वीणा,Loading...
फिलहाल,At present
संघीय,Loading...
रिश्तों,Loading...
कालीन,carpet
भवन,building
तत्पर,Loading...
भरपाई,Loading...
डूबने,drowning
टॉप,Loading...
प्रमाणित,Loading...
सरकारों,Loading...
पैलेस,Loading...
शीत,Loading...
आघात,Loading...
शा,Loading...
घुसने,Loading...
क्वार्टर,Loading...
सीढ़ियाँ,Loading...
मांगो,Loading...
ह्युवेल,Loading...
बृहस्पति,Jupiter
सड़ा,Loading...
कूदने,Loading...
तख्तापलट,Loading...
जेवियर्स,Loading...
खेतिहर,Loading...
ताक़तवर,Loading...
किरणों,Loading...
काउंटर,Loading...
अनुसूची,Schedule
जोन्स,Loading...
मिलूंगा,I will meet you
इकलौता,Loading...
टेडी,Loading...
पार्टनर,Loading...
मिलिए,Loading...
पलेरमो,Loading...
कांटा,Loading...
प्रोटोटाइप,Loading...
कॉर्पोरेशन,Loading...
बॉग्स,Loading...
ब्रौन,Loading...
घिरे,Loading...
नमूनों,samples
बेचारी,Loading...
क्लोन,Loading...
क्रिकेट,Cricket
आविष्कार,Loading...
अफ़्रीका,Loading...
अपलोड,Loading...
शॉट्स,Loading...
रखवाले,Loading...
मुसीबतों,Loading...
खबरदार,Loading...
इला,Loading...
प्रलोभन,Loading...
उभर,Loading...
छप,Loading...
टुन्नु,Loading...
पेल,Loading...
आंकड़े,Loading...
खाकर,Loading...
प्राध्यापक,Professor
फैरेल,Pharrell
वयस्कों,Loading...
आएं,Loading...
तुला,Loading...
मिकी,Loading...
सर्प्राइज़,Loading...
पायेगा,Loading...
मार्केट,Loading...
ट्रेडिंग,Loading...
नाज़ुक,Loading...
जी.आई.,G.I.
डिजिटल,Loading...
गाते,Loading...
पैटर्न,Loading...
पहुंचाना,Loading...
थाली,Loading...
कुश,Loading...
राशन,Loading...
शंकर,Loading...
पगला,Loading...
जोड़ने,Loading...
शीतल,Loading...
व्यक्तित्व,Loading...
ठहरा,Loading...
ग्राउंड,Loading...
लकीर,Loading...
मेहता,Loading...
अंजाम,Loading...
गुंजाइश,Loading...
उल्लू,Loading...
खुर,Loading...
घुमाओ,Loading...
लज़ीज़,Loading...
जलती,Loading...
डायट,Loading...
ब्लॉकों,Loading...
मज़ाक़,Loading...
प्रतिद्वंद्वी,Loading...
पंडित,Pandit
चौंकाने,shocking
चॉक,Loading...
लेजर,Loading...
निम्नलिखित,Following
रची,Loading...
सफलतापूर्वक,Loading...
सूत्र,Loading...
पलायन,Loading...
मुझपे,Loading...
नाटकों,Loading...
रोती,Loading...
ज़रिया,Loading...
पादरी,Loading...
केटानिया,Loading...
गुड़िया,Loading...
सौप,Loading...
तारीफ़,Loading...
मिलूंगी,Loading...
गड़गड़ाहट,thunder
नाथ,Nath
नैतिकता,Loading...
आयातित,Loading...
चूसो,Loading...
शरारत,Loading...
घने,dense
चरमराती,Loading...
गर,Loading...
रमन,Loading...
सुगंध,Loading...
वालेस,Loading...
मैक्सिकन,Loading...
स्टंट,Loading...
बोस्टन,Loading...
तु,Loading...
चलोगी,Loading...
दलिया,Loading...
एक-शून्य,one nil
ड्रा,Loading...
महक,Loading...
चाहीए,Loading...
रहेंगी,Loading...
गोल्डन,Loading...
मुखिया,Loading...
दर्जे,Loading...
कटार,Loading...
उत्परिवर्ती,mutant
हटाया,Loading...
अलमारियों,Loading...
ढहते,Loading...
कॉलर,Loading...
सेवाओं,Loading...
स्प्रे,Loading...
दस्तावेज,Loading...
समारोहों,Loading...
ख़ुशी,Loading...
हार्वर्ड,Loading...
इस्त्री,Loading...
कराओ,Loading...
शासक,ruler
जुगाड़,Loading...
विवेकी,Loading...
ब्लेस,Loading...
दर्दनाक,Loading...
फिरौती,Loading...
खंड,Loading...
पतंग,Loading...
केतकी,Loading...
रियल,Real
अशांत,Loading...
दुकानदार,Loading...
बतांए,Loading...
बैंकर,Loading...
सुखी,Loading...
ब्लाउज,Loading...
राउंड,Loading...
पीड़ितों,Loading...
संदिग्धों,Loading...
गुज़र,Loading...
बैठकर,Loading...
बेदखली,Loading...
अवकाश,Loading...
प्रोफ़ाइल,Loading...
हिलता,Loading...
बासी,Loading...
मंदबुद्धि,Loading...
फरार,Loading...
सिनेमा,Loading...
मित्रा,Loading...
वित्त,Loading...
उठाते,Loading...
हैल,Loading...
डॉक्टरों,Loading...
योरा,Loading...
अक्टूबर,october
नाई,Barber
कर्मों,Loading...
इन्होंने,Loading...
ढूंढना,Loading...
बढ़ाओ,Loading...
कृषक,Loading...
खाये,Loading...
कबूतर,Loading...
गिरवी,Loading...
जामुन,Loading...
बेवक़ूफ़,Loading...
तैंतीस,Loading...
समन्वित,Loading...
प्रजनन,Loading...
लापरवाही,Loading...
मूंगफली,Loading...
शासनकाल,Loading...
विकल्पों,options
पिल्ले,Loading...
विनम्र,Loading...
लंबाई,Loading...
भद्दे,Loading...
जर्सी,Loading...
रोष,Loading...
टोप,Loading...
अशांति,Loading...
करतब,Loading...
राज़,Loading...
अपनाया,Loading...
बेटियां,Loading...
गुबार,Loading...
पढ़ने,Loading...
हमलावर,Loading...
मैट,Loading...
नहा,Loading...
भेदभाव,Loading...
विवाद,Loading...
रोवान,Loading...
डार्ट्स,Loading...
लड़ाइयों,Loading...
बनाएं,Loading...
लुइगी,Loading...
बांट,divide
सड़कें,Loading...
ग़ैर-कानूनी,Loading...
संत,Loading...
गवाहों,Loading...
कपडे,Loading...
उह्ह,Loading...
लॉरेन,Loading...
वर्क,Loading...
स्तनों,breasts
सप्लाई,Supply
डाटाबेस,Loading...
कपड़े,Loading...
अभिनंदन,Loading...
फ्लैग,Loading...
आइलैंड,Loading...
अहा,Loading...
वाइरस,Loading...
दायें,Loading...
भगदड़,stampede
हेलीकाप्टरों,Loading...
तबसे,Loading...
जलते,Loading...
तमाम,all
स्काउट्स,Loading...
सादा,Loading...
घिरा,Loading...
अल्ताफ,Loading...
लांचर,Loading...
ज्योतिषी,Loading...
कोइ,Loading...
दोगुनी,Loading...
मिलूँगा,Loading...
महज़,merely
दरों,Loading...
बांधने,Loading...
क्यो,Loading...
फ़्लू,Loading...
अलंकृत,Loading...
सस्ते,Loading...
खिलाया,Loading...
सॉस,sauce
सिमियन,Loading...
डियाब्लो,Loading...
समर्थित,Loading...
नीतियों,Loading...
निहायत,Loading...
ढूँढ़ने,to find
तुरन्त,Loading...
करार,Loading...
स्विंग,Loading...
सुरक्षात्मक,Loading...
तूने,Loading...
असपासिआ,Loading...
चेहरों,Loading...
दखल,Loading...
मिश्री,Loading...
ब्लैकवॉटर,Loading...
गरीबी,Loading...
अवशेष,Loading...
पालना,cradle
गुजरे,Loading...
रूमाल,Loading...
टर्मिनल,Loading...
मेमो,Loading...
प्रारंभिक,Loading...
साधनों,Loading...
क्या-क्या,Loading...
ओल्ड,Old
विटामिन,Loading...
गोलाबारी,Loading...
बारोट,Loading...
विंडशील्ड,Loading...
यूजीन,Loading...
भगोड़ा,Loading...
झप्पी,Loading...
क्षमाप्रार्थी,Loading...
फ़ायर,Loading...
सिलाई,Loading...
फ़ॉरएवर,Loading...
हार्मोन,Loading...
लोहा,Loading...
एस्पेरंज़ा,Loading...
ईव्निंग,Loading...
फ़िल्म,Loading...
सांता,Santa
राजकोष,Loading...
सामूहिक,Loading...
धोखे,Loading...
कसाई,Loading...
कंगन,Loading...
वाल्ट्ज,Waltz
सदमा,trauma
रखिए,Loading...
अनाथालय,Loading...
उम्रकैद,Loading...
कम्बख्त,Loading...
स्नो,Loading...
किशमिश,Loading...
ग़लत,Loading...
तेजस्वी,Loading...
गोल्फ,Loading...
चाबियां,Loading...
छिपना,Loading...
अपरिहार्य,Loading...
चिल्लाई,Loading...
लीमो,Loading...
पहुंची,Loading...
बहाया,Loading...
जिंबो,Loading...
निरंतर,Loading...
डरती,Loading...
चढ़ावा,Loading...
अप्रिय,Loading...
किताबों,books
एकड़,Loading...
बक्से,boxes
इलेक्ट्रिक,Loading...
घोडों,Loading...
रीडिंग,Loading...
पुजारियों,Loading...
खड़ा,Loading...
बाबू,Loading...
खोजनी,Loading...
परियों,Loading...
ख़िलाफ़,Loading...
शुरूआत,Loading...
अम्मी,Loading...
इडियट,Loading...
सिखाऊँगा,Loading...
मच,Loading...
जायें,Loading...
अहमियत,Loading...
प्रभुओं,Loading...
बगोंघी,Loading...
औपनिवेशिक,Loading...
पिघला,Loading...
इश,Loading...
कीप,funnel
जिनका,Loading...
विस्फोटों,Loading...
डिजाइनर,Loading...
शिल्प,Loading...
ओक,Loading...
बदनामी,Loading...
पैनल,Loading...
रोओ,Loading...
गार्जियन,Loading...
दलदली,Loading...
पैग,Loading...
चाहूं,Loading...
प्रैक्टिस,Loading...
फिडीज,Loading...
प्लम्बर,Loading...
जेनी,Loading...
रोमा,Loading...
बारबेक्यू,Loading...
होम,Loading...
गोंद,Loading...
पालन-पोषण,Loading...
डरकर,Loading...
कट्टरपंथी,radical
निर्देशक,director
ग्राफ,Loading...
टमटम,Loading...
उन्होने,Loading...
दांतों,Loading...
यार्ड,Loading...
क्रोनिकल,Loading...
माँ-बाप,Loading...
सूसी,Loading...
एकाग्रता,Loading...
सेक्टर,Loading...
पला,Loading...
होशियारी,Loading...
चेकइन,Loading...
ब्रेकर,Loading...
लैंग,Loading...
दिलाती,Loading...
मीठे,Loading...
छोड़ा,Loading...
ट,Loading...
बेची,Loading...
नुस्खा,Loading...
कार्वर,Loading...
रोमांचित,thrilled
डैश,Loading...
अंदाज़ा,Loading...
वृक्ष,Loading...
धारा,Loading...
मालविका,Loading...
विषैला,Loading...
आयु,Loading...
कांव,Loading...
खिंचाव,Loading...
स्नॉटलाउट,Loading...
प्रांत,Loading...
हॉस्पिटल,Loading...
अल-शरीफ़,Loading...
निभाई,Loading...
अनजान,Loading...
विरुद्ध,Loading...
वुडबर्न,Loading...
ईरान,Loading...
कैलेंडर,Loading...
आकृति,Loading...
ढांचा,Loading...
कौआ,Loading...
बांग,Loading...
हंसती,Loading...
jor-एल,Loading...
अन्वेषण,Loading...
उत्पत्ति,Loading...
टकीला,Loading...
सामुदायिक,Loading...
देखोगी,Loading...
तैर,Loading...
दुगुनी,Loading...
टाँगे,Loading...
बूँदें,Loading...
सत्संग,Loading...
काढ़ा,Loading...
विस्टा,Loading...
संतुलित,Loading...
सोए,Loading...
दाहिनी,Loading...
लायक़,Loading...
वांछित,Loading...
ख़याल,Loading...
आत्माएं,Loading...
क़लम,Loading...
ग्रेमलिन,Gremlin
सत्यापित,Loading...
ठेकेदारों,Loading...
संधि,Loading...
पुण्य,Loading...
तरस,Loading...
ठोड़ी,Loading...
मनोरंजक,Loading...
अवतार,Loading...
प्राधिकरण,Loading...
अखंडता,Loading...
चढ़ने,Loading...
रिटायर,Loading...
आईने,Loading...
मैक्सिको,Loading...
मनाना,Loading...
संक्रमित,Loading...
स्तुति,Loading...
ड्रैगन-सवारों,Loading...
ट्रान्स,Loading...
सिमुलेशन,Loading...
आएंगी,Loading...
बार-बार,Loading...
आनी,Loading...
जिस्मानी,Loading...
समझाओ,Loading...
लोला,Loading...
पार्श्व,Loading...
गाउन,Loading...
रासायनिक,Loading...
प्रबंध,Loading...
हंसो,Loading...
परित्यक्त,Loading...
योजनाएं,Loading...
हवाले,Loading...
जाली,Loading...
रॉस,Loading...
ईस्ट,Loading...
लॉबी,lobby
कटाई,Loading...
आंतों,Loading...
आरक्षित,Loading...
अगरबत्ती,Loading...
पालने,Loading...
चुनावों,Loading...
रस्सियों,Loading...
पियानो,Loading...
रचना,Loading...
गोल्ड,Loading...
आरोपी,Loading...
एली,Loading...
सूखा,Loading...
आपसी,Loading...
दरारें,Loading...
विफलताओं,Loading...
दावे,Loading...
अल्टीमेटम,Loading...
एकांत,Loading...
सर्वशक्तिमान,Loading...
चमकता,Loading...
लेखन,Loading...
मिलें,Loading...
आर्मी,Loading...
मोजे,Socks
मॉट्स,Loading...
बगीचा,Loading...
ब्याह,Loading...
आश्वासन,Loading...
सुधर,Loading...
तंदुरुस्त,Loading...
चढ़,climb
टाइमर,Loading...
पर्वतारोहण,Loading...
गुण्डे,Loading...
जीवाश्म,Loading...
महायाजक,Loading...
चंद,Chand
आटा,Loading...
खींचती,Loading...
बहन-fuckers,Loading...
माँ-fuckers,Loading...
पारिवारिक,Loading...
मीनार,Tower
तकिए,pillows
अनुसूया,Loading...
पंछी,Loading...
तालियों,Loading...
फेरबदल,Loading...
अनोखा,Loading...
एंथोनी,Loading...
गुजरात,Loading...
एलीवेटर,Loading...
जुटा,Loading...
तहख़ाने,Loading...
डोप,Loading...
निष्कासित,Loading...
राघव,Loading...
बाजू,Loading...
सैलून,Loading...
रेल,Loading...
जेमी,Loading...
छिड़क,Loading...
मोती,Loading...
होऊंगा,Loading...
भ्रूण,Loading...
कृष्णन,Loading...
उपाधि,Loading...
आईआईटी,Loading...
करवाना,Loading...
रॉजर,Roger
भंडाफोड़,Loading...
प्रश्नावली,Loading...
भूतिया,Loading...
लेज़्ली,Loading...
बुफे,Loading...
रखूंगा,Loading...
उपलब्धि,Loading...
राइट,Loading...
स्टोनी,Loading...
लबादा,Loading...
स्टॉक,Loading...
ट्रस्ट,Loading...
परफेक्ट,Loading...
डॉट,Loading...
पक्की,Loading...
फ़ोर्स,Loading...
इंसानों,Loading...
सूक्ष्म,Loading...
कोरोनर,Loading...
मूवर्स,movers
कुंडली,Loading...
माँगा,Loading...
कुंवारा,Bachelor
धंधा,business
उपेक्षा,Loading...
घुटन,Loading...
गरिमा,Loading...
रोजीने,Roseanne
इत्र,Perfume
ज़बरन,Loading...
डुबकी,Dip
स्थलों,Loading...
चिन्ता,Loading...
बैरबस,Loading...
सकूंगा,Loading...
कहानियां,Loading...
आयामी,Loading...
खोलूंगा,Loading...
स्फूर्ति,Loading...
शाबास,Loading...
हेरोदेस,Loading...
चमत्कारी,Loading...
पड़ोसी,Loading...
उड़ने,Loading...
ताल,Loading...
स्पेक्टर,Loading...
क्रमिक,Loading...
रोलिंग,Loading...
लायी,brought
फंसे,Loading...
राई,Loading...
आध्यात्मिक,Loading...
स्टेशनों,Loading...
पाये,Loading...
सदमे,shock
फिजराल्ड़,Loading...
डच,Loading...
मुझपर,Loading...
क्लॉडिया,Loading...
चाचू,Loading...
घूमा,Loading...
िबलकुल,Loading...
गज़ब,Loading...
स्कॉच,Loading...
बगैर,Loading...
जॉनसन,Loading...
भत्ता,Loading...
फंदे,Loading...
वस्त्र,Loading...
मुक्केबाज़ी,Loading...
क्लास,Loading...
खराबी,Loading...
पकड़ना,Loading...
सौंपने,Loading...
अफ़ीम,Loading...
रणभूमि,Loading...
रुपया,Loading...
फैशन,Loading...
मैकमिलन,Loading...
आसन्न,Loading...
चोदा,fucked
सूत्रों,Loading...
डरे,Loading...
गट्ठा,Loading...
ईधन,fuel
टूटा,Loading...
दूल्हा,Loading...
धड़क,Loading...
दीनार,Loading...
सूंघ,Loading...
लगें,Loading...
डोरोथी,Loading...
बोलें,Loading...
बर्गर,Loading...
पेपर,Loading...
जुदाई,Loading...
गलीली,Loading...
सन,Loading...
वेंडी,Loading...
सबटाइटल,Loading...
मोज़ेस,Loading...
धमाके,Loading...
भूलो,Loading...
उल्लास,Loading...
मुलाक़ात,Loading...
कमरों,Loading...
हूँगी,Loading...
होयत,Loading...
बेड,Loading...
ग्रुप,Loading...
बेरंग,Loading...
वफ़ादारी,Loading...
आहत,Loading...
चौकस,Loading...
षड्यंत्र,Loading...
कृषि,Loading...
प्राणियों,Loading...
पत्रिकाओं,Loading...
बढ़ाना,Loading...
कोयले,Loading...
लेनदेन,Loading...
वसीयतनामा,will
वेदी,Loading...
संस्कृतियों,Loading...
हिस्सों,Loading...
संभल,Loading...
वासियों,Loading...
करोड़ों,Loading...
क,Loading...
डीलरों,Loading...
लुगदी,Loading...
प्रत्यक्ष,Loading...
शेव,shave
डेमोक्रेटिक,Loading...
9वी,Loading...
कदमों,Loading...
मलबा,Loading...
सुविधाजनक,Loading...
टकटकी,Loading...
विमानन,Loading...
उत्पादक,Loading...
उड़ा,Loading...
गेम,Loading...
फैलाने,Loading...
फ़ेल,Loading...
जुड़ी,Loading...
वायुमंडल,Loading...
फ़ारसी,Loading...
केबल,Loading...
ज़रिए,Loading...
पुतला,Loading...
चौधरी,Loading...
वालेकुम,Loading...
समीक्षा,Loading...
किस्म,Loading...
आवश्यकताओं,Loading...
मुर्गियों,Loading...
चकमा,Loading...
जूम,Zoom
जैप,Loading...
ब्राजील,Loading...
सूरत,Loading...
टाइप,Type
पक,Loading...
जिगर,Loading...
पडेगा,Loading...
रोमली,Loading...
ड्रग,Loading...
लक्ष्यों,Loading...
फैलाव,Loading...
पार्कर,Loading...
सापेक्षता,Loading...
वेटिकन,Loading...
पास्कल,Loading...
वाटसन,Loading...
जुड़े,Loading...
मास्को,Loading...
जियोवाना,Loading...
शैंपेन,Loading...
त्रिआयामी,Loading...
संवाद,Loading...
मज़े,Loading...
पाताल,Loading...
नबी,Loading...
भीषण,Loading...
आल्टूसी,Loading...
कस्टम,Loading...
उपदेश,Sermon
तमन्ना,Loading...
टट्टू,Loading...
जहरीला,Loading...
वाइपर,Loading...
बढ़ाने,Loading...
आशाजनक,Loading...
मेनू,Loading...
कोयम्बटूर,Loading...
उद्घाटन,Loading...
संगठनकर्ता,Loading...
भूलें,Loading...
हाफते,Loading...
यूरेका,Loading...
परियोजनाओं,Loading...
दसवीं,Loading...
हैनसेन,Loading...
सर्जियो,Loading...
गोरों,Loading...
ऊँचा,Loading...
दीमक,Loading...
बिलियन,Loading...
मार्मिक,Loading...
मेड,Loading...
आर्डर,Loading...
पेंटेकोस्ट,Loading...
जिलियन,Loading...
रिंगिंग,Loading...
स्टेकर,Loading...
अभिव्यक्ति,Loading...
खींचना,Drag
अस्वीकृत,rejected
चाभी,Loading...
क्रांतिकारी,Loading...
कुशलता,Loading...
पूरब,Loading...
दफ़ा,Loading...
घाटियों,Loading...
तटीय,Loading...
ग्यारह,Loading...
कैन,Loading...
गुनगुना,Loading...
बाजरा,Millet
वनों,Loading...
कायम,persist
बिंगो,Loading...
नाराज़,Loading...
घुड़सवार,Loading...
मंशा,Loading...
डेली,Loading...
सरदार,Sardar
खिड़कियां,Loading...
अलास्का,Loading...
न्यूपोर्ट,Loading...
मुड़कर,turning around
मंत्रमुग्ध,Loading...
सिपसन,Loading...
सेम,Loading...
शुष्क,Loading...
अवधारणाओं,concepts
व्हील,Loading...
भागीदारों,Loading...
आचरण,Loading...
वैसी,Loading...
रीसेट,Loading...
भद्दा,Loading...
लड़ते,Loading...
बार्किंग,Loading...
ऐलेना,Loading...
जायेगे,Loading...
गैरेज,Loading...
बार्न,Loading...
प्रसव,Loading...
भरोसेमंद,Loading...
मूर्ति,Loading...
आइजनहावर,Loading...
करीबी,close
इलेक्ट्रॉनिक्स,Loading...
झगडा,Loading...
तुमारा,Loading...
हुक्मनामा,Loading...
फिंगरप्रिंट,Loading...
कपडो,Loading...
नसीब,Loading...
विचित्र,Loading...
बनोगे,Loading...
अलर्ट,Loading...
उत्कृष्टता,Loading...
तमिल,Loading...
घोंपा,Loading...
हाँफ्ते,Loading...
मियामी,Loading...
कताई,Loading...
कमेंट,Loading...
कहिए,Loading...
गोयेबल्स,Loading...
बोल्ड,Loading...
लैटिन,Loading...
रुकेंगे,Loading...
डंडा,Loading...
एकॉन,Loading...
डाउनलोड,download
घुमाने,Loading...
करू,Loading...
ज़िम्मेदारी,Loading...
परीक्षकों,Loading...
कार्टून,Loading...
तालियां,Loading...
जुबली,Loading...
बैनर्जी,Loading...
अंतरात्मा,Loading...
मनोचिकित्सक,Loading...
माननीय,Loading...
खिलाड़ी,Loading...
पिक,Loading...
प्रिंसिपल,Loading...
दुखता,Loading...
सीएस,Loading...
आरपी,Loading...
चलाकर,Loading...
एट्टाबोय,Loading...
ड्रामा,drama
डेकिन्स,Loading...
तरंगों,waves
बास्टर्ड,Loading...
अक्षम,Loading...
जागने,Loading...
पदोन्नति,Loading...
गोरिंग,Loading...
धरातल,Loading...
सुनाने,Loading...
ललित,Loading...
अखबारों,Loading...
हार्वे,Loading...
दवाइयाँ,Loading...
कार्पोरेशन,Corporation
खूबसूरती,Loading...
दिवंगत,Loading...
कोला,Loading...
पेशी,Loading...
गिराना,Loading...
ऊपरी,Loading...
घरघराहट,Loading...
ठहराते,Loading...
सीरम,Loading...
पुनर्भरण,Loading...
चुनौतीपूर्ण,Loading...
यंग्ज़हौ,Loading...
डार्विन,Loading...
छोटे-छोटे,Loading...
नवीनीकृत,Loading...
दालान,Loading...
साँप,Loading...
होमो,Homo
टकराव,Loading...
पेंसिल,Loading...
प्रमुखों,Loading...
रूपांतरित,Loading...
पढ़ाई,Loading...
टायर्स,Loading...
दिलों,Loading...
वफ़ादार,Loading...
तेज़ी,Loading...
पचा,Loading...
उत्परिवर्तित,mutated
मौक़ा,opportunity
सर्जरी,surgery
स्थिरता,Loading...
हंगामा,Loading...
बिगाड़,Loading...
होरी,Loading...
बगान,Loading...
अनुपात,Loading...
संभावनाएं,Loading...
आक्रामक,Loading...
गलियों,Loading...
ब्रीफ़केस,Loading...
रंगरूट,Loading...
फेंका,Loading...
प्रवर्तन,Loading...
काबुल,Loading...
करदाताओं,Loading...
अँधेरे,Loading...
कार्लो,Loading...
जागृत,Loading...
जरिया,Loading...
हेलिकॉप्टरों,Loading...
जहरीले,Loading...
राजनयिक,Loading...
शोधकर्ताओं,Loading...
माथा,Loading...
मेर,Loading...
मंत्रालय,Loading...
एजेंसियों,Loading...
इंतज़ाम,Loading...
पिछला,Loading...
बायीं,Loading...
गतिशीलता,Loading...
रहिए,Loading...
बोजो,Loading...
ट्रबल,Loading...
चाहत,Loading...
मुर्दा,Loading...
रखैल,Loading...
खेलेंगे,Loading...
आक्सीजन,Loading...
परिचालन,Loading...
मानने,Loading...
वृत्ति,Loading...
सलामी,Loading...
चौथी,Loading...
चौथाई,Loading...
ठिकानों,Loading...
ओफ्फोह,Loading...
प्रोब,Loading...
टेकने,Loading...
पढ़ते,Loading...
उपस्थित,Loading...
लम्बा,Loading...
देखूं,Loading...
कोष,Loading...
दूरदराज,Loading...
अकॉर्डियन,Loading...
बनावट,Loading...
रफ्तार,Loading...
चुनिंदा,Loading...
चलोगे,Loading...
पकड़ी,Loading...
गेस्ट,Loading...
समझोगे,Loading...
उभरते,Loading...
स्वीकृति,Loading...
बेरहम,Loading...
केटल,Loading...
बाक़ी,Loading...
खिलाड़ी,Loading...
दानी,Loading...
पनडुब्बी,Loading...
नाइन,Loading...
चढ़ना,Loading...
लिबर्टी,Loading...
ज्वार,Loading...
डेटिंग,Loading...
मेंडलसन,Loading...
किस्से,Loading...
संभालना,Loading...
आयकर,Income Tax
खोजों,Loading...
ईंट,Loading...
कोलाहल,Loading...
आइल,Loading...
बहुत-सी,Loading...
एकता,Loading...
अर्नेस्टो,Loading...
कोस्टा,Loading...
अकेलापन,Loading...
जिज्ञासा,Loading...
रिपोर्टिंग,Loading...
नाजी,Nazi
विवाहित,Loading...
खुशियों,Loading...
तर्कसंगत,Loading...
तोड़ो,Loading...
परमात्मा,Loading...
सर्वेक्षण,Loading...
झुक,Loading...
कारक,Loading...
महत्तवपूर्ण,Loading...
ब्रिज,Bridge
खानों,Loading...
लाई,Loading...
बायें,Loading...
टोही,Loading...
मसालेदार,Loading...
अश्लील,Loading...
आईये,Loading...
माहिर,Loading...
निपटारा,Loading...
भूला,Loading...
पट्टा,Loading...
हटेंगे,Loading...
ग्रामीण,Rural
क्रुद्ध,Loading...
चुकाना,Loading...
स्टैंड,stand
नाप,Loading...
युवाओं,Loading...
हार्टवेल,Hartwell
आऊं,should I come
भूरा,Loading...
भीड़,Loading...
गैंडे,Loading...
पकड़ेगा,Loading...
हिस्सेदारी,Loading...
एडॉल्फ,Loading...
जाय,Loading...
पैकेट,Loading...
टाइम्स,Loading...
धुआँ,smoke
ई-मेल,Loading...
सबने,Loading...
मांगने,Loading...
खतम,Loading...
टाइटेनियम,Loading...
त्रिभुज,Loading...
हॉल्ट,Loading...
तोड़ना,Loading...
वेब,Loading...
उतारा,Loading...
प्रिएतो,Loading...
मानेगा,Loading...
कोउन्सेलो,Consuelo
ज़बरदस्त,Loading...
पिस्तौलदान,Loading...
फ़िश,Loading...
धागा,Loading...
सलामत,Loading...
शांता,Loading...
तुमारी,Loading...
हल्का,Loading...
बाइनरी,Loading...
ध्वस्त,Loading...
हैम्बर्ग,Loading...
फ़्रैंज़,Loading...
फरहान,Loading...
आइज़,Loading...
इवान,Loading...
शर्मा,Loading...
अस्तबल,Loading...
लोर्ना,Loading...
मायनों,Loading...
बेदखल,Loading...
अचार,Loading...
आकलन,Loading...
संदेहास्पद,Loading...
विरोध-प्रदर्शन,Loading...
आठवां,Loading...
अनुराधा,Loading...
पूर्णता,Loading...
शगुन,omen
जसपाल,Loading...
लिखो,Loading...
महाशय,Loading...
बेकरी,Loading...
विश्राम,Loading...
असंतोष,Loading...
होठों,Loading...
नौकरानी,Loading...
गढ़बड़ी,Loading...
ढह,Loading...
उल्लेखनीय,Loading...
इंटेल,Loading...
इच्छुक,Loading...
कठिनाई,Loading...
ओबर्हाउज़र,Loading...
मी,Loading...
जेनकिंस,Loading...
नियुक्त,Loading...
जड़ों,Loading...
हिंकले,Loading...
पहुँचाते,Loading...
ब,Loading...
आवृत्ति,Loading...
ख़र्च,Loading...
ऋतु,Loading...
ताकी,Loading...
पतियों,Loading...
परिभाषित,Loading...
दुःखी,sad
चीफ़,Loading...
फुरीस,Loading...
क्लिक्स,Loading...
फ़ुटबॉल,Loading...
हेयर,Loading...
बढ़ाना,Loading...
कठोरता,Loading...
लगीं,Loading...
मार्गदर्शक,Loading...
नूह,Loading...
आँखे,Loading...
पलटकर,Loading...
ख़तरनाक,Loading...
उतरेंगे,Loading...
बर्टन,Loading...
बैटमैन,Loading...
अमल,Loading...
अप्रेंटिस,Loading...
फाइटर,Loading...
गरजना,Loading...
जिक्र,Loading...
वाया,Loading...
पहुंचाने,Loading...
सीसीबी,Loading...
पारम्परिक,Loading...
बर्खास्त,Loading...
मेलिंडा,Loading...
आवरण,Loading...
कुटिल,Loading...
अपार,Loading...
छोड़ूँगा,Loading...
लार्ज,Loading...
सिक्युरिटी,Loading...
शौकिया,Loading...
रहिये,Loading...
इन्तजार,Loading...
खंगाला,Loading...
अवसरों,Loading...
आयरिश,Loading...
लिथुआनियाई,Loading...
वेस्ट,West
मारूंगा,I will kill
हमिंगबर्ड,Loading...
संपादन,Loading...
दर्जी,Loading...
नोबेल,Loading...
सिरफिरा,crazy
कराई,Loading...
फाइनल,Loading...
हफ़्तों,Loading...
दोहा,Loading...
क्रिया,Loading...
व्हू,Loading...
एफ,Loading...
अनुरोधों,Loading...
उठाकर,by picking up
पोषण,nutrition
हलकों,Loading...
बीते,Loading...
ड्राइंग,Loading...
सहलाने,Loading...
गांठ,Knot
हैडली,Loading...
शीतकालीन,Loading...
हारी,Loading...
हकला,Loading...
आयें,Loading...
पीआर,Loading...
वास,Loading...
चिपका,Loading...
दस्तखत,Loading...
अपने-अपने,Loading...
चौथे,Loading...
क्वेंटिन,Loading...
आंकड़ों,statistics
मिलवा,Loading...
ट्रेजरी,Loading...
कृषकों,farmers
पश्चात,Loading...
गुरुवार,Loading...
क्रो,Loading...
दायित्वों,Loading...
केप,Loading...
उठाती,Loading...
ओटिस,Loading...
टा-टा,Loading...
हब,Loading...
एकबार,Loading...
संपादिका,Loading...
स्कलक्रशर,Loading...
खामोशी,Loading...
हेल्पर,Loading...
जुटाने,mobilize
पालक,Loading...
झुग्गी,Loading...
डेला,Loading...
मूत,Loading...
अरबपति,Billionaire
मुर्गी-चुम्बन,Loading...
अक्षमता,Loading...
डिब्बों,cartons
यानी,Loading...
तेज़,Loading...
उसमे,Loading...
अग्निशमन,Loading...
डियाज़,Loading...
उँगलियाँ,Loading...
उनमे,Loading...
चढ़ाव,Loading...
तोड़ी,Loading...
सैन्टोना,Loading...
अथक,Loading...
नतीजे,Loading...
उद्योगपति,Loading...
डार्ट,Loading...
नॉर्टन,Loading...
ड्रेस,Loading...
छेड़छाड़,Loading...
देखेगा,Loading...
चराई,Loading...
टोन,Loading...
निवेदन,Request
चखा,Loading...
पेशा,Loading...
सेकेंड,Loading...
लक्ष्मण,Loading...
टकराने,Loading...
इंटरनेशनल,Loading...
वालशी,Loading...
जनशक्ति,Loading...
चांग,Loading...
आन,Loading...
टोंगा,Loading...
जस्ते,Loading...
विश्वासघाती,Loading...
दो-चार,Loading...
मानी,agreed
बैठकें,Loading...
मौलिक,Loading...
गर्त,Loading...
सन्निहित,Loading...
रीटा,Loading...
प्रतिमा,Loading...
तमिलनाडु,Loading...
डालूँ,Loading...
लिफ्टवाला,Loading...
उत्पीड़न,Loading...
कल्याण,Loading...
चाटना,Loading...
गधों,donkeys
चुम्बन,Loading...
मोहतरमाँ,Madam
ज़ोम्बी,Loading...
हुओं,Loading...
टॉपलेस,Topless
हर्गिज,Loading...
बेघर,Loading...
मिश्रित,Loading...
हेवर्द,Loading...
फिरते,Loading...
नहीं-,Loading...
उतारने,Loading...
खदानों,Loading...
गुज़र,Loading...
घाट,Loading...
मार्गरक्षण,Loading...
पच्चीस,Loading...
जोड़,Loading...
ग्रैंड,Loading...
समर्थक,Loading...
फेल,Loading...
विनाशकारी,Loading...
स्त्रोत,Loading...
लिप्त,indulge
डराना,Loading...
प्रस्थान,Loading...
उद्धारक,Loading...
निंजा,Loading...
एनीमेशन,Loading...
एसी,Loading...
रिबूट,Loading...
मोडेना,Loading...
पुलिसवाले,Loading...
मातम,Loading...
मतदाता,Loading...
कैसेट,Loading...
फार्मूला,Loading...
जुहू,Loading...
चुराने,Loading...
उदासीन,Loading...
सेटिंग्स,Loading...
पायी,Loading...
माइक्रोफोन,Loading...
चीजो,Loading...
साप्ताहिक,Loading...
गीतों,Loading...
विस्फोटकों,Loading...
सम्भावना,Loading...
कीतना,Loading...
महानिरीक्षक,Loading...
चिल,Loading...
लंका,Loading...
अभ्यस्त,Loading...
क़दम,Loading...
परिसंपत्ति,Loading...
चूसते,Loading...
खिलाफ़,Loading...
ढोल,Loading...
कब्ज़े,Loading...
नागिन,Loading...
इलाक़े,Loading...
आंत,Loading...
हिप्पो,Loading...
चमकते,Loading...
सुमित्रा,Loading...
स्माइली,Loading...
एमए,Loading...
लामा,Loading...
देखरेख,care
मेक्सिकी,Loading...
विचार-विमर्श,Loading...
ब्रह्माण्ड,Loading...
किश्तों,Loading...
नेत्रगोलक,Loading...
दील,Loading...
दिखाऊँगी,I will show
निकलती,coming out
टॉनिक,Loading...
स्काई,Loading...
दरियाई,Loading...
अतुल,Loading...
हंगेरी,Loading...
रूट,Loading...
मानदंडों,Loading...
सीनेटरों,Loading...
युनियन,Loading...
युक्त,containing
धावा,Loading...
छिप,Loading...
लश्कर,Loading...
छील,Loading...
उतरते,Loading...
एमआइ6,Loading...
शिविरों,Loading...
ताक,Loading...
प्रॉक्सी,Loading...
फ़्लाइट,Loading...
असुविधा,Loading...
ट्रे,Loading...
ग्लोबल,Global
कौशल्या,Loading...
आईआरएस,Loading...
तात्कालिकता,Loading...
बुझ,Loading...
जानकी,Loading...
ओलिवर,Loading...
लोअर,Loading...
बढ़िए,Loading...
ताज,Loading...
कट्टरपंथियों,Loading...
गूं,Loading...
दोहराएँ,Loading...
तारा,Loading...
शिप,ship
एक्सीडेंट,Loading...
जानो,Loading...
तसल्ली,Loading...
व्यापारियों,Loading...
चिथड़े,Loading...
भुगतने,Loading...
बचकर,Loading...
प्रख्यात,Loading...
लॉस,Loading...
ढालने,Loading...
दिखाऊँगा,Loading...
मनाया,Loading...
अव्यवस्था,Loading...
जमाया,Loading...
बुलाती,Loading...
अँग्रेज,Loading...
संकेतक,Loading...
मकड़ी,Loading...
मीनट,Loading...
अनुष्ठान,Loading...
उपनगरों,Loading...
घूंट,Loading...
युद्धरत,warring
हिलाता,Loading...
बुझाने,Loading...
एंजिल्स,Loading...
मांगे,Loading...
फ़्रेम,Loading...
निर्धारण,Loading...
परिजनों,Loading...
क्लिनिक,Loading...
प्रतियाँ,Loading...
इच्छाओं,Loading...
अर्पित,Loading...
०२.८२७,02.827
सोये,slept
हिलाओ,Loading...
न्यूयार्क,Loading...
अनुकूलता,Loading...
बचें,Loading...
रश,Rush
चाहूँ,Loading...
लेटे,Loading...
लिखोगे,Loading...
व्यंजन,Loading...
ड्रम,Loading...
महानुभाव,Loading...
कीलो,Loading...
निभाने,Loading...
बताती,Loading...
मरवाने,Loading...
लातवियाई,Loading...
ब्रेन,Loading...
बिज़नेस,Loading...
जहान,Loading...
पुनर्जीवित,Loading...
सनस्क्रीन,Loading...
मुनाफे,Loading...
मर्जी,Loading...
सेमिनार,Loading...
मस्तिष्कावरणार्बुद,Loading...
लाड़,Loading...
निकालता,Loading...
एलेक्सा,Loading...
समतल,Loading...
हसबेंड,Loading...
मूझे,Loading...
रंगे,Loading...
रिफ़ाइनरी,Loading...
जागा,Loading...
फॉर्म,Loading...
फेफड़े,Loading...
शहनाई,Loading...
बवाल,Loading...
बीना,Loading...
कुओं,Loading...
हश्र,fate
रखवाली,Loading...
नूडल,Loading...
सुन्न,Loading...
रोजर्स,Loading...
बेदम,Loading...
दीं,Loading...
बेस्वाद,Loading...
चालें,Loading...
ट्यूनिशिया,Loading...
बताऊंगा,Loading...
तौलिया,Loading...
परेशानियों,Loading...
स्पंदन,Loading...
गिग्स,Loading...
वनस्पति,Loading...
तर,Loading...
सँभाल,Loading...
हँसे,Loading...
निकम्मा,Loading...
विशेषज्ञता,Loading...
निपटना,deal with
टांग,Leg
मैंडी,Mandy
उहुरू,Loading...
सेटींग,Loading...
सुंदरी,Loading...
बाँए,Loading...
पांचवा,Loading...
खर्राटे,Loading...
निर्वाचन,Loading...
सगाई,Loading...
लिखता,writes
कर्म,Loading...
डांट,Loading...
निकालेंगे,Loading...
गोत्रा,Loading...
लुत्फ़,Loading...
मालीक,Loading...
चलूँगा,Loading...
सुनाते,Loading...
गुप्ता,Loading...
मूत्र,Loading...
केमो,Loading...
मेंढ़क,Loading...
कोल्ड,Loading...
कोलोसल,Loading...
ग्रनाडा,Loading...
छिड़,Loading...
बक्सा,Loading...
सेटिंग,Loading...
ब्राडली,Loading...
बीचोबीच,Loading...
सीढ़ी,Loading...
शिन,Loading...
बचेगी,will survive
बूढ़ी,old
ढिलाई,Loading...
अपनाने,Loading...
टैडपोल,Loading...
सिविक,Loading...
ऑटोमोबाइल,Loading...
नर्तकी,Loading...
चादरें,Loading...
संगरोध,Loading...
गडबड़ी,Loading...
चैरिटी,Charity
तूफ़ान,storm
हॉलीवुड,Loading...
उठकर,Loading...
चपरासी,Peon
थाम,Loading...
रम,Loading...
घर-घर,Loading...
पोती,Loading...
रमादी,Loading...
परिवर्तित,Loading...
निकी,Loading...
जोंक,Loading...
माले,Male
लाउंज,Loading...
गायकों,Loading...
इकलौते,Loading...
शेरिफ़,Loading...
विजाग,Loading...
अधीर,Loading...
इक्का,Loading...
पिल्लई,Loading...
व्यंग्य,Loading...
निकालूँगा,Loading...
नितंब,Loading...
चूड़ियां,Loading...
स्कर्ट,Loading...
बनूँगा,Loading...
क्वॉन्टम,Loading...
पूर्वाभ्यास,Loading...
हिल्स,Hills
टिमी,Loading...
पाऊँगा,Loading...
सुनीता,Loading...
शैन,Loading...
बीबी,Loading...
पड़ेंगे,Loading...
अभीयान,Loading...
पढ़कर,Loading...
तत्वों,Loading...
गुफ़ा,Loading...
परिष्कृत,Loading...
अपुष्ट,Loading...
बूढ़ा,Loading...
पकड़ने,catching
मदर,Loading...
संभावीत,Loading...
मांगना,Loading...
चढ़ा,Loading...
बंदे,fellow
शीतनीद्रा,Loading...
मिलेंगी,Loading...
बँधा,Loading...
संभावनाओं,Loading...
संग्रहण,Loading...
वेलू,Loading...
मम-ह्म,Loading...
मनोनीत,Loading...
शास्त्रों,scriptures
कतई,absolutely
बक-बक,Loading...
अभिमानी,Loading...
स्याही,Loading...
गोलमाल,chaos
पूछूंगा,I will ask
याचीका,Loading...
वेरनॉन,Loading...
बनायी,Loading...
अंकुरित,sprouts
सरसों,Loading...
हरकत,movement
चपेट,Loading...
ओमार,Loading...
संतरियों,Loading...
दर्शाता,Loading...
घेरे,Loading...
पाओगी,Loading...
लिखी,Loading...
जम,Loading...
इसलीये,Loading...
इनलैंड,Loading...
निकायों,bodies
प्रायश्चित,Loading...
उन्नति,Loading...
थकान,Loading...
सहारे,Loading...
संक्रमण,Loading...
बहरे,deaf
सड़ांध,Loading...
देखीए,Loading...
कफन,coffin
निर्वासन,Loading...
झोंपड़ी,Loading...
गगनचुंबी,Loading...
जूझ,Loading...
नितंब-दोस्त,Loading...
दुर्जेय,Loading...
कैथोलिक,Loading...
वाल्का,Loading...
उम्दा,Loading...
हलो,Loading...
ब्यूरो,Loading...
चबा,Loading...
मीलों,Loading...
दोहराता,Loading...
जायेंगी,Loading...
संभावनाओ,possibilities
होस्टेस,Loading...
रहूं,Loading...
हावर्ड,Loading...
टहलने,Loading...
सालाजार,Salazar
हिमस्खलन,Loading...
बहिन,Loading...
केंटकी,Loading...
क्विंटरो,Loading...
बढ़ें,Loading...
ढीली,Loading...
उबरने,Loading...
मनाही,Loading...
विली,Loading...
टिन,Loading...
आस्तीन,Loading...
धनी,Loading...
उदासी,sadness
केबिन,Loading...
आभूषण,Loading...
ऑस्कर,Loading...
एंटेना,Loading...
पेग,Loading...
पुश,Loading...
वायरल,Loading...
चिढ़,irritated
तला,Loading...
चाहुंगा,Loading...
बरदास्त,Loading...
सर्वाधिक,Loading...
टैली,Loading...
न्यूज,Loading...
जड़ें,Loading...
रील,Loading...
एमआईटी,Loading...
झुण्ड,Loading...
फेसबुक,Loading...
नर्सरी,Loading...
जिप,Loading...
जाएँगी,Loading...
घूमती,Loading...
कपास,Loading...
बातूनी,Loading...
नन,Loading...
पकड़े,Loading...
हुँ,Loading...
मांगती,asks for
मानवों,Loading...
यादगार,Loading...
भाड़े,Loading...
कोओर्डीनेट्स,Loading...
शाकाहारी,Loading...
तिल,mole
तानाशाहों,dictators
श्रम,Loading...
बो,Loading...
तोड़ना,Loading...
भगा,Loading...
क्रेसेंट,Loading...
कुत्तापन,Loading...
गोभी,Loading...
रबर,Loading...
टाटा,Loading...
महाकाव्य,epic
डिप्लोमा,Diploma
अंकुश,Loading...
नौकायन,Loading...
हुक्म,Loading...
कंबल,Loading...
नंगा,Loading...
अभियानों,Loading...
प्रसन्नता,Loading...
नव,Loading...
गड्ढ़े,Loading...
राव,Loading...
पूछूं,Loading...
नीलगिरी,Loading...
ज़ोन,Loading...
डेढ़,Loading...
लपेटो,Loading...
मवेशियों,Loading...
फ़ाइलें,Loading...
हैली,Loading...
परिवर्धन,Loading...
स्मिथ,Loading...
नीलाम,Loading...
मारुँगा,I will kill you
कॉलेजों,Loading...
टैक्सियों,Loading...
गुर,Loading...
झूला,Loading...
शैरन,Loading...
हारा,Loading...
महा,Loading...
चूम,Loading...
अस्सलाम,Loading...
ऊँची,high
एड़ी,Loading...
स्मारिका,souvenir
विचारधारा,Loading...
अकाल,Loading...
लपटों,Loading...
निपटा,Loading...
गोलाकार,Loading...
गुज़ारिश,Loading...
अन्तरिक्ष,Loading...
सेटअप,Loading...
गर्मजोशी,Loading...
फ़र्क,Loading...
बंजर,Loading...
डेन्बी,Loading...
कोरी,Loading...
पोस्टकार्ड,Loading...
दाल,Loading...
इंजीनियरिंग,Loading...
हँसो,Loading...
नामांकन,Loading...
स्पॉट,Loading...
हैकर्स,Loading...
दस्तावेज़,Loading...
रिटर्न,Loading...
अलबम,Loading...
हूआ,Loading...
जड़ी,Loading...
पुकारा,Loading...
बुलाइए,Loading...
बेचैनी,Loading...
कागज़,Loading...
भरोसे,Loading...
जलाऊ,firewood
बास्केटबॉल,Loading...
असहनीय,Loading...
संगतता,Loading...
एटीएम,Loading...
बनाकर,Loading...
प्रसन्न,Loading...
पिलाई,Loading...
कटर,cutter
राजनेताओं,Loading...
सुपरमार्केट,Loading...
पिच,Loading...
शरमा,Loading...
विडम्बना,irony
अदालतों,Loading...
कवि,Loading...
विधेयक,Loading...
ईव,Loading...
घोडे,Loading...
सर्वनाश,Loading...
चैंपियन,Loading...
पत्थरों,Loading...
अहसास,Loading...
धावक,Loading...
भूलभुलैया,Loading...
पाम,Loading...
आलिंगन,Loading...
शाहरुख,Loading...
राग,Loading...
गर्डा,Loading...
रिंग,Loading...
ओकन,Loading...
भ्रमण,Loading...
सैंड्रा,Loading...
दोहरी,Loading...
खोखला,Loading...
इजहार,Loading...
पन्ना,Loading...
ढालना,Loading...
उड,Loading...
जैमे,Loading...
एकतरफा,Loading...
त्योहार,Loading...
छुड़ाना,Loading...
बसाने,Loading...
बदतमीज़,Loading...
मलऊन,Loading...
अस्थिरता,Loading...
साधना,Loading...
कैनेडी,Loading...
एच,Loading...
थामे,Loading...
बाड़ा,Loading...
कॉक्सी,Loading...
वेरोनिका,Loading...
अशुद्ध,Loading...
चिड़चिड़ी,Loading...
देशद्रोही,Loading...
तमयन,Loading...
पक्के,Loading...
पीटेगी,Loading...
ऑफ़र,Loading...
भूखंडों,Loading...
क़सम,Loading...
बजाओ,Loading...
लड़ता,fights
बाँट,Loading...
सोसायटी,Loading...
डाइट,Loading...
जोड़ा,Loading...
नजरबंद,Loading...
लाबान,Loading...
पत्थरवाह,Loading...
आरएम,Loading...
उत्पादित,Loading...
प्रत्यर्पण,Loading...
एसा,Loading...
ढकेल,Loading...
तोपों,Loading...
नाले,Loading...
सीओ,Loading...
स्टर्मन,Loading...
मोटापे,Obesity
जार,Loading...
2रा,Loading...
फ़्री,Loading...
समझदारी,Loading...
चखने,Loading...
ऐन्ड्रियू,Loading...
पाव,Pav
स्पैनिश,Spanish
सोटो,Loading...
तुमलोग,Loading...
मुस्कुराओ,Smile
टर्बाइन,Loading...
ओवेन,Loading...
चलकर,Loading...
दफ़ा,Loading...
नारी,Loading...
ऊंची,Loading...
देखूंगा,Loading...
कांप,Loading...
सविनय,Loading...
सियार,Loading...
सम्पूर्ण,Loading...
रॉयस,Loading...
रेसुके,Loading...
नाचो,Loading...
देखिये,Loading...
कमाना,Loading...
दांती,Loading...
लाइफ़,Loading...
अश्लीलता,Loading...
खटखटाना,Loading...
घर-मेहमानों,Loading...
दयालुता,Loading...
गिब्स,Loading...
नाचना,Loading...
टकरा,Loading...
बैंको,Loading...
टपक,Loading...
प्रतिरक्षा,Loading...
चैपल,Loading...
स्तरीय,Loading...
दोहराया,Loading...
धकेल,Loading...
नाचने,Loading...
अफगानिस्तान,Loading...
मौसी,Loading...
विन्स,Loading...
ट्रिपल,Loading...
मो,Loading...
फ्रेंड,Loading...
हार्ट,Loading...
दर्रे,Loading...
चट्टानूगा,Loading...
चार्टर,Loading...
रीच,Loading...
मूत्राशय,Loading...
सूटकेस,Loading...
सेनाधिपति,Loading...
एवेंजर्स,Loading...
धांधली,Loading...
फ़ेसबुक,Loading...
औरों,Loading...
उड़ानों,Loading...
महरबानी,Loading...
धड़कता,Loading...
काउंटी,Loading...
प्रतिबिंबित,Loading...
हादसों,Loading...
हीयरिंग,Loading...
नाइस,Loading...
ढहा,Loading...
जेल-पक्षी,Loading...
उपनियमों,Loading...
सेवक,Loading...
वांडा,Loading...
शौकीन,Loading...
कॉन्यैक,Loading...
अनदेखा,Loading...
मॉस्को,Loading...
बैंकरों,Loading...
बिलिंग,Loading...
मारें,Loading...
नामों,Loading...
विकासशील,Loading...
उपाध्यक्ष,Loading...
डेलबर्ट,Loading...
हथगोले,Loading...
हब्सी,Loading...
मारिए,Loading...
दीवानी,Loading...
शाँति,Loading...
संस्थानों,Loading...
डेन्वर,Loading...
प्यासा,Loading...
वोदका,Loading...
चैम्बर,Loading...
शह,Loading...
समर-दुर्गंध,Loading...
गर्लफ्रेंड,Loading...
कली,Loading...
बुलाकर,Loading...
रुझान,Loading...
लुढ़का,Loading...
महाद्वीप,Loading...
पीतल,Loading...
उद्यम,Loading...
असीमित,Unlimited
तह,Loading...
उत्तरदायी,Loading...
बड़ाई,Loading...
कटोरा,Loading...
फ़व्वारे,Loading...
एल्क,Loading...
एजीएम,Loading...
जबड़े,Loading...
फ्रेडी,Loading...
प्रभुत्व,Loading...
डीसीपी,Loading...
थीम,Loading...
रिहाई,Loading...
आड़,Loading...
लाऊंगा,Loading...
अतिशयोक्ति,Hyperbola
बा,Ba
रोगियों,Loading...
आइ,Loading...
पहाड़ियों,Loading...
डिकी,Loading...
धौंकनी,Loading...
गुजरता,Loading...
राकेट,Loading...
लक्षणों,symptoms
मनपसंद,Loading...
फाटकों,Loading...
औलाद,Loading...
तैयारियाँ,Loading...
छोडूंगा,Loading...
गैराज,Loading...
हार्स,Loading...
विलासी,Loading...
मतदाताओं,Loading...
हित,Loading...
बदलती,Loading...
ब्रैड,Loading...
परसों,Loading...
श्रीकाकुलम,Loading...
भवनों,Loading...
पहिए,Loading...
शीला,Loading...
खिड़कियां,Loading...
आकस्मिक,Loading...
सौदों,Loading...
मियाज़ाकी,Loading...
घ,Loading...
बंदूक़,Loading...
कैंटीन,Loading...
सम्माननीय,Loading...
मैल,Loading...
पत्तियों,Loading...
इंग्लैंड,Loading...
व्यापारिक,Loading...
डेरिवेटिव,Loading...
शर्माओ,Loading...
घूरना,Loading...
धमकाया,Loading...
निभाओगे,Loading...
एनओसी,Loading...
माँगते,Loading...
संक्षेप,Loading...
भक्ति,Loading...
सुनहरी,Loading...
बुदबुदाती,Loading...
मोहलत,Loading...
बनेंगे,Loading...
मिलीमीटर,Loading...
सम्पर्क,Loading...
पुनर्वास,Rehabilitation
पकडी,Loading...
टुकड़े,pieces
ज़ब्त,Loading...
जोन,Loading...
क्योकि,Loading...
के.सी.,Loading...
रिश्तेदारों,Loading...
सजाया,Loading...
अनुयायी,Loading...
दूषित,Loading...
मादक,alcoholic
अंदाज,Loading...
महंगे,Loading...
आपुर्ति,Loading...
सबब,Loading...
पोंछे,Loading...
जूं,Loading...
कतरा,Loading...
जिनको,Loading...
सहेंगे,Loading...
असहमत,Loading...
अपशकुन,Loading...
स्पेक्ट्रम,Loading...
मैसिडोनिया,Loading...
वायदा,Promise
एथेना,Loading...
डिकमीशन,Loading...
बाकि,Loading...
टोक़,Loading...
विशेषकर,Loading...
झाड़ू,Loading...
गलतियां,Loading...
पलों,Loading...
लीमा,Loading...
महज,Loading...
कर्ज़े,Loading...
क्लॉजविट्ज,Loading...
क्रियान्वित,Loading...
स्टैचू,Loading...
मध्यस्थ,Loading...
एंटीना,Loading...
सीसीटीवी,Loading...
प्रोजेक्ट्स,Loading...
मांगा,Loading...
आर्म,Loading...
फुटेज,footage
मंदिरों,Loading...
वसूली,Loading...
बिखरी,Loading...
कुश्ती,Loading...
चीरकर,Loading...
खेलों,Loading...
व्लादिमीर,Loading...
अदभुत,Loading...
फेंकता,Loading...
पंखुड़ियों,Loading...
घायलों,Loading...
र.ब.स,Loading...
ऐंड,Loading...
ड्रग्स,Loading...
दार्शनिक,Loading...
कार्बनिक,Organic
अल्ट्रा,Loading...
नीली,Loading...
डमी,dummy
अकड़,swagger
नीरस,Loading...
हफ़्ता,Loading...
फिरौन,Loading...
मनाते,Loading...
हाजिर,Loading...
जिलों,Loading...
उजाले,Loading...
भस्म,Loading...
डायनासोर,Loading...
चाहने,Loading...
12वीं,Loading...
सिकुड़,Loading...
डाँटने,Loading...
हार्लिंगटन,Loading...
आदतें,Loading...
ट्यूटर्स,Loading...
रेसर,Loading...
एथेंस,Loading...
रैंप,Loading...
एसएमएस,Loading...
ग्रंथि,Loading...
उपपरमाण्विक,Loading...
डायल,Loading...
लार,Loading...
ट्रिक्सी,Loading...
सोख,Loading...
इमेजिंग,Loading...
पाएगी,Loading...
विनीत,Loading...
गोटलिएब,Loading...
लोमड़ी,Loading...
चिंताएं,Loading...
श्रमिकों,workers
गिसेल,Loading...
नाटो,Loading...
अर्थशास्त्र,Loading...
भट्ठा,kiln
बेताब,Loading...
आईआर,Loading...
गोमांस,Loading...
द्रव,Loading...
ऑफ़िस,Loading...
अनुकूलित,Loading...
सिम्युलेटर,Loading...
कैवलरी,Loading...
अप्रासंगिक,Loading...
मटर,Loading...
चंचल,Loading...
लडका,Loading...
उज्जवल,Loading...
कैडेट,Loading...
ब्रोशर,Loading...
विक्रम,Loading...
खातों,Loading...
पुनर्मिलन,Loading...
कारावास,Loading...
खोद,Loading...
भागीदारी,Partnership
बास,Loading...
रोई,Loading...
मानसिंह,Mansingh
कैरिबियन,Loading...
स्ताटिरा,Loading...
कोहनी,Loading...
चौदह,Loading...
दोहराना,Loading...
क्लाउडिया,Loading...
बोए,Loading...
घुसना,Loading...
ततैया,Loading...
नेविगेट,Loading...
सम्मोहित,Loading...
मेमने,Loading...
औज़ार,Loading...
सत्तर,Loading...
अकेलेपन,Loading...
कामकाज,Loading...
म्यूनिख,Loading...
माँगना,Loading...
खंडहरों,Loading...
कलश,vase
फ्रॉलिन,Loading...
सकूंगी,Loading...
मोटाई,Loading...
पार्सल,Loading...
बहार,Loading...
सौदेबाजी,Loading...
आशय,Loading...
खंजर,Loading...
मुखर्जी,Loading...
सेक्शन,Section
कैनवास,Loading...
पड़ने,Loading...
आईं,Loading...
बताइये,Loading...
वान,Loading...
लहराते,Loading...
सुनाओ,Loading...
सर्वेयर,Surveyor
प्रदर्शनकारियों,Loading...
तोड,Loading...
मिडवे,Loading...
निगाहें,Loading...
गोबर,Loading...
घिनौने,Loading...
गुण,Loading...
बैक्ट्रिया,Loading...
चुनता,chooses
आयात,Loading...
ज़िम्मेदार,Loading...
सैंटोस,Loading...
प्रारंभ,Loading...
आईसीबीएम,Loading...
डाकिया,Loading...
आख़िरकार,Loading...
जीवजी,Loading...
कैम्पर्स,Loading...
ब्लॉन्डी,Loading...
ब्रोड,Loading...
कांपना,Loading...
क्लॉस,Loading...
प्रविष्टि,Loading...
कंपन,Loading...
इंटरफेस,Loading...
मॉड्यूल,Loading...
वासना,Loading...
रोकेंगे,Loading...
आइवरी,Loading...
फ्लोराइड,Fluoride
सूचक,Loading...
फटे,Loading...
लगोगे,Loading...
अनाधिकृत,Loading...
मेमोरी,Loading...
सदैव,Loading...
बख्शा,Loading...
अपवित्र,Loading...
बत्तीस,Loading...
गार्सिया,Loading...
आवंटित,Loading...
नूर्नबर्ग,Loading...
बढ़ई,Loading...
एपेतीत,Loading...
लगाम,Loading...
ढूँढ़ो,Loading...
बनारस,Loading...
ब्लोफ़ेल्ड,Loading...
डू,Loading...
दसियों,Loading...
पेजर,Loading...
तकनीकों,Loading...
स्क्नर्ट,Loading...
घुमाना,Loading...
बीट,Loading...
महँगा,Loading...
जेबों,Loading...
गिरे,Loading...
राजू,Loading...
ठाकुर,Loading...
लगेंगे,Loading...
शर्तें,Loading...
इकठ्ठा,Loading...
फॉस्फोरस,Loading...
गिना,counted
वर्षगांठ,Loading...
मतभेदों,Loading...
प्रशांत,Loading...
अर्न्स्ट,Loading...
प्लेटों,plates
उग्र,Loading...
माध्यमिक,Loading...
शान,Loading...
घना,dense
आरम्भ,Loading...
विमानों,Loading...
लैंडलाइन,Loading...
नामांकित,nominated
लौरी,Loading...
दारू,liquor
अर्थव्यवस्था,Loading...
चढ़ाया,Loading...
तकिया,Loading...
एवं,Loading...
कॉलिंग,Loading...
बूढा,Loading...
डेजर्ट,Loading...
फ़ूल,Loading...
क्षैतिज,Loading...
अरुंधति,Loading...
सांस्कृतिक,Loading...
व्,Loading...
मिचली,Loading...
यक्ति,person
हेल्गा,Loading...
मूस,Loading...
रफ़नट,Loading...
पट्टियों,Loading...
सिल्वा,Loading...
पीऑक,Peacock
आउटडोर,Loading...
अंतर्राष्ट्रीय,Loading...
एसआर,Loading...
इमर्जेंसी,Loading...
प्रिक,Loading...
कंक्रीट,concrete
ज़रुरत,Loading...
टहनी,Loading...
कूरियर,courier
बार्फ़,Loading...
बाक़ी,Loading...
शर्िमंदा,Loading...
तुमहरा,Loading...
फ्रीज,Loading...
बेहया,Loading...
प्रलय,Loading...
आपत्तियां,Loading...
अदृश्य,Loading...
ख़ुश,Loading...
टायलर,Loading...
लैंड,Loading...
व्याकुलता,Loading...
समर्थ,Loading...
ईमेल,Loading...
हॊ,Loading...
लिखें,Loading...
विच,Loading...
अजनबियों,Loading...
जीतेंगे,Loading...
प्रौब्लम,problem
हानिरहित,Loading...
सुरंगें,Loading...
शटल,Loading...
ब्रेड,Loading...
यमुना,Loading...
जाहिरा,Loading...
आउच,Loading...
उभरा,Loading...
फंसा,Loading...
अर्जेंटीना,Loading...
बेमिसाल,Loading...
दमकल,Loading...
क्लच,Clutch
स्टू,Loading...
बढ़े,Loading...
नमस्,Loading...
आऊंगी,Loading...
हम्,Loading...
बुजुर्गों,Loading...
वास्,Vas
कंगाल,Loading...
तव,Loading...
तेरह,Loading...
िनकाला,Loading...
शताब्दी,Loading...
कौनसे,Loading...
कामकाजी,Loading...
सोलोमन,Loading...
नीना,Loading...
परम,Supreme
हाजमोला,Loading...
खानी,Loading...
आशिक,Loading...
नोच,Loading...
निन्दा,condemnation
फुलझड़ियाँ,Loading...
मियां,Loading...
ज्,Loading...
़यादा,Loading...
रसोईघर,Loading...
लगाता,Loading...
कराहता,Loading...
कपट,Loading...
म्यूरियल,Muriel
रीट्श,Loading...
ज़िपलॉक,Loading...
पकड़ा,Loading...
छोड़ना,Loading...
पहुँचाया,Loading...
तोमंस,Loading...
दुिनया,world
कपडों,Loading...
ओए,Loading...
डीप,Loading...
आश्चर्यचकित,Loading...
रोकथाम,Loading...
खासा,Loading...
भरकर,Loading...
छीलने,Loading...
करुँगी,Loading...
हसीन,Loading...
फेलिक्स,Loading...
ढ़ंग,Loading...
क्षमा-एल,Loading...
हुईं,Loading...
रसीद,Loading...
एल्बम,Loading...
सुहानी,Loading...
सुनसान,Loading...
दुबई,Loading...
हरि,Loading...
शीफ़्र,Loading...
निकलेंगे,Loading...
एम्मा,Loading...
कड़वी,Loading...
बनती,Loading...
जेलों,Loading...
वाइकिंग्स,Loading...
चहचहाना,Loading...
प्रपत्र,Loading...
अरुंधती,Loading...
ढांचे,Loading...
कर्फ्यू,Loading...
परिष्करण,Loading...
उड़कर,Loading...
बेकरार,Loading...
प्रसंग,Loading...
नरसंहार,Loading...
बेवक़ूफ़ी,Loading...
चाट,Loading...
फंसाने,Loading...
क्वींस,Loading...
कम-से-कम,Loading...
परतों,Loading...
आज़ादी,Loading...
अठारह,Loading...
बहना,Loading...
ताई-चान,Loading...
सुप्रीम,Loading...
व्यापक,Loading...
हंसमुख,cheerful
वीडियोटेप,Loading...
हुर्रे,Loading...
पिछ्ले,Loading...
अनुकरण,Loading...
समाजवाद,Loading...
कुमार,Loading...
झाग,Loading...
सिएरा,Loading...
खांसता,Loading...
घोंटना,Loading...
अंतहीन,Loading...
फ़ैसला,Loading...
बनाये,make
हैंडल,Loading...
हार्डी,Loading...
कृष्ण,Loading...
चूमने,Loading...
यूपीवीसी,Loading...
डिप्टी,Loading...
ग्रंप,Loading...
सराहता,Loading...
समझीं,Loading...
वरदान,Loading...
क्या-,Loading...
संगीतकार,Musician
सांसदों,Loading...
ओह-हो,Loading...
जलाना,burn
हूं-,Loading...
बेवकूफ़ी,Loading...
लाठी,Loading...
शेक,Loading...
टेलेंट,Loading...
गढ़,Loading...
उप-शीर्षक,sub headline
भौंकता,Loading...
र,Loading...
ख़ातिर,Loading...
भून,fry
प्रबल,Loading...
एक्शन,Loading...
फ़ाक्सत्रोट,Loading...
पीयो,Loading...
पल्ले,Palle
यूनिवर्सिटी,Loading...
मिलीजुली,Loading...
लगाये,Loading...
आतंकित,Loading...
बहती,Loading...
डरी,Loading...
विचारक,Loading...
दिग्गजों,Loading...
समाप्ति,Loading...
मैथुन,Loading...
अल्फ़ोन्सो,Loading...
मिलवाता,Loading...
करूगा,Loading...
ओटावा,Loading...
पिता-पुत्री,Loading...
आइवी,Loading...
यून,Loading...
कैश,Loading...
सर्वर,Loading...
मौक़ा,Loading...
छमाही,Loading...
टूथब्रश,toothbrush
बकरियों,Loading...
तार्किक,Loading...
सयाने,Loading...
पूँछ,Loading...
खोदा,Loading...
कागज़,Loading...
बाथ,Loading...
नंबरों,Loading...
बुलाने,summon
अल्फ्रेडो,Loading...
पशुओं,Loading...
मैसिना,Loading...
जीजा,Loading...
अपॉइंटमेंट,Loading...
उगलने,Loading...
फेरारी,Loading...
मोल,Loading...
थकी,Loading...
नाजियों,Loading...
हैं-,Loading...
मास्क,Loading...
बर्फ़ीली,Loading...
ग़लती,mistake
ग्रेजुएशन,Loading...
फ़ैमिली,Loading...
पूछिए,Loading...
भोलेनाथ,Loading...
कोरस,Loading...
डालती,Loading...
बोलीविया,Loading...
भूकंपीय,Loading...
दागो,Loading...
विष्णु,Loading...
स्प्रिंग,Loading...
सॉसेज,Loading...
निरस्त्रीकरण,Loading...
ठंडाई,Loading...
पट्ठे,Loading...
मैं-मैं,Loading...
ट्रापेनी,Loading...
आदरणीय,Loading...
स्टारडस्ट,Loading...
बढ़िए,Loading...
कमीशन,Loading...
स्टेनली,Loading...
रेफ़्रीज़रेटर,Loading...
संसार,Loading...
ब्रेंडा,Loading...
निपुण,Loading...
बढ़ेगा,Loading...
आइस्ड,Loading...
झूट,Loading...
एनिमल्स,Loading...
बोतलें,Loading...
अतिव्यापी,Loading...
मैजिकल,Magical
रेडीमेड,Loading...
स्टाफ़,Loading...
25वें,Loading...
सईद,Loading...
सिल,Loading...
डिज़ाइन,Loading...
घबराने,Loading...
उन्मूलन,Loading...
जुली,Loading...
थमा,Loading...
रहूँगी,Loading...
उगता,Loading...
गिग,Loading...
झुका-बुक,Loading...
येल,Loading...
आऊँ,Loading...
फ्रीजर,Loading...
भागिए,Loading...
पूंजीवादी,Loading...
थियो,Loading...
पोर,Loading...
वाद्य,Loading...
दिमागी,Loading...
बांह,Loading...
हार्न,Loading...
पेन,Loading...
कुमारी,Loading...
सांझ,Loading...
ऐन,Loading...
एमिल,Loading...
रिसना,Loading...
ज़िम्मेदारी,Loading...
नवंबर,Loading...
कुली,Loading...
अनुपस्थित,Loading...
दलदल,Loading...
अरुण,Arun
विश्वकोश,Loading...
नौसिखिया,Loading...
बाँहों,Loading...
तोड़फोड़,Loading...
उँगलियों,Loading...
बेले,Loading...
खोलता,Loading...
स्किनर,Loading...
पायेगी,Loading...
कैमिनो,Loading...
जिसको,Loading...
लाऊँगा,Loading...
जू,Loading...
तरकीब,trick
जम्मू,Loading...
हस्ती,Loading...
कद्र,Loading...
इंसानियत,Loading...
आसा,Loading...
शिष्टता,Loading...
अलग-थलग,Loading...
अवमानना,Loading...
न्यूजवाच,Loading...
लौटकर,Loading...
तलाक़,divorce
फूलदान,Loading...
आप्का,yours
ग्लेन,Loading...
तिरुपति,Loading...
अनदेखी,Loading...
वहन,Loading...
दाने,Loading...
कारवां,Loading...
पोर्टलैंड,Loading...
बिलिंग्स,Loading...
फैक्स,Loading...
मोर्चा,Loading...
कहनी,Loading...
फ़ेडरल,Loading...
लॉटरी,Loading...
ब्राह्मणों,Loading...
मुझमें,Loading...
मास्टरमाइंड,Loading...
औद्योगिक,Loading...
प्रोत्साहन,Loading...
ख़ूब,Loading...
सोनार,Loading...
लिेए,Loading...
अनुमोदित,Loading...
ख़ून,blood
बूंदें,Loading...
योनी,Loading...
भेड़ों,Loading...
स्किप,Loading...
प्रहार,Loading...
दावों,claims
मदहोशी,Loading...
सितंबर,Loading...
स्क्वेयर,Loading...
बालकनी,Loading...
खर्राटों,Loading...
अनुभाग,Loading...
इनकोडिंग,encoding
चूँकि,Loading...
वधू,Loading...
आरक्षण,Loading...
अविनाशी,Loading...
दावोस,Loading...
मदर्स,Loading...
पहुँचाएँगे,Loading...
दुल्हनों,Loading...
कटुता,Loading...
खच्चरों,Loading...
प्रतिकार,Loading...
ढूढते,Loading...
लादेन,Loading...
लत,Loading...
टेनिस,Loading...
महिलाएँ,Loading...
विकृति,Loading...
षाट्रेज़,Loading...
प्रियतम,Loading...
अल्बेनीया,Loading...
कुर्ते,Loading...
वीर्य,Loading...
हर्षध्वनि,Loading...
गुनगुन,Loading...
कंडोम,Loading...
ऐडवोकाट,Loading...
वार्ड,Loading...
वर्न,Loading...
रंगरूटों,Loading...
पले,Loading...
बचना,Loading...
घिस,Loading...
कौंसुल,Loading...
शख़्स,Loading...
श्रेष्ठ,Best 
जोय,Loading...
भगत,Loading...
फ़ीसदी,Loading...
िकया,Loading...
पहचानता,recognizes
चेलों,Loading...
गस,Loading...
जागते,Loading...
डसेलडोर्फ,Düsseldorf
हैमर,Loading...
टेटनस,Loading...
कफ,Loading...
नासमझ,Loading...
बेखबर,Loading...
लड़ने,Loading...
मासूमियत,Loading...
आत्मविश्वास,Self-confidence
गज़ब,Loading...
कमियों,Loading...
मिसेज़,Loading...
चेयरमैन,Loading...
मानेंगे,Loading...
घोंट,Loading...
डिब्बा,box
व्यवसायों,Loading...
वक्ता,Loading...
नापा,Napa
ढूंढ़ो,Loading...
फ़िल्मांकन,Loading...
बाल-बाल,Loading...
तन,Loading...
ख़ाली,Loading...
हलवाई,Loading...
चुम्मा,Loading...
पैंटागन,Loading...
डुबो,Loading...
वैगनों,Loading...
दुपट्टा,Loading...
बदलोगे,Loading...
सोचेंगे,Loading...
व्यंग्यात्मक,Loading...
गैब्रिएला,Loading...
तगड़ा,Loading...
डूबे,drowned
किल्रॉय,Loading...
उच्चारण,Pronunciation
चाटो,Loading...
कैंसिल,Loading...
अपटाउन,Loading...
साख,credit
खतरों,Loading...
जैंटलमेन,Loading...
उछल,Loading...
ऑटोग्राफ़,Loading...
ख़तरा,Loading...
पेटी,Loading...
मछुआरों,Loading...
कंधों,Loading...
संभालकर,Loading...
डाले,Loading...
निक,Loading...
दीनों,Loading...
सीआई,Loading...
थैंक,Loading...
बुद्धीजीवी,Loading...
बॉम्ब,Loading...
रघु,Loading...
बर्रा,Loading...
वायरस,Loading...
जोकि,Which is
रणनीती,strategy
लेवल,Loading...
जग,Loading...
डोर्स,Loading...
शताब्दियों,Loading...
लिखवाना,Loading...
पहुंचें,Loading...
इंद्रा,Loading...
बेचे,Loading...
नहर,Loading...
प्रेम-पत्र,Loading...
चिजॉन,Loading...
फलों,Loading...
फ़टते,Loading...
केन्द्रों,Loading...
पार्ट्स,Loading...
सीए,Loading...
पितरों,Loading...
बुकमार्क,Loading...
रिसेप्शन,Loading...
आदमीयों,men
घोडा,Loading...
विनी,Loading...
परिवर्तनीय,Loading...
घोडो,Loading...
भूतों,Loading...
कटा,Loading...
अर्र,Loading...
निर्धन,Loading...
फ़िगर,Loading...
फेरे,Loading...
खोलोगे,Loading...
छान,Loading...
तरोताजा,Loading...
बताऊं,Loading...
कोना,Loading...
लालिमा,Loading...
बदलकर,by changing
प्यार-पत्र,Loading...
रेवेन्यु,Loading...
बढीया,Loading...
ईशु,Jesus
देशम,Loading...
भूगर्भ,Loading...
कीया,Loading...
बोलबाला,Loading...
दुनियां,Loading...
उपलब्धियों,Loading...
कसा,Loading...
कायनात,Loading...
मीलेगी,Loading...
स्टेम,Loading...
इन्फिनिटी,Loading...
चालाकी,Loading...
बदकिस्मती,Loading...
प्रथागत,Loading...
निम्नतम,Loading...
प्रताप,Loading...
वर्मा,Loading...
वंशानुगत,Loading...
वाय,Loading...
समझकर,Loading...
प्रमोशन,Loading...
नजदीक,Loading...
छूता,touches
एस्टेट,Loading...
क्लाइंट,Loading...
साइकल,Loading...
सेबों,Loading...
सीना,Loading...
मेम्ने,Loading...
सकू,Loading...
बत्तियां,Loading...
सस्ती,Loading...
इसलिये,Loading...
शब्दावली,Loading...
पीवीसीयू,Loading...
सजे,Loading...
ड्रेफ़स,Loading...
छोडोगे,Loading...
टुकडे,Loading...
सोचूंगा,Loading...
छुपाया,Loading...
विस्फ़ोट,Loading...
घड़ियों,Loading...
जैसों,Loading...
क्लोराइड,Loading...
सिड,Loading...
कौनसी,Loading...
लचीली-जीभ,Loading...
मॉरिस,Loading...
मीलती,Loading...
संडे,Loading...
स्ट्रिप,Loading...
हड्डियाँ,Loading...
चमकने,Loading...
वैली,Loading...
एटलस,Loading...
ढूँढ़ने,Loading...
क्लोज़,Loading...
नारायणन,Loading...
बजी,Loading...
पिघलाव,Loading...
क्राइस्ट,Loading...
नीकलता,Loading...
उलझा,Loading...
अजमाने,Loading...
अजीबोगरीब,Loading...
ओक्लाहोमा,Loading...
टाँगें,Loading...
वारदात,Loading...
कुतरना,Loading...
ठिठोली,Loading...
आइंस्टाइन,Einstein
विचित्र-पंथियों,Loading...
बारीश,Barish
मिलनसार,Loading...
सीडीसी,Loading...
दुर्भावना,Loading...
बोलूँ,Loading...
मूतता,Loading...
दिव्य,divine
दाहीने,Loading...
पर्पल,Loading...
प्राणों,Loading...
खिलाओ,feed
आऊँगी,Loading...
आईआईएम,Loading...
स्वप्न,Loading...
हम्सा,Loading...
मूतने,Loading...
बिछुड़,Loading...
रघुवीर,Loading...
आओगी,Loading...
हँसना,Loading...
शत्रुओ,Loading...
गिनने,Loading...
विवश,Loading...
स्पिन,Loading...
फ़िलहाल,Loading...
फील्ड,field
कड़ाई,Loading...
डूबा,Loading...
अचेत,unconscious
वरमोंट,Loading...
स्कीइंग,Loading...
कुपोषण,Loading...
परमानंद,Loading...
टेनर,Loading...
हरगिज़,Loading...
बाघों,Loading...
किटी,Loading...
बाक़ियों,Loading...
कमज़ोरी,Loading...
होऊं,Loading...
बुझाओ,Loading...
पॉइंट,Loading...
फ़ोर्ट,Loading...
लॉलीपॉप,Loading...
क्रिस्टल,Loading...
मोहक,Loading...
बदक़िस्मती,Loading...
बढ़कर,Loading...
केकड़े,Loading...
ऑस्बोर्न,Loading...
अछूत,Loading...
रुकूँगा,Loading...
टीयूसी,Loading...
उधेड़नेवाला,Loading...
पायरेटेड,Loading...
कर्ल,Loading...
दोहराते,Loading...
दवाइयां,Loading...
इरादों,Loading...
लकड़ी,Wood
जकड़े,Loading...
प्राधिकारी,Loading...
टैरो,Loading...
भूलेगा,Loading...
घुमाकर,Loading...
जागी,Loading...
नेवादा,Loading...
मुर्गियाँ,Loading...
हटकर,Loading...
प्रोफ़ेसर,Loading...
जंबो,Loading...
बागे,Robe
लगाएँ,Loading...
शल्य,Loading...
धरा,Loading...
हैंडबैग,Loading...
चमकना,Loading...
चुभ,Loading...
कौंधती,Loading...
मुझें,Loading...
नसें,Loading...
उतारना,Loading...
तिरछी,Loading...
अभिनेता,Loading...
सुसू,Loading...
ईटी,Loading...
ढूँढ़कर,Loading...
चिढ़,Loading...
क्यूंकी,Loading...
चिंपांज़ियों,Loading...
प्रतियोगी,Loading...
अपूरणीय,Loading...
फ़ैरेल,Loading...
बुद्धू,Loading...
अत्याधुनिक,Loading...
बेगुनाही,Loading...
जगत,world
चौबीस,Loading...
लायेगा,Loading...
कहर,havoc
गुप्तचर,Loading...
गीरा,Gira
अमृत,Loading...
कम्पूटर,Loading...
संप्रदायों,Loading...
उठाई,Loading...
ख्याली,Loading...
वीएचएस,Loading...
सहवास,Loading...
सीखो,Loading...
दलीया,Loading...
भागीदार,Loading...
प्रवाहित,Loading...
वासु,Loading...
खिचाव,Loading...
बचती,Loading...
कीं,Loading...
जिल,Loading...
हाफना,Loading...
टांका,Loading...
जगहें,Loading...
बोलिये,Loading...
हटिये,Loading...
गैंग,Loading...
विस्थापित,Loading...
विज्ञापनों,Loading...
शेड,Loading...
अटारी,Loading...
आपदाओं,Loading...
आऊ,Loading...
अंगुलियाँ,Loading...
गोलकोंडा,Loading...
फ़र्नीचर,Loading...
समीक्षक,Loading...
बैठोगे,Loading...
देखेगी,Loading...
रोगों,Loading...
सीढ़ियों,Loading...
पड़ती,Loading...
फ़्लैट,Loading...
प्रोटीन,Loading...
कार्बोहाइड्रेट,Loading...
पिद्दी,Loading...
मीला,Loading...
डिस्टर्ब,Loading...
हीथ,Loading...
बुत,Loading...
डबल-ग्लेज़िंग,double-glazing
हमको,Loading...
फसाने,Loading...
ग्लेज़िंग,Loading...
सिक्योरिटी,Loading...
खींचकर,Loading...
कूपर,Loading...
ध्यानपूर्वक,carefully
हैरानी,Loading...
मैन्युअली,Loading...
चेंजिंग,Loading...
राइडर्स,Loading...
सुधारने,Loading...
नेचर-बर्न्स,Loading...
थैचर,Loading...
केरन,Loading...
स्वदेशी,Loading...
सामी,Sami
सुखा,Loading...
आयुष्मान,Loading...
भव,Loading...
ट्रायल,Loading...
कोच्चि,Loading...
गुरुवायुर,Loading...
कुर्बान,Loading...
चॉपर,Loading...
औषध,Loading...
पैरो,feet
बख्श,Loading...
पॉकेट,Loading...
मत्ता,Matta
बाते,Loading...
खोए,Loading...
नारियल,Loading...
कॉक्स,Loading...
पिंचानवें,Loading...
नटखट,Loading...
सेनायें,Loading...
प्रवृत्त,Loading...
वर्षाबूंदों,Loading...
शीतनिद्रा,Loading...
नाज़ी,Loading...
पढ़,Loading...
शर्माहट,Loading...
अनगीनत,Loading...
फ़ल,Loading...
टुकडो,Loading...
अंगरक्षक,Loading...
आखीर,Loading...
जाँचने,Loading...
गुज़रना,Loading...
सने,Sane
दरवाज़ों,Loading...
वज़न,weight
चारो,Loading...
धरे,Loading...
नेचर-बर्न,Nature-Burn
ज़बर्दस्त,Loading...
मर्यादा,Loading...
लेंगी,will take
दृश्यों,Loading...
ढंक,Loading...
बहिष्कृत,Loading...
रीडर्स,Loading...
बचाओगे,Loading...
रखिये,Loading...
बालिग,Loading...
हुनर,Loading...
जीतेगे,will win
घोड़े,Loading...
जानकार,Loading...
हल्की,Loading...
पाऊँ,get
सप्लीमेंट्स,Loading...
मज़ाकिया,Loading...
अट्टा,Loading...
ढूंढो,Loading...
तथास्तु,Loading...
अल्प,Loading...
ढ़क्कन,Loading...
उपदेशक,Loading...
कीमतें,Loading...
सेव,Loading...
तैसा,Loading...
सकीना,Loading...
गटर,Loading...
सितार,Loading...
जागता,Loading...
जन्मे,Born
करीना,Loading...
छह-सात,Loading...
वैगन,Loading...
जेमिसन,Loading...
छोड़ें,Loading...
रब्बी,Loading...
मार्गरेट,Loading...
उन्मुक्त,Loading...
खुरचनी,Loading...
न्यायोचित,Loading...
निर्वाचित,Loading...
पुस्तकालयों,Loading...
कानाफूसी,Loading...
हैंक,Loading...
लॉर्ड्स,Loading...
हिन्दू,Loading...
अरबी,Loading...
गौरवशाली,Loading...
सामंजस्य,Loading...
स्क्रैप,Loading...
चिंतन,contemplation
अक्षरों,Loading...
शफीक,Loading...
कुचलकर,Loading...
जन्नत,Paradise
दिखो,Loading...
ताबीज,Loading...
शरबत,Loading...
करीम,Loading...
यूरो,Loading...
गिरती,Loading...
तुमहारी,Loading...
मातृभूमि,Loading...
फैलाओ,spread
अवधारणा,Loading...
हिमपात,Loading...
चींटियां,Loading...
करनेवाला,Loading...
फिल्टर,Loading...
उठने,Loading...
टैबलेट,Loading...
हिन्दू-मुस्लिम,Loading...
लुभाना,Loading...
केटेलिन,Loading...
जोशी,Loading...
जॉफ्रे,Loading...
सनी,Loading...
लोन,Loading...
सरलता,Loading...
रकम,Loading...
तुम्हरा,Loading...
समझें,Loading...
बिस्कुट,Loading...
सुभाष,Loading...
जनम,birth
प्रतीक्षारत,Loading...
तपस्वी,Loading...
अटल,Loading...
गणेश,Loading...
नौकाओं,Loading...
पट्ठों,Loading...
तैराकी,Loading...
सरखेज,Loading...
क्षत्रप,Loading...
पियें,Loading...
भारतीयों,Loading...
हलवा,Loading...
यहा,Loading...
जलवायु-परिवर्तन,Loading...
संबंधी,Loading...
छेड़खानी,Loading...
सोनिया,Loading...
फैब,Loading...
जस्ट,Loading...
विज्ञानी,Loading...
मानसी,Loading...
गड़बड़ा,Loading...
पर्यावरणीय,Loading...
नाचें,Loading...
डी-लॉक्स,D-Locks
गिरफ़्तारियाँ,arrests
सशक्तिकरण,Loading...
प्रीति,Loading...
जी-20,Loading...
जिंटा,Loading...
सौभाग्यशाली,Loading...
झोंक,gust
बैठें,Loading...
धूंए,Loading...
पहुँचाता,Loading...
खजूर,Loading...
वॉच,Loading...
फीड,Loading...
लाला,Loading...
मोमबत्ती,candle
मोहब्बत,Loading...
कैम्पिंग,Loading...
तख्ता,Loading...
बेक्ड,Loading...
हलीम,Loading...
खड़की,Loading...
सऊदी,Saudi
पितृत्व,Loading...
होंडा,Loading...
मल्हार,Loading...
गीदड़ों,Loading...
जोत,Loading...
माप,Loading...
रिवाइंड,Loading...
ठहराव,Loading...
कौवा,Loading...
पहुँचाए,Loading...
चिन्हों,Loading...
बैज,Badge
ताना,Loading...
हस,Loading...
स्टालियन,Loading...
चाँदनी,Loading...
असहमति,Loading...
झांकना,Loading...
एशियाइयों,Loading...
बार्बोसा,Loading...
छींटे,Loading...
नालायक,Loading...
हंगामे,Loading...
सिरा,Loading...
जमगट,Loading...
कि-,That-
भावनाएं,Loading...
वह-,Loading...
टेरारियम,Loading...
पपड़ी,Loading...
संभवत,Loading...
भड़ौआ,Loading...
ट्रकों,Loading...
अभी-,Loading...
क्रूरताओं,Loading...
दोस्,Loading...
शब्,Loading...
प्रयोगशालाओं,Loading...
ब्लॉन्ड,blonde
मेग्मा,Loading...
अम्,Am
इश्वरनिंदक,Loading...
पहुँचाना,Loading...
नासरी,Loading...
गलिली,Loading...
बत्तख,Loading...
काटते,Loading...
कैफस,Loading...
मु-न्-डो,Loading...
एप्रन,Loading...
ग़ज़ब,Loading...
प्लवक,Loading...
कसाईघरों,Loading...
बौछार,Loading...
मसाले,Loading...
इज्जत,Loading...
आत्मकामी,Loading...
जनरेटर,Loading...
एबेल,Abel
फ़िशलेग्स,Loading...
शवों,dead bodies
सुनियोजित,Loading...
चों,Loading...
फटना,Loading...
बांधकर,Loading...
आयोमैट्टी,Loading...
घुसाओ,Loading...
चा,Loading...
रोके,Loading...
झाड़ियां,Loading...
सुखाया,Loading...
झल्लाओ,Loading...
चे,Loading...
बलूत,Loading...
संतुष्,Loading...
म,Loading...
चीरा,Loading...
बीफ़,Loading...
मनी,Loading...
सीगल,Loading...
अवरक,Loading...
धन्,Loading...
यवाद,Loading...
में-,Loading...
राज़ी,Loading...
रज़ामंदी,Loading...
चढ़ाना,Loading...
दादू,Loading...
ज़माने,Loading...
दिन-रात,Loading...
सड़कों,Loading...
नगण्य,Loading...
सज,Loading...
पुनर्व्यवस्थित,Loading...
अफ़गानिस्तान,Afghanistan
लूटा,Loading...
गैर-जीएमओ,Loading...
समझाऊँ,Loading...
पिक-अप,Loading...
एरिज़ोना,Loading...
मेरठ,Loading...
बेहोशी,Loading...
स्टांप,Loading...
फ़ार्म,Loading...
जॉनीस,Loading...
दुर्व्यवहार,Loading...
लुटेरों,Loading...
जलपान,Loading...
समलैंगिकता,Loading...
मिटाने,Loading...
गोल्फ़,Loading...
सोनोग्राफी,Loading...
रमेश,Loading...
लौटूंगा,Loading...
बीतता,Loading...
पुनर्गणना,Loading...
अनवर,Loading...
ज़िदगी,Loading...
रेलिंग,Loading...
गुजराती,Loading...
सेवित,Loading...
व्हिटमैन,Whitman
धमाकों,Loading...
बचाएं,Loading...
अबेनादर,Loading...
और-,Loading...
संकल्पों,Loading...
जोड़े,Loading...
अनूठी,Loading...
साइना,Loading...
यूनिफ़ॉर्म,Loading...
जेनिफ़र,Jennifer
पिला,Loading...
पकड़ो,Loading...
सालगिरह,Loading...
मैजिक,Loading...
तुझ,Loading...
ईद,Loading...
विलक्षण,Loading...
त्योहारों,Loading...
बस्ता,Loading...
बोतलों,Loading...
विदूषक,Loading...
गुब्बारे,Loading...
तरी,Loading...
बागियों,Loading...
टोली,Loading...
बिंदीदार,dotted
कच्ची,Loading...
पिल्लों,Loading...
सचिन,Loading...
शौच,Loading...
खाएँगे,Loading...
रजनी,Loading...
रितेश,Loading...
ढाई,two and a half
चपटा,Loading...
जिहादियों,Loading...
दर्जनों,Loading...
पासा,dice
विल्डिंग,Loading...
ब्रिक,Loading...
अस्त-व्यस्त,Loading...
असत्य,Loading...
कूटनीतिक,diplomatic
रौशन,Loading...
छुडाओ,Loading...
घिसकाया,Loading...
नम,Loading...
स्केंक,Skank
घाटबंधी,Loading...
किशोर,Loading...
तिमाही,Loading...
सरकारें,Loading...
तरंग,wave
सौतेली,Loading...
नाकाबंदी,Loading...
सुकोव,Loading...
मूँछ,Loading...
हरियाली,Loading...
बैंकर्स,Loading...
लालों,Loading...
मिलाओ,Loading...
शक्तियाँ,Loading...
सैना,army
लाउंगी,Loading...
पासपोर्ट्स,passports
छुको,Loading...
इकाइयां,Loading...
निपटारे,Loading...
स्ट्रॉस,Loading...
नॉटिंघम,Loading...
कक्षाएं,Loading...
मुआवजा,Loading...
इस्तांबुल,Loading...
अभिनेत्रियों,Loading...
सहा,Loading...
विवेचना,Loading...
जोश,Loading...
जीवन-साथी,Loading...
इम,Loading...
कूड़े,Loading...
भिक्षा,Loading...
ट्यूशन,Loading...
छोड़ने,Loading...
लिविंग,Loading...
खबरें,Loading...
चुटकुले,Loading...
लोशन,Loading...
स्वामिनी,Loading...
वेनिला,Loading...
डिगर्स,Loading...
जानलेवा,Loading...
कॉफ़ी,Loading...
गुमनामी,Loading...
उदय,Loading...
असुविधाजनक,Loading...
क्रम्पेट्स,Loading...
समेटने,Loading...
मालवाहक,Loading...
सकने,Loading...
उबर,Loading...
अवसरवादी,Loading...
निकलेगा,Loading...
हीरा,Loading...
कुछ-कुछ,Loading...
इल्से,Loading...
ब्रिगेडफ्यूरर,Loading...
उतरे,Loading...
साम्यवादी,Loading...
जनमत,Loading...
गाजर,Loading...
अग्रेषित,Loading...
फ्रॉस्ट,Frost
करेंगें,Loading...
परा-पूंजीवाद,Loading...
नेथन,Loading...
शाश्वत,Loading...
मुड़,Loading...
वर्जित,Loading...
एमसीआई-1,Loading...
संस्थाओं,Loading...
कोशिका,Loading...
चढ़ाने,Loading...
जेवियर,Loading...
लकवा,Loading...
खासी,Loading...
बवेरिया,Loading...
वंशाणु,Loading...
जन्मभूमि,Loading...
सराहनीय,Commendable
डालिए,Loading...
जौहरी,Loading...
डिड्कॉट,Loading...
ऊँचाई,Loading...
अन्यों,Loading...
सबों,Loading...
पकड़ें,Loading...
आज़ाद,Loading...
किनारों,Loading...
निपटाने,Loading...
थ्री,Loading...
कांटे,Loading...
लोकतांत्रिक,Loading...
चुंबक,Loading...
इज़ाज़त,Loading...
टेप्स,Loading...
टेलीग्राफ,Loading...
घिनौना,Loading...
छाँटें,Loading...
फार्महाउस,Loading...
मिस्टिक,Mystic
प्रयोगों,Loading...
सिकंजे,Loading...
वॉक्सटर्म,Loading...
राक्षसी,Loading...
गार्डन्स,Loading...
ट्रेफ़ाल्गर,Loading...
कागज़ात,Loading...
धोखेबाजों,Loading...
कैमेरा,Loading...
रिचमंड,Loading...
ड्युटी,Loading...
नज़दीक,Loading...
डॉनिट्ज,Loading...
सैंकड़ों,Loading...
पुर्वक,Loading...
धारणा,Loading...
फिक्र,Loading...
सेवारत,Loading...
दिशाओं,Loading...
सहनशील,Loading...
मज़बूत,Loading...
सेनाएं,Loading...
शिष्ट,Loading...
मेसेडोन,Loading...
अलेक्जेंड्रिया,Loading...
ऑक्सस,Loading...
लॉर्ड,Loading...
समुद्रों,Loading...
कमांडरों,Loading...
चहेते,Loading...
ज़िम्मेदार,Loading...
उद्योगों,Loading...
फेरा,Loading...
महत्त्वपूर्ण,Loading...
स्टॉपवॉच,Loading...
खगोलीय,Loading...
बताएंगे,Loading...
अंडरवर्ल्ड,Loading...
कैम्ब्रिज,Loading...
स्मैश,Loading...
कांटेदार,Loading...
नोबल,Loading...
ऐक्टिविज़्म,Activism
मोड़,Loading...
मस्तूल,Loading...
हम्प्स,Loading...
बाड़ों,Loading...
किंग्सनॉर्थ,Kingsnorth
झेलनी,Loading...
घंटो,Loading...
जंजीर,Loading...
इंडस्ट्रीज,Loading...
सेमी,Loading...
पर्चा,Loading...
फटकारा,Loading...
पुटकैमर,Loading...
उबले,Loading...
कलह,Loading...
बिंदी,Loading...
लावा,Loading...
परिमल,Parimal
थ्रेड,Loading...
जैसे-जैसे,Loading...
उत्पीड़क,Loading...
बुलाए,Loading...
माँ-कमीने,Loading...
मास,Loading...
इयान,Loading...
व्यय,Loading...
मोजो,Loading...
ब्रेक्स,Loading...
छुपाएं,Loading...
गिलोटिन,Loading...
हिलाने,Loading...
किसमें,Loading...
इलाकों,Loading...
मर्डर,Loading...
मांगते,Loading...
मेरीना,Loading...
ढक,Loading...
पोसीडॉन,Loading...
टर्बाइनों,Loading...
नौकरियाँ,Loading...
फ्रैनी,Loading...
बहुराष्ट्रीय,Loading...
खगोलविदों,Loading...
फ्रांसीसी,Loading...
रिज़ा,Loading...
बर्गडॉर्फ,Loading...
सर्वसम्मति,Loading...
जुए,Loading...
मंझे,Loading...
ठहर,Loading...
वेलिंग,Loading...
जाउंगा,Loading...
काग़ज़,Loading...
मचाते,Machate
पुकार,Loading...
बैठेगा,Loading...
सजगता,Loading...
बॅंक,bank
स्कॉटलॅंड,Loading...
हेनरिक,Loading...
रोजा,Loading...
आतिथ्य,Loading...
नवीनीकरण,Loading...
बायलर,boiler
जीवाश्म-ईंधन,Loading...
फ़ौज,Loading...
गांडू,Loading...
एक्सप्रेस,Loading...
छुड़ाने,Loading...
थोड़ा-सा,Loading...
मंज़िल,Loading...
हॉवर्ड,Loading...
जनसाधारण,Loading...
श्रवण,Loading...
पार्लियामेंट,Loading...
समझलो,I understand
स्टेनस्टेड,Loading...
आने-जाने,Loading...
घबराई,Loading...
रथों,Loading...
एमआरआई,Loading...
कीबोर्ड,Loading...
आपपर,on you
जेसन,Jason
सम्प्रदाय,Loading...
ब्लैकहीथ,Loading...
चिल्लाने,Loading...
वोह,Loading...
इन्होनें,Loading...
छात्रा,Loading...
लंगोटी,Loading...
सिखाता,Loading...
पूंजीवादियों,Loading...
बर्बरता,Loading...
राजस्व,Loading...
क्लॉस्टेरोफोबिया,Loading...
नशीले,Loading...
काकेशस,Loading...
कोलर,Caller
ओडर,Loading...
हांसिल,Loading...
रैंकों,Loading...
फ्लैक,Loading...
सांपों,Loading...
हानी,Loading...
दौड़ता,Loading...
मैनचेस्टर,Manchester
अनधिकृत,Loading...
सज़ा,Loading...
रगों,Loading...
कौन-कौन,Loading...
मुवक्किल,Loading...
अस्सी,Loading...
पहुँचाओ,Loading...
अभ्रक,Loading...
किस्सा,Loading...
०१.५२६,Loading...
तड़पते,Loading...
इतेफाकन,Loading...
शिक्षाओं,Loading...
प्रयोजनों,Loading...
एलईडी,Loading...
फिटिंग,Loading...
मरीन,Loading...
धर्मार्थ,Loading...
कोटा,Loading...
फ्रेया,Loading...
कबीला,Loading...
सीखें,Loading...
दिमाग़,Loading...
खेतीबाड़ी,Loading...
वर्तनी,Loading...
०३.५०३,Loading...
खासतौर,Loading...
सोलो,Loading...
आवर्धन,Loading...
चेतना,Loading...
उम्,Loading...
मशीने,Loading...
सोफ्या,Sofya
रोकेट,Loading...
नामोनिशान,Loading...
हज़ारों,Loading...
बांटता,Loading...
रिची,Loading...
फैली,Loading...
गढ़बड,Loading...
जई,Loading...
इस्तीफ़ा,Loading...
उड़ने,Loading...
चरणों,Loading...
००.१२२,Loading...
०३.३१९,Loading...
०७.७०२,07.702
०९.१०७,Loading...
नवाचारों,Loading...
०६.०२१,Loading...
बांझ,Loading...
चैंबर,Loading...
बायोमास,Biomass
०७.३३३,Loading...
नजरिए,perspectives
नावों,Loading...
किस्मों,Loading...
कथित,Loading...
फ़र्म,Loading...
बारहमासी,Loading...
भट्ठी,Loading...
फ़ोर्ड,Loading...
००.५४८,Loading...
०२.७५६,Loading...
झाड़ियों,Loading...
समतापमंडल,Loading...
ख़ुश,Loading...
हजारो,Loading...
पत्रिकाएँ,Loading...
सौरमंडल,Loading...
०८.३८०,Loading...
कोन,Loading...
स्पेसटाइम,Loading...
परिणत,Loading...
०५.९६८,Loading...
०३.६३८,Loading...
चीखता,Loading...
ओपरेटर,Loading...
रॉन,Loading...
बेक,Loading...
वेसी,Loading...
दरिद्र,Loading...
कथन,Loading...
पढ़ाया,Loading...
स्क्रॉल,Loading...
यूजीनिया,Loading...
उछालने,tossing
विशुद्ध,Loading...
डांग,Loading...
सैड,Loading...
लेसली,Loading...
अखरोट,Loading...
तवज्जो,Loading...
लगाती,Loading...
ऊँचे,Loading...
झाड़ी,Loading...
बेथ,Loading...
डंक,Loading...
उद्यान,Loading...
चलाएँ,Loading...
वज़न,Loading...
बदलो,Loading...
शर्मिंदगी,Loading...
इच्छाशक्ति,Loading...
लिखवा,Loading...
बचेंगे,Loading...
बछड़ा,Loading...
हुह्ह,Loading...
ओरिएंटल,Loading...
माँगो,ask for
नवीन,Loading...
बीजारोपण,Loading...
ओबामा,Loading...
कांग्रेसियों,Loading...
केसे,Loading...
०७.६१३,Loading...
अध्यापन,Loading...
००.०७७,Loading...
लिंड्ज़ी,Loading...
०३.४५०,Loading...
०७.०९४,Loading...
साइंस,Loading...
लैंडर,Loading...
बसंत,Loading...
सिखाएगा,Loading...
उलझ,Loading...
मुह,Loading...
शीट,Loading...
बोलूँगा,Loading...
गुमराह,Loading...
पोलीथीन,Loading...
किंडरगार्टेन,Loading...
खोई,Loading...
जलानी,Loading...
हँ,Loading...
तलवारबाज,Loading...
छात्रवृत्ति,Loading...
गुटों,Loading...
दवाएँ,Loading...
भूतो,Loading...
ढकने,Loading...
लगाएँगे,Loading...
शाँत,Loading...
सैकड़ों,hundreds
यक़ीनन,Loading...
हैंडीकैप,Loading...
बढ़ो,Loading...
पढ़ो,Loading...
तुरुप,Trump
कोमो,Loading...
पुनरावृति,Loading...
कुत्तेपन,Loading...
नेत्र,Eye
चटर्जी,Loading...
पायें,Loading...
यूँहीं,Loading...
उपकार,Loading...
दफना,Loading...
बर्गलर,Loading...
बैरेट,Loading...
यात्राएं,Loading...
होमोसेक्सुअल,Loading...
पोंछ,Loading...
आंसरिंग,Loading...
एसयूवी,SUV
प्रबंधित,Loading...
धोना,Loading...
पाट,Loading...
तेईस,Loading...
निशाने,Loading...
चलायें,Loading...
स्टार्ट,Loading...
जिसपर,Loading...
०१.२९४,Loading...
सँभालते,taking care of
बेशर्मी,Loading...
युग्म,Loading...
सुथरा,Loading...
नतीजों,Loading...
शील्ड,Loading...
दीखता,Loading...
फोड़ा,Loading...
रिटायरमेंट,Loading...
सेहत,Health
लम्बे,Loading...
तड़पने,Loading...
भैंस,Buffalo
पर्वतारोही,Loading...
मैदा,Loading...
कड़ा,Loading...
ख़र्चा,Loading...
पहुँचाएगा,will deliver
टिफ़नी,Loading...
डरना,Loading...
मम्म-हम्म,Mmm-hmm
जुड़ाव,Loading...
उपयोगिता,Loading...
बत्तियाँ,Loading...
बजर,Loading...
दर्ज़े,Loading...
खेले,Loading...
अफ्रीकियों,Loading...
सुननी,Loading...
बिके,Loading...
रद्दी,Loading...
तरीक़े,Loading...
पुरा,Loading...
हक़,Loading...
मिशनरियों,Loading...
०६.९५८,Loading...
जोमो,Loading...
दबोच,Loading...
अनियमित,Loading...
हमवतन,Loading...
उत्प्रवास,Loading...
०५.०८०,Loading...
परंपरागत,Loading...
हौंसला,Loading...
पके,Loading...
उर्वरक,Loading...
गड्ढों,pits
नजारा,Loading...
दुरी,Loading...
रीति,Loading...
कहलाती,Loading...
हाथो,Loading...
०४.३४२,Loading...
आख़िर,Loading...
निराशावाद,Loading...
पोषित,Loading...
गती,Loading...
०७.२६६,07.266
जानबूझकर,Loading...
०२.९५५,Loading...
त्रस्त,Loading...
मर्ज़ी,Loading...
होउंगा,Loading...
०५.६३८,Loading...
वृक्षारोपण,Loading...
ऑक्सफेम,Loading...
असमानता,Loading...
००.४३७,00.437
किधर,Loading...
ग़लतियाँ,Loading...
शिकायतों,complaints
नजदीकी,Loading...
०८.१०७,Loading...
००.३७१,Loading...
उभरने,Loading...
०८.९४८,Loading...
औषधीय,Loading...
बूटियों,Loading...
दौड़ते,Loading...
इंधन,fuel
छब्बीस,Loading...
००.६६६,Loading...
बास्केटबाल,Loading...
०४.५२९,Loading...
अँधेरा,Loading...
आगंतुकों,Loading...
०८.३५९,08.359
जिन्न,Jinn
चिराग़,Loading...
०१.९३८,Loading...
०४.८७६,Loading...
डंठल,stalk
आकाशगंगा,Loading...
०३.२८२,Loading...
वृत्त,Loading...
झूलते,Loading...
बागानों,Loading...
पदोन्नत,Loading...
करोडो,Loading...
बढ़ने,Loading...
ऊँगलीबाज़ी,Loading...
फेस,Loading...
धनराशि,Loading...
एंजेला,Loading...
एयरलाइन,Loading...
चटा,Loading...
फाइलों,Loading...
ब्रेकर्स,Loading...
मौतों,deaths
पीछे-पीछे,Loading...
बहेलियों,Loading...
मैग,Loading...
वाइकिंग,Loading...
प्रतिलिपि,Loading...
तबतक,Loading...
हिलिए,Loading...
बीपी,Loading...
मीर्गरीटा,Loading...
बहेलिए,Loading...
नाडर,Loading...
भाइयो,Loading...
साये,shadows
उत्,Loading...
औज़ार,Loading...
वज्र,Loading...
झूमना,Loading...
फ्लीन,Flynn
कर्ज़,Loading...
केलर,Loading...
पार्लर,Loading...
विस्मय,Loading...
मिरैन्डोकाबेड़ागर्क.कॉम,Loading...
स्र्काई,Loading...
डोवर,Loading...
होटलों,hotels
बगावत,Loading...
डेडली,Loading...
बंधकर,Loading...
लेकसाइड,Loading...
मंजिलों,Loading...
पढ़ाने,Loading...
ज़िक्र,Loading...
ज़ख्म,Loading...
अहाते,Loading...
नॉर्थ,Loading...
ई.पू.,Loading...
चिकित्सकीय,Loading...
फोटोग्राफ,photograph
से-,Loading...
हरकतों,antics
धुएं,Loading...
गैर-ज़िम्मेदार,Loading...
सहेजा,Loading...
फोटोग्राफर,Loading...
भीतरी,inner
होर्न्सबी,Loading...
जीवंत,Loading...
कंट्री,Loading...
जली,Loading...
नज़रिया,Loading...
दिखाओगे,Loading...
कालिख,Loading...
मलिनकिरण,Loading...
इंगित,Loading...
डोनाल्ड,Loading...
झाड़ते,Loading...
पोटीन,Loading...
दशरथ,Loading...
भरो,Loading...
लोकसभा,Loading...
गिरता,falls
परिवीक्षाधीन,Loading...
आकाशीय,Loading...
गरमी,Loading...
नेपाल,Loading...
अनोखे,Loading...
पछतावे,Loading...
डाई,Loading...
रैंडी,Loading...
बाज,Loading...
पहिये,Loading...
रेंडी,Loading...
मॉडलों,Loading...
केनेथ,Loading...
फ़्लेचर,Loading...
बनवाओ,Loading...
विश्वासियों,Loading...
बक्,Loading...
आइसलैंडिक,Loading...
सकेगी,Loading...
संभाव्यता,Loading...
कैनरी,Loading...
मसाज,Loading...
जमाना,Loading...
पहनकर,Loading...
प्राथमिक,primary
फटी,Loading...
जुड़वा,Loading...
पड़ताल,Loading...
सामानों,Loading...
गार्नेट,Loading...
इंसानी,Loading...
दाखिला,Loading...
कैलिफ़ोर्निया,Loading...
संयमी,Loading...
खनखनाहट,Loading...
भीमकाय,Loading...
चूची,nipple
नमी,Loading...
फैलाया,spread
दाईं,Loading...
रेज़र,Loading...
घंटियां,Loading...
ढूँढ़ें,Search
सूअर-सवार,Loading...
वाल्मीकि,Loading...
चोरी-छिपे,Loading...
तपस्या,Loading...
चखकर,Loading...
भोंदू,Loading...
डिस्टैन्स,Loading...
सुहाना,beautiful
ओखवान,Loading...
पूर्णिमा,Loading...
मंगोलिया,Loading...
पाखाना,Loading...
भूली,Loading...
हिलाए,Loading...
नाज़,Loading...
निरे,Loading...
लगूंगा,Loading...
कनाडाई,Loading...
ओस,Loading...
स्तंभ,Loading...
पे-फोन,Loading...
गूढ़,Loading...
प्रगतिशील,Loading...
स्की,Loading...
सोच-समझकर,Loading...
जांचकर्ताओं,Loading...
कटवाने,Loading...
कौवे,Loading...
समेटो,Loading...
नजीब,Loading...
करीमी,Loading...
बाँधो,Loading...
स्वॉब,Loading...
जान-बूझकर,Intentionally
क्लैंप,Loading...
लेनन,Loading...
उड़ो,Loading...
बुलबुल,Loading...
उगते,Loading...
बिस्किट,Loading...
अर्से,Loading...
भगाया,Loading...
अब्देला,Abdellah
वास्ट,Loading...
हैना,Loading...
स्टोकर,Loading...
पकड़कर,Loading...
हुकफ़ैंग,Loading...
च्वीनी,Loading...
बड़े-बड़े,big
मोतियों,Loading...
एस्प्रेसो,Espresso
विद्यार्थियों,Loading...
नियोजन,Loading...
गा-गा,Loading...
गू-गू,Loading...
रचनात्मक,Loading...
पूछे,Loading...
बैंड-,Loading...
कराटे,Loading...
प्रतिरोधी,Loading...
ठाँय,Loading...
गहन,Loading...
कोस,cursing
नंबरी,Loading...
ग्रेटेल,Loading...
रैकेट,Loading...
चू,Loading...
ओडिन,Loading...
घुसपैठियों,Loading...
प्रदर्शित,Loading...
ताहा,Taha
कैथेड्रल,Loading...
हत्याओं,Loading...
नुस्खे,Loading...
निर्णयों,Loading...
नाली,Loading...
बरामदे,Loading...
धूप-छाँव,Loading...
दहिने,Loading...
रक्तपात,Loading...
स्लाइस,Loading...
मुड़ता,Loading...
सहर्ष,Loading...
जेली,Loading...
ऊतकों,Loading...
खूँख्वार,Loading...
सिविल,Loading...
फौज,Loading...
जताई,Loading...
जागोगे,Loading...
पट्टियाँ,Loading...
बाँटने,Loading...
बनावटी,Loading...
चाहुंगी,Loading...
मिलाएं,Loading...
मेयर,Loading...
ईसाइ,Loading...
बेलिंडा,Loading...
कैफेटेरिया,Loading...
थका,Loading...
खोजते,Loading...
आई.डी.,Loading...
बड़ों,Loading...
मवेशी,Loading...
आइंदा,Loading...
फिल्मी,Loading...
प्रेस्टीज़,Loading...
महत्वहीन,Loading...
स्टार्टर,starter
दुर्भावनापूर्ण,Loading...
रवैया,Loading...
गलीचा,rug
पाखंडी,Loading...
सेंकना,Loading...
कोमल,Loading...
बुलाएँ,Loading...
नादान,Loading...
बरस,Loading...
विंस,Loading...
अड़ियल,Loading...
संरक्षिका,Loading...
खोजी,Loading...
महापौर,Loading...
अपव्यय,Loading...
मणि,Loading...
अक्तूबर,Loading...
टाँग,Loading...
अपनाते,Loading...
पूछेंगे,Loading...
बनाओगे,Loading...
बनाएंगे,Loading...
मरूं,Loading...
भरते,Loading...
कांगो,Loading...
बनाएगा,Loading...
लांघी,Loading...
बेवजह,Loading...
सोफ़े,Loading...
चटनी,Loading...
पब्लिशिंग,Loading...
रॉसी,Loading...
रोकी,Loading...
साउथएंड,Loading...
उगाई,Loading...
बांधो,Loading...
समर्थकों,Loading...
स्नेकबाइट,Loading...
थाई,Loading...
लेटा,Loading...
हिलती,Loading...
चूत,Loading...
मलेरिया,Loading...
रणनीतियों,Loading...
काटता,Loading...
बर्दास्त,Loading...
स्वाब,Loading...
क्लाउड्जंपर,Loading...
बिविल्डर्बीस्ट,Loading...
एंटीबायोटिक,Loading...
जानेगा,Loading...
सौम्य,Loading...
गण,Loading...
देखनी,Loading...
कहिये,tell me
कोठरियों,Loading...
इंद्रियों,Loading...
उछला,Loading...
वफ़ल,Loading...
इंचार्ज,Loading...
मेटा,Loading...
खाका,Loading...
फोटोग्राफी,Loading...
ब्रुक,Loading...
गतिरोध,Loading...
हफ़्ता,Loading...
जागीरदार,feudal lord
बैंग,Loading...
ग़लतियां,Loading...
रैंकिंग,Loading...
धातुओं,Loading...
साबुन-पत्थर,Loading...
खामियों,Loading...
पारिस्थितिकी,Loading...
चेज़,Loading...
खरब,Loading...
चुकाई,Loading...
तादाद,Loading...
चौकियों,Loading...
ख़ामोश,Loading...
संग्रहीत,Loading...
मान्यता,Recognition
बेल्जियम,Loading...
खिलाते,Loading...
संपादक,Loading...
सीएनएन,Loading...
पुलित्जर,Loading...
जी8,Loading...
ट्रांसपोर्टरों,Loading...
हम-,Loading...
सतत,Loading...
मुताबिक़,Loading...
एडमिरल,Loading...
पतित,Loading...
सत्यापन,Loading...
प्रेज़िडेंशियल,Loading...
लेटाओ,Loading...
वाल्व,Loading...
दूरबीन,Telescope
प्रोविडेंस,Providence
दर्शनीय,Loading...
आवधिक,Periodical
मैटेरियल,Loading...
एंबर,Loading...
स्वत,Loading...
कृष्णा,Loading...
शिक्षाविदों,Loading...
घुमाया,Loading...
अपाचे,Loading...
लेखकों,Loading...
मापने,Loading...
केल्विन,Loading...
हाइड्रा,Loading...
प्रतिनिधियों,Loading...
विसंगति,Loading...
पिंग,Loading...
शेल्फ,Loading...
मुद्रित,Loading...
रक्षाहीन,Loading...
रिकी,Loading...
शरणार्थी,Loading...
एचआईवी,Loading...
मुफ़्त,Loading...
शतरंज,Loading...
फ्रंट,Loading...
सेलुलर,Loading...
वैश्वीकरण,Loading...
पहचानो,Loading...
प्रभामंडल,Loading...
बटालियन,Loading...
लीड,Loading...
स्मरण,Loading...
स्वीट,Loading...
टैंगो-जूलियट-1-9-3-3-4,Loading...
लैंगली,Langley
लौकिक,Loading...
अनजाने,Loading...
संहार,Loading...
ट्रूमैन,Loading...
छिपने,Loading...
वेंटिलेशन,Loading...
शत्रुतापूर्ण,Loading...
अर्द्धसैनिक,Loading...
प्योंगयांग,Loading...
सजग,Loading...
खिंचवाने,Loading...
रूत,Loading...
प्रतिनिधिमंडल,Loading...
डिफेंस,Loading...
थीसिस,Loading...
कॉरिडोर,Loading...
निकटता,Loading...
वेक्टर,Loading...
चूकें,Loading...
ग़रीबी,Loading...
विमोचन,Loading...
स्लेज,sled
झाई,Loading...
ग्रेग,Loading...
झुकता,Loading...
सैद्धांतिक,Loading...
अनुकूलन,Loading...
पैंतालीस,Loading...
मोजार्ट,Loading...
भईया,brother
सिंगापुर,Loading...
डिक्रिप्शन,Loading...
दक्षिणपूर्व,Loading...
प्रदत्त,Loading...
दस्ताना,Loading...
बाली,Loading...
आप-,Loading...
सिलखड़ी,Loading...
लेख,Article
ईटीए,Loading...
शास्त्र,Loading...
मताधिकार,Loading...
लिंकन,Loading...
हजामत,Loading...
मेहरबानी,Loading...
अभिभूत,Loading...
पैटी,Patty
छूटी,missed
चट्टानी,Loading...
परवरिश,Loading...
फैले,spread
दर्शक,Loading...
घनत्व,Loading...
भूतहा,Loading...
परमाणुओं,Loading...
लेडीज़,ladies
रन-वे,Loading...
पदभार,Loading...
िनकल,Loading...
घूमें,Loading...
बोलूं,Loading...
अबे,Loading...
ख़ासकर,Loading...
सर्दियां,Loading...
ऑपरेशन्स,Loading...
जॉगिंग,Jogging
साइडवाइंडर,Loading...
अध्यापक,Loading...
हराना,Loading...
ऊंचा,Loading...
ग्रिफ़िथ,Loading...
टंकी,Loading...
हायरम,Hyrum
यूटिलिटीज,Loading...
एकीकृत,Loading...
पुनर्स्थापित,Loading...
धोया,Loading...
बाईस,twenty two
जूलियस,Loading...
नेपोलियन,Loading...
मैरिलिन,Marilyn
ब्योरा,Loading...
डीएपी,Loading...
दस्तख़त,Loading...
टीमें,Loading...
हॉस्टल,Loading...
गॉडफादर,Loading...
५०,Loading...
डैन,Loading...
विनिफ्रेड,Loading...
गौण,Loading...
िसर्फ,Loading...
िलया,Loading...
हमपे,Loading...
मज़बूती,Loading...
कॉनरैड,Loading...
फालतु,Loading...
चूडि़यों,Loading...
इर्द-गिर्द,Loading...
चूसोगे,Loading...
समेट,Loading...
रंग-रुप,Loading...
नरभक्षण,Loading...
हटाएं,Loading...
हॉलवे,Loading...
डॉनर,Loading...
मचाएंगे,Loading...
शख्स,Loading...
मेरीन,Loading...
उल्टियाँ,Loading...
इनफर्मरी,Loading...
कैट,Loading...
मॉिनटर,Loading...
पाऊँगी,Loading...
एक-पर-एक,Loading...
जे.एफ़.के.,J.F.K.
नपुंसक,Loading...
मिऩट,Loading...
थक्का,Loading...
दायित्व,Loading...
कुलीन,Loading...
विलासिता,Loading...
सेमेस्टर,Loading...
मचान,Loading...
तात्कालिक,Loading...
आवाज़ें,Loading...
क्रिकेटर,Loading...
धमकाने,Loading...
युद्धों,Loading...
जयसूर्या,Loading...
टिकाऊ,Loading...
उपनिवेश,Loading...
अपरिवर्तनीय,Loading...
एमडी,MD
डॉसन,Loading...
मुस्कराते,Loading...
कॉरपोरल,Loading...
बिखरता,Loading...
प्रयुक्त,Loading...
केडी,Loading...
अफ़ग़ानिस्तान,Loading...
तलाक़,divorce
नौकरियां,Loading...
घाटे,Loading...
एमओपी,Loading...
मुखर,Loading...
वार्तालाप,conversation
जावक,Loading...
सर्टिफ़िकेट,Loading...
पुरूष,Loading...
सावित्री,Loading...
गुरुत्वीय,gravitational
जमे,Loading...
डॉनी,Loading...
फड़फड़ा,Loading...
धड़,Loading...
बिशप,Loading...
मानकों,Loading...
पैराशूट,parachute
गुलेल,Loading...
पेचीदा,Loading...
पकवान,Loading...
सुशी,Loading...
कालिया,Kalia
कड़ा,Loading...
समाशोधन,Loading...
मैड्रिड,Loading...
प्रतिस्थापन,Loading...
चारपाई,Loading...
अप्रशिक्षित,Loading...
कूड़ेदान,Loading...
ये-,Loading...
हारना,to lose
युद्धाभ्यास,Loading...
तुमपे,Loading...
टीसी,TC
पढ़ती,Loading...
रुकते,Loading...
क्लेयर,Claire
सैलामैंडर,Loading...
पड़ाव,Loading...
बत्ती,Loading...
मेटा-मानव,Loading...
निवारक,Loading...
क्वार्टरबैक,Loading...
ब्राड,Loading...
सेंते,Loading...
लोनली,Loading...
मायावी,elusive
वोटों,Loading...
बांटने,Loading...
डॉल्फ़िन-शैली,Dolphin-style
चाहेंगी,Loading...
तारीफ़,Loading...
चुराई,Loading...
इत्तिफ़ाक,Loading...
हटाता,Loading...
पछाड़,Loading...
काम-वापसी,Loading...
मुहीम,Loading...
निविदा,Loading...
नुमाइश,Loading...
पटाखा,Loading...
चित्रा,Loading...
गुजारा,Loading...
रेमोन,Loading...
ज,Loading...
वास्तुकार,Loading...
बाकियों,Loading...
दमा,Loading...
फ़ख्र,Loading...
लफ़ड़ा,Loading...
इस्पात,Loading...
गाडी,Loading...
जड़,Loading...
खजांची,Loading...
खोओ,Loading...
कलिन्सकी,Loading...
मेंग,Loading...
मैसन,Loading...
बेल्वेडियर,Loading...
चूल्हा,Loading...
कांड,Loading...
नलके-पानी,Loading...
बायरन,Loading...
रफ़्तार,Loading...
बढाने,Loading...
खचाखच,Loading...
गयीं,Loading...
अनुष्ठानों,Loading...
मेक्सिकन,Loading...
सहते,Loading...
रूपये,Loading...
फार्मेसी,Loading...
सब्र,Loading...
आभास,Loading...
महँगी,Loading...
गधो,donkeys
लूइस,Loading...
परेशानियां,Loading...
नाचा,Loading...
सकून,Loading...
महिलायें,Loading...
दिग्गज,Loading...
यिन,Loading...
संभलकर,Loading...
फ़ालतू,Loading...
पढ़ाते,Loading...
मेनेजर,Loading...
लगानी,Loading...
मिलकियत,Loading...
एस्पेरंज़ा,Esperanza
बिनाह,Loading...
घूँसे,Loading...
हारेंगे,will lose
पीकर,Loading...
अज्ञान,Loading...
चाओ,Loading...
उपहारों,Loading...
दफ़न,Loading...
क्वार्ट्ज,Loading...
ओकलाहोमा,Loading...
वगैरह-वगैरह,Loading...
जमाने,Loading...
सूझी,Loading...
मुश्किलशुदा,Loading...
ढूंढें,Loading...
आमदनी,Loading...
व्हाइटहॉल,Loading...
कैटफ़िश,Loading...
नौकरशाह,Loading...
बर्मिंघम,Loading...
उड़ाया,Loading...
विदेश,Loading...
टैफ्ट-हार्टले,Loading...
पैंतरा,Loading...
सिखाती,Loading...
वर्ल्ड,Loading...
झगड़ा,Loading...
ज़ोरदार,Loading...
इन्होने,Loading...
तहकीकात,Loading...
ओझल,Loading...
गृहिणी,Loading...
पॉलिसी,Loading...
रूका,Loading...
अफ़सोस,Loading...
कठपुतली,Loading...
जेनेट,Loading...
लपेटा,Loading...
बेवकूफ़ों,Loading...
कम्बल,Loading...
तीखा,Loading...
खिलाती,Loading...
ड्राईवर,Loading...
पंचो,Loading...
रहम,Loading...
बक्श,Loading...
श्वाई,Loading...
सिचुआन,Loading...
ताश,Loading...
भड़काने,Loading...
विडोज़,Loading...
वेन्जेन्स,Vengeance
अल्जीयर्स,Loading...
मार्को,Marco
अचंभित,Loading...
पेपरोनी,Loading...
सीखनी,Loading...
निकम्मे,Loading...
सिखाओ,Loading...
कारनामे,Loading...
कमजोरियां,Loading...
छोड़ते,Loading...
चूसा,Loading...
मुझको,Loading...
सजीला,Loading...
सम,Even
कोमलता,Loading...
परिश्रम,Loading...
बैट,Loading...
सीखता,Loading...
ब्रांडेड,Loading...
बंगाल,Loading...
स्नैप,Loading...
बुलबुला,Loading...
भूमिकाओं,Loading...
झबरा,shaggy
नाविकों,Loading...
ऑटोग्राफ,Loading...
प्वाइंट,Point
फ्लैटों,Loading...
ड्रायर,Loading...
स्टीकहाउस,Loading...
पहलवान,Loading...
मैनीक्योर,Loading...
फव्वारा,Loading...
केन्द्रीय,Loading...
कुंहलाना,Loading...
ऊन,Loading...
कारखाना,Loading...
गर्वित,proud
सुसान,Loading...
साझेदारी,Loading...
बुलबुले,Loading...
चमेली,Loading...
दस्त,Loading...
सर्किट,Loading...
फिसलने,Loading...
थपका,Loading...
इश्कबाज,Loading...
इंडियाना,Loading...
हिंद,Loading...
क्लेग,Loading...
व्हेल,Loading...
प्रतिज्ञा,Loading...
निष्क्रियकरण,Loading...
प्रत्यादेश,Loading...
नवम्बर,Loading...
बैकस्लैश,Loading...
हैश,Loading...
हीरोज,Loading...
ड्रेसिंग,Loading...
विश्वासों,Loading...
रौंद,Loading...
मिठास,Loading...
रेवरेंड,Loading...
बल्लेबाज,Loading...
ग्रिफिन,Loading...
रिज़ॉर्ट,Loading...
होई,Loading...
निहारना,Loading...
थैली,Loading...
कंफ़ेद्दी,Loading...
वाको,Loading...
चमड़े,Loading...
मेला,Loading...
इनक्रेडिबल,Loading...
ढूँढ़ेगे,Loading...
बनिया,Loading...
शेयरधारकों,Loading...
नाना,Loading...
युगल,Loading...
असरदार,Loading...
धूलपेटा,Loading...
चिन,Loading...
डेड,Loading...
अफजल़गंज,Loading...
जुगल,Loading...
बैच,Loading...
वाहवाही,Loading...
ड्रिलिंग,Loading...
पुनरुद्धार,Loading...
चूतिये,Loading...
स्टेडियम,Loading...
टकराते,collide
अप्राकृतिक,Loading...
प्रोडक्शंस,Loading...
मंगनी,Loading...
श्रमिक,Loading...
करुँ,Loading...
रैंडम,Loading...
कुक्कुटशाव,Loading...
गैंगरेप,Loading...
जिंकटाऊन,Zinctown
पधारेंगे,Loading...
चॉपस्टिक्स,Loading...
मैडिसन,Loading...
वैलियम,Loading...
लुढ़कते,Loading...
सही-सलामत,Loading...
कमेटी,Loading...
सुस्वागतम,Loading...
प्रश्नों,Loading...
प्रोग्रामर,Loading...
कुटीर,Loading...
करीब़,Loading...
पड़ना,Loading...
व्यान,Loading...
हिल्टन,Loading...
ट्रम्प,Loading...
मौसमी,Loading...
स्क्रैच,Loading...
गरज,Loading...
तौलिए,Loading...
दीपक,Loading...
फुलाना,Loading...
अंगारे,Loading...
स्ट्रिपर्स,strippers
चकाचौंध,Loading...
फ़िंगर,Loading...
डिम,Loading...
वूशी,Loading...
गुरिल्ला,Guerrilla
ईसाई,Loading...
पत्रकारिता,Loading...
झूलने,Loading...
अंगूठियां,Loading...
रंगमंच,Loading...
जोड़ता,Loading...
झूलों,Loading...
आंशिक,Loading...
सिखाते,teaches
बिलौटे,Loading...
फ़्लैश,Loading...
मेजबानी,Loading...
सिंगल,Loading...
झुका,Loading...
अदालती,Loading...
ख़ुफ़िया,Loading...
कोलंबो,Loading...
औंस,Loading...
आर्ट,Loading...
फ्लैप,Loading...
बकसुआ,Loading...
मोटरसाइकिल,Loading...
लाइक,Loading...
लिखूंगा,Loading...
नाइट्रोजन,nitrogen
निर्जन,Loading...
प्रवास,Loading...
बजाता,Loading...
सीजन,Loading...
महासागरों,Loading...
गोदी,Loading...
मेस,mess
क्रमबद्ध,Loading...
उठाता,Loading...
रिसीवर,receiver
डाउन,Down
अंतर्देशीय,Loading...
अप्रभावी,Loading...
विनियमों,regulations
रक्षात्मक,Loading...
टाइटैनिक,Loading...
स्वीप,Loading...
लिखावट,Loading...
सेनानी,Loading...
अंतड़ियों,Loading...
पांचवीं,Loading...
मिलवॉकी,Loading...
क्रमादेशित,Loading...
अंगों,Loading...
सहूलियत,Loading...
नियत,Loading...
अनुभवहीन,Loading...
ग्राउंडिंग,Loading...
धोखेबाज़,Loading...
कार्यात्मक,Loading...
कतरनी,Loading...
गोता,Loading...
कार्टेल,Loading...
टकसाल,Loading...
परोसा,Loading...
वर,Loading...
लौंड्री,Loading...
एकान्त,Loading...
कृति,Loading...
उलट,Loading...
रिलैक्स,Loading...
एम.के.,Loading...
34--सी,Loading...
मुखबिर,Loading...
कर्षण,Loading...
फेलसेफ,Loading...
मूड़ी,Loading...
तैरने,Loading...
संकुचित,narrowed
टके,Loading...
मैनहट्टन,Loading...
नेत्रहीन,Loading...
स्तरों,Loading...
अम्लीय,Loading...
नाखून,Loading...
बिन्दु,Loading...
दाना,Loading...
तलना,Loading...
लंगड़ाती,Loading...
प्लेटें,plates
कार्यभार,Loading...
तहखानों,Loading...
हउ-हउ,Loading...
औजार,Loading...
रिलीज़,Loading...
क्ोन,Loading...
चोई,Loading...
रिंगटोन,Loading...
स्टीरियो,Loading...
डिस्क,Loading...
मखमल,Loading...
तर्कहीन,Loading...
समाधि,Loading...
मंगाई,Loading...
दर्जा,Loading...
आर्किटेक्ट,Loading...
अवांछित,Loading...
प्रतिद्वंद्विता,Loading...
तोपखाने,Loading...
खुलेगा,Loading...
छ,Loading...
स्ट्राबेरी,Loading...
मेकांग,Loading...
सान,Loading...
दीवाना,Loading...
पोर्टल,Loading...
कालिमा,Loading...
यूक्रेनी,Loading...
थर्मोन्यूक्लियर,thermonuclear
टिकटों,Loading...
स्टर्लिंग,Loading...
बिट्स,Loading...
जीपीएस,Loading...
कॉम्पैक्ट,Loading...
सौजन्य,Loading...
मनीला,Loading...
जगाया,Loading...
निभाया,Loading...
लैब,Loading...
मिश्र,Loading...
क्रिमसन,Loading...
पिलाने,Loading...
खण्ड,Loading...
ड्रीम,Loading...
प्रभाग,Loading...
एमआर,Loading...
न्यूट,Loading...
बहाली,Loading...
श्वसन,Loading...
लट,Loading...
रानु,Loading...
अड्डा,Loading...
गलील,Loading...
रेम्ब्रन्द्त,Loading...
बिल्डरों,Loading...
सर्वरों,servers
व्यवहार्य,Loading...
सावधानियों,Loading...
खोदो,Loading...
कोड़े,Loading...
दानवी,Loading...
प्रतिबद्धता,Loading...
थूकना,Loading...
पुलों,Loading...
शिप्रा,Loading...
आर्क,Loading...
लिखूं,Loading...
बिखरे,Loading...
स्वर्गीय,Loading...
फोर्ट,Fort
सम्टर,Loading...
फॉक्स,Loading...
डब,Loading...
विद्रोहियों,Loading...
चिल्लाहट,Loading...
छाती,Loading...
यूपी,Loading...
संप्रभु,sovereign
शिष्य,Loading...
रिपोर्टर,Loading...
भेस,Loading...
आयोजिक,Loading...
हैंडलबार,Loading...
रिटर्निंग,Loading...
तटस्थ,Loading...
ब्लाइंड,Blind
ट्रोजन,Loading...
हॉर्स,Loading...
गुर्गों,Loading...
टैंकों,Loading...
बे्रन्डा,Loading...
हौसेर,Hauser
पट्टिका,Loading...
सापेक्ष,Loading...
अशोभनीय,Loading...
वैंजा,Loading...
घाटा,Loading...
सूचकांक,Loading...
क्षेत्राधिकार,Loading...
सार्ज,Loading...
पाइन,Loading...
सिंधु,Loading...
रेटिंग,Loading...
मम-मम्म्म,Loading...
साठ,sixty
मजबूरी,Loading...
एड्रेनालाईन,Loading...
चुत्तड़,buttocks
पर्दाफाश,Loading...
इंटर्न,Loading...
चश्मे,Loading...
सह-अपराधी,Loading...
शिप्र,Loading...
प्लैटिनम,Loading...
गिराने,dropping
कराओके,Loading...
लाइब्रेरियन,Loading...
छुड़ाओ,Loading...
सेविएव्ना,Loading...
सीएआर,Loading...
विद्युत,Loading...
इवानवा,Ivanovo
कॉन्फ्रेंस,Loading...
निशानेबाज,Loading...
वूप्स,Loading...
आयोग,Loading...
टाउन,Loading...
गालों,Loading...
ऊधम,Loading...
धुंध,Loading...
कैंटोनीज़,Loading...
डायलन,Loading...
बंदरगाहों,Loading...
लियो,Loading...
मोंटे,Loading...
मँडरा,Loading...
परिरक्षण,Loading...
श्रोणि,Loading...
ऑप्स,Loading...
अमरूद,Guava
डिवीजन,Loading...
खरीदार,Loading...
रेशम,Loading...
स्वैप,Loading...
सूँघने,Loading...
सहने,Loading...
पटरी,Loading...
शीतलक,Loading...
क्लिप,clip
चुस्त,Loading...
पावेल,Loading...
स्कूबी,Loading...
शुभरात्रि,Loading...
छत्ता,Loading...
छापे,Loading...
टर्बो,Loading...
छायांकन,Loading...
निलंबन,Loading...
रोइस्सी,Loading...
सर्कल,circle
दृश्यता,Loading...
त्रिज्या,Loading...
पैड,Loading...
कार्सन,Loading...
गिराए,Loading...
सार्वभौमिक,Loading...
हरक्यूलिस,Loading...
सेलिब्रेट,Loading...
हैंग,Hang
उत्प्रेरक,Loading...
सक्रियण,activation
तांजा,Loading...
तल्ला,Loading...
क्रिटिकल,Loading...
हीट,Loading...
सोलोमोनिक,Loading...
मॉनिटर,Loading...
बग़ैर,Loading...
स्वयंसेवकों,Loading...
आयुध,Loading...
नतीजा,Loading...
दबाएँ,Loading...
पेलोड,Loading...
यथाशीघ्र,Loading...
लदान,Loading...
आपरेशनों,operations
चैन,Loading...
इंदिर,Loading...
आगंतुक,Visitors
भेड़िये,Loading...
गड़गड़ाहट,Loading...
बोगी,Loading...
लेटो,Loading...
संरचनात्मक,Loading...
कॉन्सर्ट,Loading...
साज़िश,Loading...
छोडने,Loading...
दक्षिणपंथी,Loading...
होड़,Loading...
किलिक,Loading...
शूटर,Loading...
सरगना,Loading...
बेडसाइड,Loading...
कूटनीति,Loading...
टेलीफ़ोन,Loading...
बर्फबारी,Loading...
काटी,Loading...
गार्डों,Loading...
न्यूजवॉच,Loading...
हैरतअंगेज़,Loading...
प्रग्णालय,Loading...
ख़बरें,Loading...
अभियोजन,prosecution
न्यायाधीशों,Loading...
वेट्रेस,Loading...
जॉर्डन,Loading...
फाइट,Loading...
चक्की,Loading...
कराए,Loading...
रूममेट,Loading...
रिक्त,Loading...
चाक़ू,Loading...
क़ुर्बानी,Loading...
रिंकर,Loading...
मुनाफ़ा,Loading...
प्रमाणपत्र,Loading...
जबरन,Loading...
पीस,Loading...
ओयेइ,Loading...
शिरो,Shiro
भूखी,Loading...
ब्रोकरेज,Brokerage
क्लिकर,Loading...
झुर्रियों,Loading...
क्यूब्स,Loading...
डी227,Loading...
आह्वान,Loading...
एयरक्राफ़्ट,Loading...
स्टेजकोच,Loading...
खिलौनों,Loading...
बंधुआ,Loading...
विच्छेद,Loading...
ट्राउट,Loading...
ऊंचाइयों,heights
स्टैप्लटन,Stapleton
खपत,Loading...
हमलावरों,Loading...
तख़्तापलट,Loading...
फ्रेड,Loading...
ईलाइ,Loading...
अनुच्छेद,Loading...
बिलों,Loading...
तातसु,Loading...
भिन्न,Different
जेपी,Loading...
मॉर्गन,Loading...
तकेयन,Loading...
गंवाना,Loading...
डिफ़ॉल्ट,Loading...
सी.आई.ए.,Loading...
रिज,Loading...
प्लेयर,Loading...
घोंटने,Loading...
लाभदायक,Loading...
एफ़.बी.आई.,Loading...
खुलकर,Loading...
कन्वेंशन,Loading...
एनड्रास,Loading...
तीर्थयात्रा,Loading...
संगीन,Loading...
एड्स,Loading...
कलाकृतियों,artifacts
क्रोधी,Loading...
गॉर्डन,Loading...
कोरा,blank
खोले,Loading...
अंग्रेजों,Loading...
गौफ,Loading...
लिसे,Lise
छोकरी,Loading...
बर्ख़ास्त,Loading...
बीट्रिस,Beatrice
क़ायदा,Loading...
सैटफ़ोन,Loading...
झुंझलाहट,Loading...
भटकाने,Loading...
ए.आर.,Loading...
चीफ़्स,Loading...
हायतौबा,Loading...
वित्तपोषण,Loading...
जॉइंट,Loading...
आतंकवाद,Loading...
बर्फीला,Loading...
खरीदते,Loading...
निर्वात,Loading...
मतभेद,Loading...
चाहूंगी,Loading...
उपायों,Loading...
किशोरों,Loading...
हिचकी,Loading...
फूडवे,Loading...
घोटाला,Loading...
दागी,Loading...
नाजायज,illegitimate
पहचानने,Loading...
विजेताओं,Loading...
यूनाइटेड,Loading...
सिखाई,Loading...
कहोगी,Loading...
होप,Loading...
महत्वपुर्ण,Loading...
कीड़ों,Loading...
कराता,Loading...
पुनर्वसन,Rehab
वसीयत,Loading...
ग़ायब,Loading...
कार्नी,Carney
संवैधानिक,Loading...
केन्द्रित,Loading...
हेरोइन,Loading...
ब्रोडी,Loading...
व्हीटॉन,Loading...
प्रसंस्करण,Loading...
सर्प,Loading...
झुनझुने,Loading...
हमशक्ल,Loading...
देहाती,Loading...
मोनो,Loading...
एआईजी,Loading...
पैटरसन,Loading...
पाठ्यपुस्तक,Loading...
सिहरन,Loading...
अणुओं,Loading...
ज्या,Loading...
आठवें,Loading...
रिचर्ड्स,Loading...
बला,Loading...
ताक़त,Loading...
थॉम्पसन,Loading...
हटें,Loading...
मनोरोग,Loading...
बताओगी,Loading...
बाह्य,Loading...
प्रशासकों,administrators
वाकर,Walker
हाबिल,Loading...
अपरिपक्व,Loading...
टो,Loading...
कूप,Loading...
सीएएम,Loading...
रैप्टर,Loading...
जमावड़ा,gathering
लत्ता,Loading...
खरीदेंगे,Loading...
लौटेंगे,Loading...
झंझट,Loading...
ओसा,Osa
बुद्धिहिन,Loading...
पर्यवेक्षण,Loading...
संस्थानीकृत,Loading...
भेजेगा,Loading...
यांत्रिकी,Loading...
नेवला,Loading...
बछड़े,Loading...
आर्मंड,Loading...
प्रमाणीकृत,Loading...
परदे,Loading...
मिट,Loading...
सोनी,Loading...
अतः,Loading...
लिपटे,wrapped
एब,Loading...
कल्पनाओं,Loading...
भरता,Loading...
वेटर,Loading...
खिलना,Loading...
मैं-,Loading...
जहाज़ों,Loading...
दुखो,Loading...
पीटना,Loading...
तेहरान,Loading...
तबरीज़,Loading...
वायुरोधी,Loading...
जमती,Loading...
झोंका,Loading...
बेदाग,Loading...
साइलो,Loading...
बारीकी,meticulousness
थॉमस,Loading...
जंक्शन,Junction
डिपो,Loading...
बौना,Loading...
कन्या,Loading...
खैरात,Loading...
ख़बर,Loading...
उपभोक्ताओं,Loading...
बनवाया,Loading...
खेतिहरों,Loading...
मरवा,Loading...
वसूल,Loading...
वाणिज्यिक,Loading...
मैंनें,Loading...
आख़िर,Loading...
भंडारण,Loading...
पर-,Loading...
विश्वसनीयता,Loading...
डीए,Loading...
जन्मा,Loading...
सांसें,Loading...
दिलाई,got
हैमंड,Loading...
एल्विन,Loading...
संविधान,Loading...
ठुड्डी,Loading...
सत्यनिष्ठा,Loading...
ज़बर्दस्त,Loading...
समयसीमा,Loading...
झपकते,Loading...
ख़राब,Loading...
पुनर्वित्त,Loading...
-वैस्ट,Loading...
जैकपॉट,Loading...
उड़ाओ,blow up
झूलाना,Loading...
मैदानों,Loading...
बैंकिंग,Loading...
तरीक़ा,Loading...
अग्नि,Loading...
सर्च,Loading...
साध,Loading...
ट्राइएज,Loading...
मकानों,Loading...
रिमोट,Remote
घटता,Loading...
शेयरों,Loading...
फ़ायरवॉल,firewall
शेर्लोट,Loading...
जवाबी,Loading...
मधुमेह,Loading...
स्वीकार्य,Loading...
यू.एस.,Loading...
थेरेपी,Loading...
प्रयोगात्मक,experimental
मुल्केइ,Loading...
निगलने,Loading...
चीज़बर्गर,a cheeseburger
फोड़,Loading...
टॉक,Loading...
सोचिए,Loading...
नाभि,Loading...
काया,Loading...
ताबूत,Loading...
गवर्नर,Loading...
माननी,Loading...
पूंजी,Loading...
नुकीले,Loading...
मेघशून्य,Loading...
फेडरल,Loading...
फंडों,funds
विकलांगता,Loading...
खोलकर,by opening
सनसनी,Loading...
ऐट्टिवोलिस,Loading...
चोपड़ा,Chopra
राहगीर,Loading...
साकार,Loading...
जांऊ,Loading...
अनुपस्थिति,Loading...
आइये,Loading...
वेयरवोल्फ,Loading...
उल्का-पिंड,Loading...
पहुँचता,reaches
रक्तचाप,Loading...
महनत,Loading...
थामने,Loading...
हेरिंग,Loading...
एमटीवी,Loading...
स्पष्टवादिता,Loading...
साहिबा,Loading...
मनीष,Loading...
गिरफ़्तार,Loading...
विश्लेषक,analyst
श्रुति,Loading...
गैगिंग,Loading...
टावर,Loading...
एक्सेंट,Accent
झाँसा,Loading...
कोडित,Loading...
ल्यूकेमिया,Loading...
दबाना,Loading...
सेल्फी,Loading...
हिया,Hiya
मिलोगे,Loading...
दवाइयों,Loading...
भेजेंगे,Loading...
भेद,distinction
वेबसाइटों,Loading...
विक्रय,Loading...
एन्क्रिप्टेड,Loading...
नंगी,Loading...
गलतियाँ,Loading...
कइयों,Loading...
आटे,flour
फ्लैशबैक,Loading...
जलाकर,Loading...
शुक्ला,Loading...
इस्तमाल,Loading...
प्रचंड,Loading...
झंडी,Loading...
निग्रोलैंड,Loading...
मरियम,Loading...
पायजामा,Loading...
संजीदा,Loading...
मैम,Loading...
रिट,Loading...
कॉफ़ी,Loading...
बेढंग,Loading...
आदाब,Loading...
अर्ज,application
जूलियो,Loading...
डर्टी,Loading...
फिक्सिंग,fixing
हरकतें,Loading...
कुर्सियों,Loading...
हस्तांतरित,Loading...
अतिथियों,Loading...
केला,Loading...
अन्टू,Loading...
टर्निंग,turning
छुए,Loading...
चापलूसी,Loading...
मेज़बान,Loading...
दुष्टों,Loading...
रीता,Loading...
मेने,Loading...
सुपरसोनिक,Loading...
त्वरण,Loading...
तैरते,Loading...
लेबनान,Loading...
सादगी,Loading...
आरी,Loading...
चमत्कारिक,Loading...
निशानेवाला,Loading...
कस,tighten
गोभीसिर,Loading...
मुड़ा,Loading...
बहन-in-law,Loading...
सक्सेना,Loading...
प्रस्तावों,Loading...
फ्रेंको,Loading...
स्कोल,Loading...
निश्चिन्त,Loading...
अभेद्य,Loading...
लुभाने,Loading...
लुइसियाना,Loading...
लेस्टर,Loading...
ह,Loading...
सौहार्दपूर्ण,Loading...
वार्मिंग,Loading...
वाकिफ,Loading...
बांधना,Loading...
शट्डाउन,Loading...
रोने-धोने,Loading...
अस्पतालों,Loading...
मुर्गे,Loading...
मुर्दाघर,Loading...
काटकर,by cutting
किन,Loading...
रिंगिट,Loading...
इमरजेंसी,Loading...
joong-दाल,Loading...
सप्लायर,Loading...
बचाती,Loading...
चौरासी,Loading...
सलाखें,Loading...
धरोहर,Loading...
बाजीगर,Loading...
अपडेट,Loading...
गश्त,Loading...
शिंजी,Loading...
तैतालीस,forty-three
मारती,Loading...
बिल्डर्स,Loading...
यूरोपीय,Loading...
रजाई,Loading...
रईसों,Loading...
ट्यूरिन,Loading...
कहूँगी,Loading...
ट्रेनी,Loading...
प्रतिज्वलन,Loading...
रेचन,Loading...
रोकेगा,Loading...
जलकर,Loading...
बहरा,Loading...
सर्गेई,Loading...
हवेली,Loading...
पीये,Loading...
रैप,Loading...
कृतघ्न,Loading...
बावले,Loading...
प्रतियां,Loading...
अंश,Loading...
सुपरहिट,Loading...
कटाना,Loading...
विपणन,Loading...
पारदर्शी,Loading...
रॉ,Raw
वर्गों,Loading...
फैन,Loading...
छह-एक,Loading...
प्रिंटआउट,Loading...
दशा,Loading...
बिताता,Loading...
रमानी,Loading...
मून,Loading...
आवेग,Loading...
डेनियल,Loading...
जोंग,Loading...
कच्चा,Loading...
व्यतीत,Loading...
सेप्टिक,Septic
सकतीं,can
पोर्ट-ऑफ-द,Port-of-the
गुजरना,Loading...
सजायाफ्ता,Loading...
यशायाह,Loading...
वाकिफ़,Loading...
एजेंडा,Agenda
वेश्यावृत्ति,Loading...
हानिकारक,Loading...
लौटो,Loading...
पिंकी,Loading...
भविष्यद्वक्ताओं,Loading...
पुष्प,Loading...
गुलमोहर,Loading...
ग्रेनेड,Loading...
मिनरल,Loading...
वाटर,Loading...
डेमो,Loading...
बैलेंस,Loading...
प्रतिकृति,Loading...
दलित,Loading...
गुल,Loading...
मेज़,Loading...
बौर,blossom
ख्वाब,Loading...
हॉफ़्लर,Loading...
मटन,Loading...
अमूल्य,Loading...
उड़ती,Loading...
मुरुगेसन,Loading...
पाचक,Loading...
खोजकर,Loading...
आपा,Loading...
प्रोलिटिक,Loading...
रोजिन,Loading...
जुड़,Loading...
गुम्मट,Loading...
अम्मान,Loading...
ट्राम,Loading...
कापियां,Loading...
सफलताओं,Loading...
झाड़,Loading...
थैलियम,Thallium
ज़मीर,Loading...
प्रतिद्वंदिता,Loading...
मिथाइल,Loading...
ओपरेशन,Loading...
शरमाओ,Loading...
रीढ़,Loading...
बाज़ार,Loading...
आंदोलनकारी,Loading...
बरफ,Ice
मची,Loading...
हुजूर,Sir
इंडिया,Loading...
सरदाब,Loading...
अफ़रा-तफ़री,Loading...
इराकी,Loading...
कब्रगाह,Loading...
पलटो,Loading...
स्मगलर,smuggler
राजमिस्त्री,Loading...
मोत्ज़ारेला,Loading...
सोचेगा,Loading...
बाइओक्को,Loading...
ससुर,Loading...
लाएंगे,Loading...
सरासर,Loading...
शांन्ति,Loading...
हार्दिक,Loading...
खाएंगे,Loading...
ठाठ,Loading...
मेक,Loading...
संतुष्टि,Loading...
पेंट,Loading...
दिखाऊंगी,Loading...
पोर्टीज,Loading...
लीरे,Loading...
दिखानी,Loading...
बँटा,Loading...
पेशाब-मूत,Loading...
मसानी,Loading...
ग्लाइड,Loading...
संतों,Loading...
मार्टीनी,Loading...
शैक्षिक,Loading...
दुस्वप्न,Loading...
मुसीबतें,Loading...
वोड्का,Loading...
थाने,Loading...
लाऊँ,Loading...
इंतज़ाम,Loading...
कैपेसे,Loading...
मधुमक्खी,Loading...
कैटापोल्ट्स,Loading...
चुरायी,Loading...
रुकोगे,Loading...
बोलिए,Loading...
बताऊंगी,Loading...
साधते,Loading...
गड्ढा,Loading...
मीटींग,meeting
मधुमक्खियों,Loading...
इल्म,knowledge
मिट्ठी,Loading...
इकलौती,Loading...
खात्मा,Loading...
भाईजान,Loading...
जिद,Loading...
साइको,Loading...
बेचेगा,Loading...
औपचारिकताएं,Formalities
फहराने,Loading...
दहेज़,Loading...
बहन-भाभी,Loading...
रीनो,Loading...
धुआं,smoke
ब्लीच,Loading...
अंकुरण,Loading...
अपंजीकृत,Loading...
कुक्कू,Loading...
गुजारिश,Loading...
चिता,Loading...
प्राप्तियों,Loading...
एमई,Loading...
चर,Loading...
गुएरा,Loading...
धुत,Loading...
रैवेन,Loading...
एप्पल,Apple
चलिये,Loading...
गांडुओं,Loading...
स्नैक्स,Loading...
करीए,Loading...
ढाबे,Loading...
हुं,Loading...
कलेक्टर,Loading...
पास्ता,Loading...
शालीनता,Loading...
विधुर,Loading...
पटक,Loading...
सहकर्मी,Loading...
फूँको,Loading...
भुने,Loading...
खट,Loading...
उद्यमियों,Loading...
दिखना,Loading...
आत्मरक्षा,Loading...
ट्रांसपोर्टर,Loading...
प्रधानाचार्य,Loading...
एलबम,Loading...
संतोष,Loading...
के.के.,Loading...
इरान,Loading...
गट्ठरों,Loading...
जालसाज,Loading...
कांटों,Loading...
कया,Loading...
गुलदस्ते,Loading...
पिलाना,Loading...
बोझा,Loading...
लादो,Loading...
घसीटा,Loading...
नारायण,Narayan
सामन,Loading...
निगम,Loading...
बंदोबस्त,Loading...
भाई-भाभी,Loading...
जिराफ,Loading...
२,Loading...
साँसों,breaths
हाफिज़,Hafiz
ताप,Loading...
वक्रता,Loading...
होऊँ,be
असामाजिक,Loading...
संहिता,Loading...
खफा,Loading...
सैटलाइट,satellite
लिंड,Loading...
रजामंदी,Loading...
वेस्पर,Loading...
झूठों,Loading...
पहरा,Loading...
सेवाएँ,Loading...
लोमड़ियों,foxes
दृढ़ता,Loading...
परिप्रेक्ष्य,Loading...
अधीरता,Loading...
सांत्वना,Loading...
जगे,Loading...
पन्चानवे,ninety five
भेजूँगा,Loading...
पोर्टा,Loading...
चढ़ा,Loading...
टेंपस,Loading...
झकझोर,Loading...
स्वप्नदर्शी,Loading...
सहेलियां,Loading...
फ़ंसा,Loading...
फ़ोकट,Loading...
डेरा,Loading...
संसदीय,Loading...
देखूँगा,Loading...
पहचानती,Loading...
मातम-पुरसी,Loading...
जिंक,Loading...
उल,Loading...
हरिण,Loading...
बहु,Loading...
दस्ता,Loading...
बुमेरांग,Loading...
अनभिज्ञ,Loading...
क्य,Loading...
अनोखी,Loading...
पेडल,Loading...
क्लोज,Loading...
बहकी,lost
मलेशियन,Loading...
कम्युनिटी,community
स्टाव्रो,Loading...
इकरारनामे,Loading...
बदलता,Loading...
भूलते,Loading...
कना,Loading...
मुड,Loading...
दिलकश,Loading...
एंजी,Loading...
पिछेला,Loading...
मंजिला,Loading...
औकात,Loading...
सेंटीमीटर,Loading...
मुहं,Loading...
निकलेगी,Loading...
कटवा,Loading...
संपर्कों,Loading...
रोडा,Loading...
रवशामक,Loading...
फुहार,Loading...
प्रस्तावित,Loading...
बाडी,Loading...
रखोगे,Loading...
वालो,Loading...
बैठाये,Loading...
रोस्टर,Loading...
पचगुना,Loading...
सरंक्षक,Loading...
जिन्द्गी,Loading...
नैनो,Loading...
पटाने,impress
टूटना,Loading...
तिकड़म,Loading...
दौड़ा,Loading...
प्लेस,Loading...
फ़्यूजिट,Loading...
हुसैन,Loading...
पूर्णतया,Loading...
ओब्लोंगता,Loading...
बेटियाँ,Loading...
दशमलव,Loading...
मिल्लर,Loading...
बखूबी,Loading...
अनगिनत,Loading...
मचानेवाला,Loading...
पहचाने,Loading...
अवहेलना,Loading...
जानबूझ,Loading...
१०,Loading...
जासूसों,Loading...
फुलाया,Loading...
सादृश्य,Loading...
जागरूक,Loading...
दांये,Loading...
खरगोशों,Loading...
संन्यास,Loading...
टपकता,Loading...
सीमेंट,cement
मूंछों,Loading...
करघा,Loading...
सिलिका,silica
चरमोत्कर्ष,Loading...
एक-दो,Loading...
लांड़,Loading...
उखड़,Loading...
हुये,Loading...
दिलाया,Loading...
सेटेलाइट,Loading...
कभी-कभार,rarely
पड़ोसियों,Loading...
पलो,Loading...
खडे,standing
गडबड,Loading...
मीटबॉल,Loading...
टस्कनी,Loading...
एस्तेल्ला,Loading...
लुज़,Loading...
डोर,Loading...
आऊगी,Loading...
नोना,Loading...
लड़,Loading...
जिगरी,Loading...
बेसब्री,Loading...
निकालती,Loading...
हांलाकि,Loading...
शुक्रगुज़ार,Loading...
इजरायली,Loading...
भैरवाकोना,Loading...
बोधगम्य,Loading...
झाडू,Loading...
सकेगा,Loading...
ऐली,Loading...
वाई,Loading...
अनिमेष,Loading...
घत्,Loading...
बड़प्पन,Loading...
फोरेंसिक,Loading...
तालमेल,Loading...
टाईम,Loading...
मज़बूत,Loading...
लक्ष्मी,Loading...
पाएंगी,Loading...
हिल्डब्रैंड,Loading...
पुलिसकर्मियों,Loading...
सिरैक्यूज़,Loading...
पहाड़ियों,Loading...
ठीक-ठाक,Loading...
पिछड़ी,Loading...
छूते,Loading...
गंजा,Loading...
फ़्री,Loading...
बताऊ,Loading...
बिरयानी,Loading...
स्रोतों,Loading...
असलियत,Loading...
साँसे,Loading...
अंडों,Loading...
पिछवाड़े,Loading...
आसान-वसान,Easy-to-eat
चौड़ी,Loading...
फ़्रंट,Loading...
शुद्धतम,Loading...
बसिस्ट,Loading...
रिसूके,Loading...
धान,Loading...
रिप्लेसमेंट,Loading...
एग्रीजेंटो,Loading...
वॉर्मअप,Warm-up
गिनयन,Guinean
सेरोजा,Loading...
छूटुंगा,Loading...
पहनेंगे,Loading...
रस्ते,roads
सदनों,Loading...
पखवाड़े,Loading...
त्सुन,Loading...
मॉलॉटोव्स्को,Loading...
मोट,Loading...
धर्मी,Loading...
तबादला,Loading...
तु्म्हीं,you
साना,Loading...
सेशन,Loading...
गुबिन्स,Gubbins
काजू,Loading...
मिकोला,Loading...
पाईप,Loading...
खादों,Loading...
पाशा,Loading...
योनेकिची,Loading...
गुजार,Loading...
मझ,me
तासुहेइ,Loading...
बिज़ी,Loading...
एड़ियां,Loading...
तातसुमी,Loading...
चावलों,Loading...
बचकानी,Loading...
क्रेप्स,Loading...
सॉर्ट,Loading...
घबराहट,Loading...
सकामोटो,Loading...
किआओ,Loading...
दैट्स,Loading...
तोंपी,Loading...
गोयबल्स,Loading...
हेल्थ,Loading...
भगोड़ों,Loading...
स्वास्थ्यपूरक,Loading...
री-पैक,Loading...
अंत्येष्टि,Loading...
मठ,Loading...
हार्ट्स,Loading...
हायर,Loading...
लेटरहेड,Loading...
हेडेड,Loading...
सुमिको,Loading...
ओगाता,Loading...
समन्वयक,Loading...
वुल्फसांज,Loading...
भूविज्ञानी,Loading...
पहुंचाते,Loading...
ऐस्थर,Loading...
दबोरा,Loading...
ओकयासु,Loading...
हिसाव,Loading...
हिदारी,Loading...
गुंचे,Loading...
रैंत्ज़न,Loading...
यैंक,Loading...
मरीना,Loading...
प्रोडक्शन,Loading...
क्लिमोव,Loading...
घाघ,Loading...
इनगाकी,Loading...
निरुपित,Loading...
बेताबी,restlessness
जनादेश,mandate
नाइट-ड्रेस,Loading...
तहस,Loading...
शोहेई,Loading...
इमामुरा,Loading...
जिज्ञासु,Loading...
साल्वेशन,Loading...
हाथियार,Loading...
बुढ़िया,Loading...
टोम,Loading...
पेरिटोनाइटिस,Loading...
डॉजी,Loading...
टम,Loading...
रसोईए,Loading...
अनानस,Loading...
पियाऊ,cupbearer
पीट-पीट,Loading...
जिनसाकु,Loading...
बुढ़ी,Loading...
देखभल,Loading...
कॉइन,Coin
र्युतारो,Loading...
नोरिनेई,Loading...
अस्थिभंग,Loading...
स्वीकारोक्ति,Loading...
चिगारिओव,Loading...
अकी,Loading...
नहस,Loading...
निजिको,Loading...
ग्रेजी,Loading...
अफवाहों,rumours
अव्यवस्थित,Loading...
तकेजो,Loading...
दिलवाई,Loading...
घूस,Loading...
कियोकावा,Loading...
मित्सुको,Loading...
मूली,Loading...
नववरवधू,Loading...
उत्कट,Loading...
जीज़स,Loading...
बैशो,Loading...
झटक,Loading...
डोमिनेट्रिक्स,Loading...
तूम्हारा,Loading...
खट्टा,Loading...
ऊखड़,Loading...
अवस्य,Loading...
चख,Loading...
बेहुदी,Loading...
तंबाकू,Tobacco
दवाइया,Loading...
चलाओगी,Loading...
मिलोगी,Loading...
इंज,Loading...
रॉक़,Loading...
तेरु,Loading...
बांटते,Loading...
डूबी,Loading...
चमचे,Loading...
हारेगा,Loading...
फ़्लैश,Loading...
उत्तरदायित्व,Loading...
वर्षीया,Loading...
कैथ्ल,Loading...
तीईस,Loading...
पाऊंगी,I will be able
एप-हैंगर,Loading...
झड़,shower
हैंडल-बार्स,Loading...
परपोता,Loading...
मा्त्सु,Loading...
चोदाने,Loading...
फ़ैरेल्स,Loading...
क्षत-विक्षत,Loading...
यह्,Loading...
केसा,Loading...
पश्याताप,Loading...
स्टफ़,stuff
लिंडनर्स,Loading...
तलासें,Loading...
नहां,Loading...
उपज,Loading...
लेफ़्ट-विंग,Loading...
अजिट,Ajit
रीक्समार्क्स,Loading...
नहींकहता,Loading...
डॉनिज,Loading...
बारिशवाले,Loading...
अज्ञानी,ignorant
उभरी,Loading...
छावनियों,Cantonments
रेगिनाल्ड,Loading...
कुलपति,Loading...
सुप्त,Loading...
वोव्ना,Loading...
पड़ोसन,Loading...
बढिय़ा,Loading...
मिंडर,Loading...
दस्तावेज़ों,Loading...
रिहेइ,Loading...
भटको,wander
हथियाना,Loading...
ऑबर्सल्जबर्ग,Obersalzberg
पन्द्रह,Loading...
झाड़फूंक,Loading...
तब-,Then-
प्रत्याशित,Loading...
पूछी,Loading...
सहमती,Loading...
बेहुदा,absurd
तापो,Loading...
कुलटा,Loading...
परफ़ॉर्म,Loading...
लंगोट,Loading...
मुड़ने,Loading...
कतसुजो,Loading...
जकूज़ी,Loading...
ग़ैरज़िम्मेदाराना,irresponsible
दुरुस्त,Loading...
कूपों,Loading...
होल्स्टन,Holston
चुनेगी,Loading...
शुशु,Loading...
जूए,Loading...
भूले,Loading...
वासी,Loading...
संजना,Sanjana
पत्नि,Loading...
बीमारियों,Loading...
कं,Loading...
उछलते,Loading...
पहुंचाएंगे,Loading...
तहां,Loading...
डेंटिस्ट,Loading...
समेकित,Loading...
कटु,Loading...
क्लाइंट्स,Loading...
ग्रामीणों,Loading...
परसो,Loading...
हाईकोर्ट,Loading...
करूगां,Loading...
हाजिमे,Loading...
तातसूहेइ,Loading...
स्टेसन,Loading...
अठानवे,ninety eight
चबूतरे,Pops
ठहरी,Loading...
मॉलॉटोव्का,Loading...
कॉन्ट्रक्ट,Loading...
दुंगा,Loading...
पहुंचेगा,Loading...
फर्न,Loading...
भर-भर,Loading...
तनावों,stressors
वीरतापूर्वक,Loading...
साइबेरिया,Loading...
श्रेष्ठता,Loading...
झोपड़े,Loading...
सिफ्ट,Loading...
रिटायर्मेंट,Loading...
निपटुंगा,Loading...
अकाउंट,Loading...
सजाते,Loading...
टोकरे,Loading...
पार्षदों,Loading...
झांट,Loading...
जपानी,Loading...
पिघलता,Loading...
पेटीशन,Loading...
गिनकर,Loading...
झुमके,Loading...
बिताओगे,Loading...
मटिआमेट,Loading...
ताजे,Loading...
लॉकेट,Loading...
हेइस,Loading...
कॉन्ट्रैक्ट,Loading...
इकत्तीस,Loading...
चिटखनी,Loading...
चॉएस,Loading...
कलेक्शन,Loading...
बेचूं,Loading...
अपॉइंट्मेंट,Appointment
देनदारों,Loading...
नारायमा,Loading...
डरिये,be afraid
करूगी,Loading...
बुढ़े,Loading...
पांऊ,Loading...
बताउंगा,Loading...
शर्मीले,Loading...
बेबी-सिटिंग,babysitting
आला,Loading...
खाउंगी,Loading...
जिनसाकू,Loading...
गाड़ा,Loading...
टाइल्स,Loading...
फ़्रेंड्स,Loading...
भोले,Loading...
खाओ-खाओ,Loading...
पहनुगी,Loading...
सौतेला,Loading...
अची,Loading...
रिसुके,Loading...
सप्लाइ,Loading...
खोजती,Loading...
क्रिस्टलीय,Loading...
जाईए,Loading...
वैधानिक,Loading...
उस्ताद,Loading...
ठेलो,Loading...
पुखराज,Loading...
वृद्धाश्रम,Loading...
खंबा,Loading...
अनाचार,Loading...
बेरोजगार,Loading...
हैन्ना,Loading...
बेनितानी,Benitani
वाकइ,Loading...
श्रद्धापूर्वक,Loading...
कमीज़,Loading...
डाइजेस्ट,Loading...
हल्वा,Loading...
मीही,Loading...
सिखाएगी,Loading...
काटूं,Loading...
घिनौनी,disgusting
धरासाही,Loading...
फोर्सेस,Loading...
गड़ाय,Loading...
झूमो,Loading...
असलीयत,Loading...
बेचनी,Loading...
काटोगे,Loading...
जागना,Loading...
छोड़ेंगी,Loading...
धूम्रपानी,Smokey
आदिम,primitive
नीनो,Loading...
टोकेगी,Loading...
वस्तुएँ,Loading...
सकोगी,Loading...
पीसकर,Loading...
थलग,Loading...
भात,Loading...
रिंच,Loading...
मध्ययुगीन,medieval
बेचारगी,Loading...
खासकरके,Loading...
ऐक्रोपॉलिस,Loading...
महरूम,Loading...
विभागीय,Loading...
हंसों,Loading...
वफ़ादारों,Loading...
सीखेगी,Loading...
तम्बाकू,Loading...
बिगड़ने,Loading...
भास,Loading...
होहेनलिचेन,Loading...
चढ़ाओ,Loading...
मौकों,Loading...
पी-45,Loading...
खुशमिजाज़,Loading...
झुठ,Loading...
पेनिसिलिन,Loading...
अपरूव,Loading...
निर्देशन,Direction
विगत,Loading...
प्राथमिक-चिकित्सा,Loading...
सप्लायर्स,Loading...
बोओगे,you will sow
आशचर्य,Loading...
ग्रेनेडा,Loading...
उबकाई,Loading...
इलजाम,Loading...
लिस्ट,Loading...
रसकी,Loading...
मुस्कराओ,Loading...
तोपे,Loading...
फुसफुसाती,Loading...
दिखावटी,Loading...
सुतलि,Loading...
रिस्ते,Loading...
ग्रामर,Loading...
एडजुटेंट,Loading...
कंज़रवेटरी,Loading...
अंगोला,Loading...
गाछ,Loading...
अमत्त,Loading...
विकफोर्ड,Loading...
दोमूखी,two-faced
संघनित,Loading...
सेन,Loading...
मचाना,stir up
वेह्रमैच,Wehrmacht
मोक्ष,Loading...
चैंस्लरी,Loading...
सत्यजीत,Loading...
वेह्रमाच,Loading...
वृद्धाश्रम-नवीनीकरण,Loading...
चमकाने,Loading...
चेम्सफोर्ड,Loading...
ब्लैंकिट,Loading...
झाड़ने,Loading...
रफू,Loading...
घोड़ों,Loading...
हुह-उह,Loading...
ढ़केल,Loading...
बनाओगी,Loading...
लिंड्सी,Loading...
जुनूनी,Loading...
बजूका,Loading...
मिलीयन,Loading...
आवाज़ें,Loading...
जगाओ,Loading...
शयनकक्ष,Loading...
रोज-रोज,Loading...
डस्टर,Loading...
कथाओं,Loading...
स्वादिष्ठ,Loading...
ध्वनिप्रूफ,Loading...
कोर्मा,Loading...
मछलिया,Loading...
फंसाई,Loading...
चीख़,Loading...
खुलती,Loading...
क्रांज,Loading...
एमा,Emma
हाथापाई,scuffle
जीएंगे,will live
रोकती,Loading...
सेबेस्टियन,Loading...
चालाता,Loading...
डिवीजनों,Loading...
upsy-डेज़ी,Loading...
कविताएं,Loading...
फ़िज़ूल,Loading...
विद्वान,Loading...
सिखाओगी,Loading...
कर्जा,Loading...
त्यौहार,Loading...
लच्छेदार,Loading...
खाता-वही,Loading...
हैड,Loading...
पति-पत्नी,Loading...
पदलोलुप,Loading...
यूपीएस,Loading...
मनायेंगे,Loading...
ह्रदयी,Loading...
फंतासी,Loading...
चलाएंगे,Loading...
पुलाव,Loading...
नापना,measure
ठाकुरजी,Thakurji
नहरों,Loading...
चौका,Loading...
हटनी,Loading...
रिकोषेट,Loading...
हॉटलाइन,Loading...
सोफ़ा,Loading...
देह,Loading...
ढोलकी,Loading...
सूडे,Loading...
लोकोमोटिव,Loading...
ईधर,Loading...
बुख़ार,Loading...
तुलसी,Loading...
जाननी,Loading...
झाड़ु,Loading...
लड़ो,Loading...
आईडिया,Loading...
खटखटा,Loading...
चक्रवर्ती,Loading...
सहती,Loading...
हटेगी,will be removed
ऐबीगेल,Loading...
गुपे,Loading...
डेबरा,Loading...
दांपत्य,Loading...
बोल्शेविक,Loading...
मुड़ने,Loading...
वास्तुकला,Loading...
उल्लू-उल्लू,Loading...
अलविद,Loading...
एल्ब,Loading...
पीटूंगा,Loading...
होगें,Loading...
जरमेनिया,Loading...
चंदे,Loading...
भूलोगे,Loading...
फफूंदी,Loading...
वेन्क,Loading...
बोयद्योनाथ,Loading...
कामुकता,sexuality
इ,Loading...
छीनी,Loading...
गर्ल्स,Loading...
रूकसाक,Loading...
मैनसिनी,Loading...
चकला,Loading...
उपन्यास,Loading...
विचारकों,Loading...
बेलना,Loading...
क्रंकी,Loading...
छोटे-बड़े,Loading...
राजकेष्ट्र,Rajkeshtra
क़ीमा,Loading...
हेडविग,Loading...
क्लिपबोर्ड,Loading...
सामर्थ्य,Loading...
बिभुतिभूषण,Loading...
पांडुलिपियों,Loading...
गाथा,Loading...
पंकाउ,Pankau
जीरो,Loading...
तोमोदा,Loading...
तार्कालंकर,Loading...
रानाघाट,Loading...
बैरन्ट,Loading...
पाथेर,Loading...
बाजारी,Loading...
योगी,Loading...
होरिहोर,Loading...
मद,Item
मैत्रीपूर्ण,Loading...
पाइंट,Loading...
जीऊं,Loading...
जेनोआ,Genoa
जोड़ने,Loading...
साबूदाना,Loading...
स्वबिया,Loading...
चूईंग,Loading...
दिक्कतों,Loading...
प्रचलन,Loading...
क्रेलसीम,Loading...
पांचाली,Loading...
डोना,Loading...
एक्सक्लूसिव,Loading...
सर्द,Loading...
ठीक-ठीक,Loading...
झोंको,Loading...
उकसाएगी,Loading...
फेडरिको,Loading...
फल्डा,Falda
प्रिंटर,Loading...
महानतम,Loading...
कड़के,Loading...
स्टैंडिंग,Loading...
इवाकइ,Loading...
लौरेंज,Loading...
मार्गरेथ,Loading...
ऐंड्रऊ,Andrew
शिनिचिरो,Loading...
लिस्टेड,Loading...
इकेबे,Ikebe
सोशलाइट,Socialite
असमंजंस,Loading...
सनीचइ,Loading...
प्रसिया,Loading...
रास्टनबर्ग,Loading...
गेटे,Loading...
लीद,Loading...
यासुओ,Loading...
उर्सुला,Loading...
तोचिजावा,Loading...
गोरो,Loading...
जन्मी,Loading...
चुकायेंगे,Loading...
सेर्गेई,Loading...
रेंगी,Loading...
कुसकबे,Loading...
इस्लामी,Loading...
पोट्रोवस्की,Loading...
फुकजावा,Loading...
कैमरामैन,Loading...
शिचिरो,Shichirō
वर्किंग,Loading...
मासा,Loading...
कारा,prison
फ्यूर,Loading...
दोहराएंगे,Loading...
एडिट,Loading...
टार्ज़न,Loading...
फ्रैंकफर्ट,Loading...
पली,Loading...
मर्जां,Loading...
बिस्टुपुर,Loading...
कियाधरा,Loading...
स्टांसडॉर्फ,Loading...
वर्डर,Loading...
सरहद,Loading...
मानसून,Loading...
इक्कीस,Loading...
प्रेज़ेनटेशन,Loading...
फ्रॉहनॉ,Frohnau
पैंकाउ,Loading...
भागेगा,Loading...
तल्ले,Loading...
इन्वेस्टर,Investor
दिआखो,Loading...
निभाओ,fulfill it
फ़ोटो,Loading...
लिचनबर्ग,Loading...
फ्रीडरिकस्ट्रॉस,Loading...
माल्सडॉर्फ,Loading...
कार्लसॉर्स्ट,Loading...
चुन्निबाला,Loading...
पैसेज,Loading...
सुनाना,Loading...
हाहाकार,Loading...
अपार्टमेंटों,Loading...
कैलिबर,caliber
स्क्रिप्ट,Loading...
खिदमत,Loading...
साधो,Loading...
सुराह,Loading...
उपनयन,Loading...
रविशंकर,Loading...
ढूंढ़ूंगा,Loading...
सुब्रत,Loading...
पगली,Loading...
खुजाना,Loading...
बांदा,Loading...
जू-बंकर,Loading...
फोटोग्राफ़ी,Loading...
हथिया,Loading...
भूखो,Loading...
जौसेन,Loading...
मचा,Loading...
घटा,Loading...
दगा,Loading...
पार्टनर्स,Loading...
ब्रांडेनबर्ग,Loading...
वेंचर,Loading...
ठीकाने,Loading...
उमा,Uma
किचकिच,Loading...
रॉबर्टो,Loading...
जाउं,Loading...
दुहराया,repeated
नीतियाँ,Loading...
दागे,Loading...
डिकटेट,Loading...
वैरूप्य,Loading...
सिलने,Loading...
विशेषताओं,Loading...
शोरबोजोया,Loading...
डब्बे,Loading...
कानू,Loading...
एडेल,Loading...
भेष,Loading...
पहुंचाएगा,Loading...
फिरो,Loading...
मांगूं,Loading...
टैक्समैन,Loading...
गिराये,Loading...
रॉड्ल,Rodl
पार्टनरशिप,Loading...
दसास्वमेघ,Loading...
क्षुद्र,Loading...
छरहरा,Loading...
क्रेब्स,Loading...
डिरेक्टर,Loading...
बिताते,Loading...
डरपोकों,Loading...
बदन,Loading...
ऐडवांस,Loading...
फिस्सडी,Loading...
विटामिनों,Loading...
टहनियाँ,Loading...
सुबीर,Loading...
मुश्किलें,Loading...
फुर्ति,Loading...
लाऊं,Loading...
रैहस्टाग,Loading...
०३.४०४,Loading...
पहलुओं,Aspects
ब्वॉएफ़्रेंड,Loading...
०८.७४०,Loading...
०७.९७८,Loading...
०६.४०७,Loading...
०३.५७७,Loading...
०२.९८५,Loading...
००.२९५,Loading...
रूपक,Loading...
मौजमस्ती,Loading...
दूषण,Loading...
केमिकल,Loading...
बचारा,Loading...
०८.८३२,Loading...
०७.६७३,Loading...
०६.३८८,06.388
विधियों,Loading...
००.१०१,Loading...
०५.९०६,Loading...
०५.५५०,05.550
०४.४२३,Loading...
०७.००७,Loading...
०४.००२,Loading...
छप्पर,Loading...
दाँये,Loading...
अंकगणितीय,arithmetic
पोचे,Poche
०९.५३२,09.532
मसलता,Loading...
करो.फोन,Loading...
०९.६४२,Loading...
बे-लंड,Loading...
०८.५८०,Loading...
स्मार्ट-बैंकर,Loading...
०५.९८१,Loading...
०१.५५७,Loading...
उच्छ्वास,Loading...
मरवायेगा,Loading...
०१.६०५,Loading...
हो.जाओ,yes.go
०२.८२०,Loading...
०५.६३२,Loading...
बेंज,Loading...
०३.११६,Loading...
जूँए,Loading...
०३.८५९,Loading...
०५.९७८,Loading...
आलाकमान,Loading...
०१.२५१,Loading...
०१.२४३,Loading...
जूंए,Loading...
निजीकरण,Loading...
लिए.चले,Loading...
०३.१२४,Loading...
००.९२४,Loading...
बायोजियोग्राफी,Biogeography
०१.१७८,Loading...
०२.०९१,Loading...
०२.००३,Loading...
०३.०८०,Loading...
०३.३६२,Loading...
बहुदलीय,Loading...
फीता,Loading...
छिड़काव,Loading...
०५.३८८,Loading...
०६.३५८,Loading...
अर्सा,Loading...
प्रश्नोत्तरी,Loading...
०९.६९४,Loading...
०९.७२६,Loading...
०९.४७९,Loading...
०६.३१८,Loading...
नयों,Loading...
०४.१८८,04.188
साँसें,Breaths
००.१९७,Loading...
००.१५७,00.157
भीग,Loading...
०६.५६६,Loading...
कोसा,Loading...
००.९७४,Loading...
००.९६६,Loading...
दाव,Loading...
हिम्मतवाले,courageous
इन्सुलेशन,Loading...
प्रतिभागियों,Participants
०७.८२९,Loading...
जातीय,Loading...
००.९६७,Loading...
०७.४००,Loading...
करवाऊँगा,Loading...
०३.३४५,Loading...
०३.७१८,Loading...
फंद,Loading...
भिड़ना,Loading...
पारिस्थितिकीय,Loading...
०७.०२५,Loading...
००.२१८,Loading...
००.१७८,Loading...
लंद,Loading...
०९.५०७,Loading...
०९.४५९,09.459
०५.९२२,Loading...
०७.१०७,Loading...
लामबंद,Loading...
हाशिए,Loading...
०६.८२९,Loading...
०५.८१३,Loading...
०२.७९०,Loading...
०९.८३८,Loading...
०१.७४९,Loading...
घातीय,exponential
भिड़ने,Loading...
दमनकारी,Loading...
००.५३९,Loading...
००.५४०,Loading...
०५.२३०,Loading...
वो-वो-फूल्लड़,Loading...
०२.००८,Loading...
०३.२७८,Loading...
०१.३४९,Loading...
कुरबानी,Loading...
अतीन्द्रिय,Loading...
धमकियों,Loading...
अग्रसर,Loading...
०३.६३३,Loading...
कूलर,Loading...
रईसजादा,Loading...
जीगर,Loading...
तुम-मैं,You-I
सुधरे,Loading...
पीजी,PG
०८.५१६,Loading...
०२.५९१,Loading...
स्कीट,Loading...
०४.३९४,Loading...
०६.८३३,Loading...
आठवीं,Loading...
०४.३७८,Loading...
०५.४४८,Loading...
०२.०८४,Loading...
०७.५५८,Loading...
जमीऩ,land
००.२६४,00.264
है-क्या,Loading...
जमीन-आसमान,Loading...
पूरक,Loading...
०९.८०९,Loading...
मुण्डवा,Loading...
सास-ससुर,Loading...
०६.६७२,Loading...
धुनों,Loading...
सैट,Loading...
मॉम-डैड,Loading...
०९.७६९,Loading...
प्रतीकों,Loading...
०८.११०,Loading...
०८.०६३,Loading...
उपनिवेशवाद,Loading...
०६.९०४,Loading...
कुरेदने,Loading...
कुरबान,Loading...
अपेक्षाकृत,Loading...
एनएवी,Loading...
०१.७६५,Loading...
वकालत,Advocacy
न्यूकैसल,Loading...
०७.३५१,Loading...
हैंडसम,handsome
अलकतरा,Loading...
०३.२६१,Loading...
प्लेट-कारखाने,Loading...
०५.३३६,Loading...
लाट-साहबों,Loading...
०४.३६८,Loading...
०१.४८२,Loading...
ढूँढो़गे,you will find
सिंड्रोम,Loading...
०७.५९०,Loading...
गार्डनर,Loading...
०९.९८०,Loading...
लंड़-चाटू,Loading...
अज्ञानता,Loading...
मूतोगे,Loading...
हगता,Loading...
०९.८८४,Loading...
०६.६२२,Loading...
०६.५७४,Loading...
०३.८१२,Loading...
०३.७८०,Loading...
०७.६२९,07.629
०९.०५१,Loading...
०६.८४१,Loading...
हगोगे,Loading...
०१.२२९,Loading...
०४.४६४,Loading...
०२.८६१,Loading...
००.२२०,Loading...
००.१८०,00.180
०५.२५७,Loading...
०६.६६५,Loading...
०६.६६६,Loading...
घड़ियां,Loading...
०९.४०२,Loading...
घुमो,Loading...
सुधारों,Loading...
०९.५३७,Loading...
०१.०९९,Loading...
दलदलों,Loading...
०९.६२०,Loading...
लयबद्ध,Loading...
०९.२६३,Loading...
०७.६८३,Loading...
०६.९३५,Loading...
हगने,Loading...
फायदे,Loading...
०१.१७०,Loading...
०१.१३०,Loading...
बोहेमिया-शैली,Loading...
सांडों,Loading...
पेशेवरों,Loading...
०८.५९४,Loading...
०८.०४५,Loading...
तश्मे,Loading...
मार्क-अप,Loading...
०१.९५९,Loading...
०९.६१०,Loading...
०५.५२७,05.527
०५.३३५,Loading...
०२.५३५,Loading...
०२.५०३,Loading...
ब्लैकबोर्ड,Loading...
कन्फ्यूशियस,Loading...
०६.६८९,Loading...
मास्टरकार्ड,Loading...
०६.६४९,Loading...
०४.१७४,Loading...
सीखों,Loading...
खाओगे,Loading...
लिथियम,Loading...
ज्वलंत,Loading...
०७.८३९,Loading...
०७.७६७,Loading...
हथौड़े,Loading...
०४.६७३,Loading...
शातिर,Loading...
नकचढा,Loading...
०३.२१८,Loading...
०३.२४१,Loading...
०३.६०६,Loading...
०७.७७८,Loading...
०७.८०२,Loading...
चूं,Loading...
०९.९७६,09.976
०९.७०३,Loading...
क्रिसेंट,Crescent
०९.६६२,Loading...
संचित,Loading...
०७.५७६,Loading...
०७.४८८,07.488
०२.८२८,Loading...
०४.७६३,04.763
०३.७२६,Loading...
पासो,Loading...
०९.११५,Loading...
०१.३६४,01.364
०८.७६७,Loading...
०५.०९९,Loading...
आग्नेयास्त्रों,Loading...
०३.९२१,Loading...
एमेच्योर,Loading...
गुर्गे,Loading...
०५.०६१,Loading...
मिजाजी,Loading...
०२.६९४,02.694
सीबीडी,Loading...
माक्र्स,Loading...
सूंघने,Loading...
मारनेवाला,Loading...
केट,Loading...
०६.७६६,06.766
०२.४०९,Loading...
०२.३८५,Loading...
स्त्रीत्व,Loading...
हूकर,Loading...
रसेल,Loading...
०९.६१५,Loading...
मिलुंगा,Loading...
०८.५२८,Loading...
स्वीकर,Loading...
०१.९५२,Loading...
०२.७४६,Loading...
०२.५४१,Loading...
डम्बल,Loading...
फ़ोल्डर,Loading...
०५.३३२,Loading...
०८.४८२,Loading...
अदंडित,Loading...
०८.२९३,Loading...
०४.८८९,Loading...
०६.८८७,Loading...
गैंते,Loading...
सूंघो,Loading...
०३.१७१,Loading...
०५.८९९,Loading...
०५.०६५,05.065
००.४८६,Loading...
००.४५४,Loading...
०६.१९५,Loading...
फोड़ना,Loading...
चूना,Lime
ईस्टर,Loading...
०४.५७८,Loading...
०६.९२५,Loading...
०६.१६३,Loading...
बहुतायत,Loading...
पराजयों,Loading...
रॉक्स,Loading...
गैंता,Loading...
हिट-गद्दा,Loading...
०७.८९३,Loading...
गांड,ass
संघर्षों,Loading...
अपहर्ताओं,Loading...
०७.३६३,Loading...
मनोविज्ञान,Psychology
०७.२३७,Loading...
०३.६६६,Loading...
०३.०७०,03.070
०२.५५१,Loading...
हरवा,Loading...
साहित्य,Loading...
०१.४३१,Loading...
अंगरr,Loading...
गिनूंगा,Loading...
सुनांऊ,tell me
००.६५०,Loading...
पीडी,Loading...
लोरी,Loading...
०२.४९२,Loading...
जातीं,Loading...
संन्यासी,Loading...
खूबियां,Loading...
०१.२४१,Loading...
०८.०८०,Loading...
पिचकाकर,Loading...
००.४७९,Loading...
०५.१५०,Loading...
०५.४९२,05.492
०५.१४४,Loading...
०९.०८७,Loading...
०९.१५८,Loading...
०२.०४९,Loading...
०२.०२५,Loading...
०९.५५५,Loading...
प्लांट,Loading...
०९.५६०,Loading...
०९.१३८,09.138
०७.३४६,Loading...
०८.५६२,Loading...
आजमा,Loading...
०२.२५०,Loading...
०४.६५७,Loading...
०४.६३३,Loading...
डलवाकर,Loading...
०२.९४३,Loading...
०२.१८२,Loading...
गिरजाघर,Loading...
पुकारे,Loading...
काजुन,Loading...
०४.७१९,Loading...
०७.५५०,Loading...
वरीयता,Loading...
कासानोवा,Casanova
०४.२५६,Loading...
मैके,Loading...
००.९३७,Loading...
अहानिकर,Loading...
०५.९५५,Loading...
०४.३२७,Loading...
०३.२५२,Loading...
रेडिंग,Loading...
०६.५७५,Loading...
०७.५३४,Loading...
०१.४३४,Loading...
बुवाई,Loading...
अभियुक्तों,Loading...
ब्रूक्सी,Loading...
पहुचोगे,Loading...
फुलकी,Loading...
००.६३१,Loading...
हलकी,Loading...
०२.९९५,Loading...
मादरचोद,Loading...
०२.३२०,Loading...
कांग्रेसी,Loading...
वर्धमान,Loading...
०९.५५३,Loading...
०६.७५०,Loading...
अंधेरी,Loading...
०५.९४२,Loading...
०४.०५३,Loading...
आदर्शों,Loading...
०७.८२१,Loading...
०५.६४४,Loading...
०२.७३२,Loading...
०१.१४५,Loading...
०२.६६०,Loading...
विघटित,Loading...
हैंडलर,Loading...
न्यासियों,Loading...
०८.७७५,Loading...
चुदा,Loading...
०६.९९६,Loading...
पाद,Loading...
००.८०६,Loading...
भगाने,Loading...
रखतीं,Loading...
डिस्पोजेबल,Loading...
०८.८६१,Loading...
०६.३८५,Loading...
०२.६५६,Loading...
०३.९८०,Loading...
०४.३३६,04.336
अटार्नी,Loading...
०९.२६२,Loading...
०९.५५९,Loading...
०८.६६६,Loading...
याचिकाएं,Loading...
०७.३३८,Loading...
ब्रास,Loading...
०५.०८७,Loading...
०२.२२२,Loading...
०१.६५९,Loading...
प्रकाशनों,Loading...
०८.३४६,Loading...
दिखायी,Loading...
विद्रोहात्मक,Loading...
०९.६३२,Loading...
०५.९१२,Loading...
बत्तियों,Loading...
०१.०४०,Loading...
००.९४९,Loading...
पहुँचोगी,Loading...
यौगिकों,compounds
मोबाईल,Loading...
०६.९५१,Loading...
लाऊँगी,Loading...
बु्क,Loading...
बॉटल,Loading...
आजीविका,Loading...
रिफ्रेशमेंट,Loading...
०७.४१७,Loading...
चौड़ा,Loading...
रुट,Loading...
हुआ.तुम,Loading...
पड़ोगे,Loading...
छापा,Loading...
सपोर्ट,Loading...
आओ.राहुल,Loading...
बात.ऐसा,Loading...
मानवाधिकारों,Loading...
चुकता,squared
कांची,Loading...
मान्स,Loading...
मैगनीशियम,Magnesium
स्फतीय,Loading...
०४.०१५,04.015
मोरमोंट,Loading...
०३.८७८,Loading...
जीवाश्मीकृत,fossilized
स्ट्रीमिंग,Loading...
सुमेलित,Loading...
उल्टियों,Loading...
झरने,Loading...
देंगें,Loading...
हटाँएगी,Loading...
राशिफल,Loading...
बैठेगी,Loading...
ड्रीमगर्ल,Dreamgirl
भेंगापन,Loading...
सिल्क,Loading...
पटाएँ,Loading...
जोराह,Loading...
कानूनऩ,legally
फाँसी,hanging
वर्षावन,rainforest
००.९१२,Loading...
००.९५१,Loading...
चढ़ेगी,Loading...
मास्कोवासी,Loading...
लीजिएगा,Loading...
ट्यूबों,Loading...
चिढ़ाने,Loading...
छेड़ना,tease
बदलनी,Loading...
इंद्रिय,Loading...
छठी,Loading...
०३.६१६,Loading...
०७.९८६,Loading...
०८.६१४,Loading...
देखो.कौन,Loading...
मैरुन,Loading...
अंजीर,Loading...
चेयर,Chair
भतीजे.क्या,Loading...
जर्जर,Loading...
जख्मी,Loading...
हड़पनेवाले,Loading...
इंस्टिट्यूट,Loading...
पियेगा,Loading...
संस्थागत,Loading...
चाहिए-,Loading...
पंजाब,Loading...
सारणी,Loading...
आवर्त,Loading...
शेड्यूल,Loading...
जन्मसिद्ध,Loading...
रहेगा-प्रिया,Loading...
जंत्री,Loading...
नदियां,Loading...
पहनोगी,Loading...
मिच,Loading...
राजकुमारियों,princesses
०५.२७१,Loading...
साड़ियाँ,Loading...
रेदर,Loading...
०२.७६६,Loading...
जीर्णशीर्ण,Loading...
प्रॉब्लम,Loading...
०७.८८३,Loading...
पत्रक,Loading...
तितर,Loading...
जलाशयों,Loading...
बितर,Loading...
०३.८६०,03.860
बनारसी,Loading...
पोस्टमार्टम,Loading...
हार्कर,Loading...
ड्रेसेज,Loading...
बोर्बा,Loading...
चिह्नों,Loading...
सुनुँगी,I will listen
शरारतों,Loading...
दृष्टा,Loading...
लो.देखो.तुम्हें,Loading...
०४.९४१,Loading...
राजकुमारों,Loading...
जूल्स,Loading...
०३.८९१,Loading...
हिम,Loading...
०५.३५७,Loading...
मशरूम,Loading...
खूऩ,Loading...
कमिश्नर,Loading...
पिंट,Loading...
फ़ालतू,Loading...
इलाज़,Loading...
कोहरा,Loading...
गुदगुदाने,Loading...
००.२२९,Loading...
इजाजत,Loading...
अंड़-बंड़,Loading...
मरीज़,Loading...
लेकिऩ,Loading...
संस्कारों,rituals
०६.४०६,Loading...
शक़्ल,shape
नफऱत,Loading...
रुतबे,Loading...
जलावन,Loading...
०७.२७७,Loading...
खुलवाने,Loading...
०८.६५२,Loading...
किेए,Loading...
०८.९७८,Loading...
कैथलिक्स,Catholics
खायेगी,Loading...
कोर्टेज़,Cortez
फ़ादर,Loading...
समझाकर,Loading...
ढोकर,Loading...
अवस्था,Loading...
भांप,Loading...
हँसता,Loading...
तमा,Loading...
छेडें,Loading...
आपना,yours
उच्चतर,Loading...
स्क्रबिंग,Loading...
ट्रैकसूट,tracksuit
बालू,Loading...
ग्रॉट्बैग,Loading...
साफ-साफ,Loading...
नादान्,Loading...
कम्युनल,Loading...
दख,Loading...
प्लॉंक,Loading...
लगांए,apply
चढ़ें,Loading...
मोड़ों,Loading...
घाटियां,Loading...
डस्टिन,Loading...
सैंकड़ों,Loading...
उत्तरवासी,Loading...
एंटी-राहुल,Loading...
मैँ,Loading...
गिली,Loading...
ऊबड़,bumpy
०७.८७०,Loading...
टैब,Loading...
टिलर,Loading...
चूड़ियों,Loading...
चपाती,Loading...
पेलेयोजोईक,Loading...
खाएगा,Loading...
असंतुष्ट,Loading...
बहत्तर,Loading...
श्रावणी,Loading...
अड़तालीस,Loading...
०९.४६८,Loading...
अड़चन,Loading...
घुंघराले,Loading...
ड्रोगो,Loading...
जवाहरात,Loading...
चीखोगे,Loading...
ऊठा,got up
०४.३६७,Loading...
०७.७४२,Loading...
०९.३२८,09.328
कवक,Loading...
हीटिंग,Loading...
चूडिया,Loading...
चूडि़या,bangles
भूवैज्ञानिक,Loading...
अरुचिकर,unpleasant
गाड़ियां,Loading...
मुहुर्त,Loading...
पीटते,Loading...
रूस्टर,Loading...
खुदखुशी,Loading...
गन्दा,Loading...
स्टूल,Loading...
लिटाओ,lay down
लेंगें,Loading...
झुकाकर,by bending
सलाख,Loading...
बारात,Loading...
०१.२९६,Loading...
ख्वाहिश,Wish
राहुलl,Loading...
लड्डू,Loading...
हिलते,Loading...
फिगर,Loading...
एमडीएस,Loading...
पड़नेवाला,falling
ज्वेलर्स,Loading...
०३.८४४,03.844
भययोग्य,Loading...
मेंढ़कों,frogs
विलंब,Loading...
रेकजाविक,Reykjavik
शाट,Loading...
उड़ाँए,Loading...
०६.७७२,Loading...
०७.८५५,Loading...
उड़ाना,Loading...
शिकंजा,Loading...
भक्त,Loading...
-क्या,Loading...
जाउँगा,I will go
रिवाल्वर,Loading...
०३.३०८,Loading...
होंगे-तो,Loading...
०३.४७८,Loading...
अपवित्रा,Loading...
०६.००६,Loading...
पण्डितों,Loading...
अक्षम्य,Loading...
आक्रांत,Loading...
धीर,Loading...
तस,Loading...
अपराधबोध,guilty feeling
गरर,Loading...
षडयंत्रकारी,Loading...
बून,Loading...
०४.४७३,Loading...
०४.४४९,Loading...
है.समझ,Loading...
न्यूजीलैंड,Loading...
दौड़ोगे,Loading...
त्रिवेन्द्रम,Loading...
०१.८२२,Loading...
स्र्दन,Loading...
कंकड़,Loading...
बताँए,Loading...
०२.७५४,Loading...
सन्यासी,Loading...
सँवर,Loading...
०३.५४४,Loading...
०७.०१२,Loading...
पहनाया,Loading...
बढ़ाते,Loading...
चट्टानें,Loading...
०७.३२०,Loading...
मुल्जिम,Loading...
झोपड़ियों,Loading...
दुबला,Loading...
देवदूत,Loading...
बागान,Loading...
बेपनाह,Loading...
रसदार,Loading...
सितम्बर,Loading...
सीलोन,Ceylon
जलाता,Loading...
इंद्र,Loading...
काँपने,Loading...
मैं-एक,Loading...
०७.४६७,Loading...
०७.१८४,Loading...
मस्का,Loading...
०३.०१५,Loading...
०३.९३८,Loading...
भगवान्,Loading...
०४.८०६,Loading...
०३.८८२,Loading...
०८.२०३,Loading...
०२.३७५,Loading...
०८.२२६,Loading...
०२.२४४,Loading...
हाथियों,elephants
छतें,Loading...
चीतों,Loading...
इन्कार,refusal
कन्फर्म,Loading...
नॉर्थम्बरलैंड,Loading...
००.४२४,Loading...
नोर्वे,Loading...
कंफर्म,Loading...
दुआ,Loading...
ओस्लो,Loading...
क्रियाएँ,Loading...
नार्वे,Loading...
०२.६६४,Loading...
पीईटी,Loading...
रुका,Loading...
मेन,Loading...
जनक,Loading...
खोटा,false
बादबानी,Loading...
हस्ताक्षरित,Loading...
शत्रुघ्न,Loading...
भरत,Loading...
शॉपिंग-मॉल,Loading...
इसे-ठीक,Loading...
लॉक-अप,Loading...
०६.८६१,Loading...
शाइन,Loading...
ताकत़,Loading...
०२.६६६,Loading...
०३.१३५,Loading...
०७.८९९,Loading...
परेशानियाँ,problems
ना-हाँ,Loading...
०८.५५८,Loading...
बनके,Loading...
तराशुंगा,Loading...
बाबर,Loading...
मुगल,Loading...
छेड़ेगा,Loading...
कहेगी,will say
पन्डु-मेरी,Loading...
००.७५५,Loading...
ढूंढूगा,Loading...
संकेतों,Loading...
निगेटिव,Loading...
चुपे,Loading...
०२.१७१,Loading...
०६.४९९,Loading...
खोजूँगा,Loading...
न्यूकासल,Loading...
घऱ,home
उपहास,Loading...
०६.६३५,06.635
समझेगी,Loading...
मनाऊँगा,I will celebrate
टहल,Loading...
पड़ूँगा,Loading...
वानिकी,Loading...
दुविधा,Loading...
०९.९१७,Loading...
०१.७२३,Loading...
फ्रेंडस,Loading...
रामायण,Loading...
०२.९३०,Loading...
वाल्मीकि-.-वाल्मीकि.,Valmiki-.-Valmiki.
०५.७४२,Loading...
सास,Loading...
ढूंढा,Loading...
संपऩ्न,Loading...
बग़ल,Loading...
है.,Loading...
ब्लिप,Loading...
०६.६७८,Loading...
आइसलैंड,Loading...
रिलेक्स,Loading...
पसन्द,Loading...
राहूल,Loading...
बंग,Loading...
संख्याओं,Loading...
केन्द्रापसारक,Loading...
०४.७०४,Loading...
भौतिकी,Loading...
अन्वेषक,Loading...
गंधा,Loading...
आईईटी,Loading...
बढ़ाओगे,Loading...
उगाया,Loading...
चैत्र,Loading...
००.९४३,Loading...
०१.६१७,Loading...
बृहस्पतिवार,Loading...
गौतम,Loading...
०५.६३१,Loading...
लातविया,Loading...
स्नोडॉन,Loading...
पीड़ादायक,Loading...
किंगडम,Loading...
विश्वसनीय,Loading...
अह,Loading...
उगाता,Loading...
०३.४७२,Loading...
छानी,Loading...
खलनायक-ous,Loading...
०५.१७७,Loading...
बेकर,Loading...
०६.३२८,Loading...
रक्तरंजित,Loading...
यकीऩ,Loading...
खर्चों,Loading...
किस्मतवाली,Loading...
०६.१०१,Loading...
सेना.-वानर,Loading...
कोलोन,Loading...
सुग्रीव,Loading...
पट,Loading...
किडनी,Loading...
कहेंगें,Loading...
लुओ,Loading...
सोई,Loading...
सोमालियाई,Loading...
समझेंगे,Loading...
पंसारी,Loading...
बर्फीली-ठंडी,Loading...
०७.९८१,Loading...
बकना,Loading...
सीनू,Loading...
युग्मित,Loading...
निर्मोक,Loading...
जवाऩ,Loading...
ख्याति,Loading...
है.-.,Loading...
०६.४८८,Loading...
माइल,Loading...
शांती,Loading...
क्वाटर,Loading...
कंपनियाँ,Loading...
सब्जियाँ,vegetables
रिलांइस,Loading...
हंसना,Loading...
अंबानी,Loading...
श्रृंगार,Loading...
बारों,Loading...
किकुयू,Loading...
रुककर,Loading...
गूदी,Loading...
०१.३६९,Loading...
०२.६०७,Loading...
०५.२८३,Loading...
०७.९७४,Loading...
गिल्डा,Loading...
०१.०७५,Loading...
करारा,Loading...
नौबढ़,Loading...
जानकारियों,Loading...
पहुचना,Loading...
रसूख,Loading...
हारमोनिका,Loading...
सुपरस्टार,Loading...
अंधकारमय,Loading...
फँसाया,trapped
खेप,Loading...
दबावों,Loading...
क्लीन,Loading...
कंसोल,Loading...
अवलोकन,Loading...
वार्महोल,Wormhole
दिखायेंगे,Loading...
अनुसन्धान,Loading...
आके,Loading...
समान्तर,parallel
जैविकता,Loading...
बिताएंगे,Loading...
संदर्भों,Loading...
न्यूट्रान,Loading...
आधारभूत,Loading...
नाराज़गी,Loading...
बैश,Loading...
त्रि-आयाम,Loading...
हरिनी,Loading...
सेथुमाधवन,Loading...
उदाहरणों,Loading...
बाख,Bach
घुमा,Loading...
उतारूंगा,Loading...
ब्लूटूथ,Loading...
खप,Loading...
पश्चातापी,Loading...
मधु,Loading...
आरई,Loading...
टीएएस-टिक,Loading...
पढ़ाया,Loading...
एन्जिल्स,Loading...
पेस्ट,paste
पहाड़,Loading...
एकतरह,Loading...
उपभोग,Loading...
कैश्ड,Loading...
पहुचाये,Loading...
हमतक,Loading...
सिकुड़,Loading...
फ़ैल,Loading...
एपिसोड,Loading...
पहुचेंगे,Loading...
गूंजता,Loading...
मिनीट,Loading...
पैंतालिस,Loading...
मैन्युअल,Loading...
लव-टैटू,Loading...
अभिलेखों,Loading...
गर्लफ्रैंड,Loading...
लहरें,Loading...
पहाड़ियां,Loading...
स्राव,Loading...
ओवरलैप,Loading...
थूको,Loading...
हंअ,Loading...
तारामंडल,Loading...
टोफ़ू,Loading...
रेंगनेवाले,Loading...
टूना,Loading...
बरताव,Loading...
घुमाव,Loading...
सेकेण्ड,Loading...
थोड़ा-बहुत,Loading...
मीनीटस,Loading...
जज्बाती,Loading...
ईतना,Loading...
इमानदारी,Loading...
लीं,Loading...
गुजारने,Loading...
खीचो,Loading...
कण्ट्रोल,Loading...
दुकानवाली,Loading...
कीतनी,Loading...
बतखें,Loading...
गुज़रीं,Loading...
भरपाया,Loading...
कीताबों,Loading...
इसीलीये,Loading...
पहुचाया,Loading...
यादो,Loading...
हेह्ह,Loading...
उतेजीत,Loading...
इसलीए,Loading...
लतियाते,Loading...
लतियाना,Loading...
मार-पीट,Loading...
टोटम,Loading...
आइंस्टीन,Loading...
मीनीट,Loading...
पंजे,Loading...
अख्तियार,Loading...
खोजकर्ता,Loading...
गिरते,falling
आँकना,Loading...
अल्युमिनियम,Loading...
अड़ियल,stubborn
रिकार्डिंग,Loading...
पहुचे,Loading...
गुरूओं,Loading...
गजब,Loading...
उपलक्ष्य,Loading...
चीरफाड़,Loading...
सुपुर्द,Loading...
मृग,Loading...
जांबाज़,Loading...
कुदरत,Loading...
शैतानियत,devilishness
तकलीफों,Loading...
मसलन,Loading...
वैज्ञानीक,scientist
सफ़र,Loading...
हैरत,Loading...
इनमे,Loading...
अनुदेशों,Loading...
तलाशना,Loading...
तूफ़ानी,Loading...
मीलेगा,Loading...
लौटोगे,will you return
कलाबाज़ी,Loading...
अभीवादन,Loading...
यु,Yu
संदेशो,Loading...
बंबई,Loading...
आईफ़ोन,Loading...
ज्वारीय,Loading...
लेकन,But
मदों,Loading...
झाँक,Loading...
बालाजी,Balaji
दरी,Loading...
फीलिंग,Loading...
भगदड़,Loading...
अलंगनल्लूर,Alanganallur
फसें,Loading...
ढूँढोगी,Loading...
नजरिया,Loading...
रोलेक्स,Loading...
एजी,AG
बनवाते,Loading...
सीप,Loading...
बचूंगा,Loading...
लकिन,Loading...
चलाये,Loading...
सूचनाएँ,Loading...
क्रिस्टलाइन,Loading...
हाइड्रोकार्बोंस,Loading...
क्लोरीन,Loading...
प्रतिस्पर्धियों,Loading...
साडी,saree
अस्वीकृति,Loading...
क्षारीय,Loading...
तमिलों,Loading...
फाई,Loading...
पुकारने,Loading...
ट्रेलर,Loading...
बहन-जी,Loading...
मानोगे,Loading...
दोषमुक्त,acquitted
उदहारण,Loading...
हालातो,Loading...
मिशनो,Loading...
खांसते,Loading...
जज्बात,Loading...
निर्भीकता,Loading...
चंडीगढ़,Loading...
छक्का,Loading...
गौरवान्वित,Loading...
बनकर,Loading...
इंजिनियर,Loading...
लोंग,Loading...
ऑपरेटिव,Loading...
कोरल,Loading...
स्थितियां,Loading...
मूंगा,Loading...
छेदा,Loading...
मिठाइयां,Loading...
बस्तियों,Loading...
अभिलेखीय,Loading...
चुंधियाना,Loading...
दुलार,Loading...
झागदार,Loading...
क्यु,Loading...
मायके,Loading...
ऑप्टिकल,Loading...
प्रलोभित,Loading...
अविवादित,Loading...
सुधरा,Loading...
प्रिंटों,Loading...
तानाशाही,Loading...
निषिद्ध,Loading...
संतृप्ति,Loading...
आसार,Loading...
अंतरतारकीय,Loading...
प्रतीक्षित,Loading...
बनिए,Become
विनिर्माण,Loading...
रिवेट,Loading...
जन्मों,Loading...
भटकती,Loading...
वाल्ट्ज़,Loading...
सम्पादित,Loading...
गुंजार,Loading...
तलहटी,Loading...
हिप्पोकैम्पस,Loading...
पालियों,Loading...
पहुचाते,Loading...
हरदम,always
दफनाते,Loading...
रेट्रोग्रेड,Loading...
एम्नेसिया,Amnesia
करियेगा,Loading...
तैराक,Loading...
सर्जनों,Loading...
रिकोर्डिंग,Loading...
नोंक,Loading...
क्लेन,Loading...
समयकाल,Loading...
कप्तानों,Loading...
सद्दाम,Loading...
निर्जीव,Loading...
बेकाबू,Loading...
संभावनाएँ,Loading...
प्रारम्भ,Loading...
बढना,Loading...
बूझते,Loading...
आंकलन,assessment
फेफड़ो,Loading...
थाईलैंड,Loading...
रुकोगी,Loading...
रुपरेखा,Loading...
उतेजित,Loading...
अन्तिक्ष,Loading...
क्वालालंपुर,Loading...
खिंची,Loading...
अनहोनी,Loading...
टॉस,Loading...
होशोहवास,Loading...
पुरावशेष,Loading...
बुलाएं,call
एमपी,Loading...
कांस्य,Loading...
जयशंकर,Loading...
अविष्कार,Loading...
बोआ,Loading...
सपेरा,Loading...
विदेशों,Loading...
स्रावित,Loading...
मुड़े,Loading...
धूमकेतुओं,Loading...
बुद्धिमत्ता,Loading...
ग्रहिकाओं,Loading...
दूसरो,Loading...
शाबाशी,Loading...
आनुवांशिक,Loading...
टूटा-फूटा,Loading...
छेड़,Loading...
जज़्बा,Loading...
ग्रंपी,Loading...
ताकीद,Loading...
शाव,Loading...
सदुपयोग,Loading...
बाशिंदे,Loading...
रोककर,Loading...
अनसुना,Loading...
खिलाऊँगा,Loading...
नज़रअंदाज़,Loading...
चूकेगा,Loading...
थोरैक्स,Loading...
बँटाओ,Loading...
अचंभे,Loading...
निस्वार्थी,Loading...
शांतिस्थापक,Loading...
उठते,getting up
लुढ़क,Loading...
गूँजता,Loading...
गहराइयों,Loading...
वाल्हाला,Loading...
यशगान,Loading...
प्रचंडता,Loading...
वैल्किरीस,Loading...
लुढ़को,Loading...
कैननबॉल,Loading...
जीतनी,Loading...
खयालों,Loading...
घूरे,Loading...
ढका,Loading...
जुटाना,Loading...
बढ़कर,by increasing
डूम,Loading...
पांडित्य,Loading...
थामकर,Loading...
खटखटाता,Loading...
लिखाई,Loading...
घनिष्ठतम,Loading...
हिलाकर,Loading...
गुरुओं,Loading...
चुराता,Loading...
पत्री,Loading...
मुख,Loading...
गुरूजी,Loading...
तुड़वा,Loading...
अवस्थिति,Loading...
पत्थरदिली,Loading...
ताउम्र,Loading...
लफ़्ज़ों,Loading...
त्रिक,Loading...
स्याह,Loading...
रोयाँ,Loading...
उंची,Loading...
पावमाल,Loading...
सेनाएँ,armies
लुढ़कना,Loading...
दरियादिली,Loading...
थोड़ा-थोड़ा,Loading...
रिबन,Loading...
100वें,Loading...
बनवाई,Loading...
खाने-पीने,Loading...
रश्क,Loading...
रिबनों,Loading...
लट्ठे,logs
प्रवेशद्वार,Loading...
जोंबियों,Loading...
बँटाना,Loading...
बौखला,Loading...
जंतु,Loading...
पां,Loading...
बक्शने,Bakshane
खिलाकर,Loading...
बक्शना,Loading...
कोफ़्ते,Loading...
पाक-कला,Loading...
दाँतों,Loading...
जोंबी,Loading...
धर,Loading...
काठियाँ,Loading...
पाएँगी,Loading...
घुमाते,Loading...
कीड़े-,Insects-
फूटा,Loading...
दोहरे-पापा,Loading...
स्कडू,Loading...
तरोताज़ा,Loading...
डूबकर,Loading...
कूदेंगे,Loading...
बर्फ़ीले,Loading...
चीखो,Loading...
धरती-हिलाने-वाली,Loading...
सिखाओगे,Loading...
कड़ाही,Loading...
बनेगी,Loading...
उँगली,Loading...
छिपकली,Loading...
साक्षी,Loading...
तबदीली,Loading...
वृषभ,Loading...
न्योता,Loading...
छोड़े,Loading...
गाँववाले,villagers
छिछोरापन,Loading...
अंदाज़,Loading...
झलकता,Loading...
दीन-हीन,Loading...
गिराओ,Loading...
पकाऊँगा,Loading...
मिटायी,Loading...
सिखानी,Loading...
ऊँघना,Loading...
बनोगी,Loading...
आत्मसात,Loading...
फरसा-घुमाने,Loading...
खोऊँगा,Loading...
सुख-दुख,Loading...
स्थूल,Loading...
भागूँ,Loading...
गाऊँगा,Loading...
खफ़ा,Loading...
शौर्य,Loading...
सकेगी-,Loading...
ठंडक,Loading...
झुलसाने,Loading...
पकड़नी,Loading...
लालन-पालन,Loading...
भिन्डी,Loading...
शल्यक,surgeon
सजीले,Loading...
जहाजो,Loading...
सिखा-सिखाकर,Loading...
हालचाल,Loading...
घटने,Loading...
प्राकृतीक,natural
आकृतियाँ,Loading...
लवण,Loading...
तारासमुह,Loading...
मिर्ची,Loading...
पायलेट,Loading...
उडाने,Loading...
फ़्रेंचाइज़,Loading...
नामलेवा,Loading...
ताज़,Loading...
पिरपथ,Loading...
अटपटा,Loading...
मेस्ट्रो,Loading...
मुच,Loading...
भूखमरी,Loading...
फूलता,Loading...
फलता,Loading...
दोराय,Loading...
दूंढ़,Loading...
आयरलैंड,Loading...
उगा,Loading...
गुम,Loading...
भिंडी,Loading...
बहुउपयोगी,Loading...
अगुआई,Loading...
अधीक,Loading...
शिष्यों,Loading...
ठोकते,Loading...
घूमो,Loading...
आनुवंशीक,Loading...
दिखी,seen
अपरिमित,Loading...
सजीव,Loading...
बढ़ती,Loading...
सरोगेसी,Loading...
ऊर्जस्विता,Loading...
पोषीत,Loading...
सिखाऊँ,Loading...
एकांतवास,Loading...
अंततोगत्वा,ultimately
उलझाऊ,Loading...
जीनका,Loading...
आसन,Loading...
नीशेचीत,Loading...
निरादर,Loading...
वीस्फोट,Loading...
जनसँख्या,Loading...
खलल,Loading...
नीकालने,Loading...
सिपहसालार,warlord
संभावनाए,Loading...
स्लेअर,Loading...
जीसमे,Loading...
तामझाम,frills
समभावनाये,Loading...
कहलाएगी,Loading...
पुकारूँ,should I call
अजनबीं,Loading...
अलौकीक,Loading...
बनवा,Loading...
नाती,Loading...
रखवालों,Loading...
अनपढ़,Loading...
जैसो,Loading...
आज़माने,Loading...
अँगूठा,Loading...
सैन्यबल,Loading...
नापने,to measure
साइज़,Loading...
नाइंसाफ़ी,Loading...
मज़,Loading...
हूबहू,Loading...
पंहुचा,Loading...
सिखाउंगा,Loading...
सिगनल,Loading...
पढ़ाएगा,Loading...
सोलर,Loading...
क्रिसैंथमम,Loading...
कुए,Loading...
ओह्ह्ह,Loading...
बिज्जू,Loading...
क्रशिंग,Loading...
येहह,Loading...
ओओह,Loading...
डबल-गॉन्ग,Loading...
साही,Loading...
सैंकड़ो,Loading...
हूँगा,Loading...
झपक,blink
जुड़ते,Loading...
बढाओ,Loading...
धाँसू,Loading...
रेडिओ,Loading...
इतेफाक,Loading...
पहुँचो,Loading...
कांफ्रेंस,Loading...
बेशकीमती,priceless
उड़न,Loading...
नक़्शे,Loading...
चटचटाने,Loading...
हे-हे,Loading...
कोर्डिनेटस,Loading...
सोचें,Loading...
भंजक,Loading...
मूषक,Loading...
हेल्मेट,Loading...
हहह,Loading...
डॉल्फ़िन,Loading...
पोपकोर्न,Loading...
झगड़ने,Loading...
लफंगे,Loading...
ख़िलाड़ी,Loading...
जलरोधी,Loading...
जेसे,Loading...
जोखम,Loading...
हेह,Loading...
बाज़,falcon
कोशश,Loading...
किताबो,Loading...
चुम्बकत्व,Loading...
दिशासूचक,Loading...
कंट्रोलर,Loading...
हटवा,Loading...
विशेस,Wishes
दबाये,Loading...
हरामखोर,Basterd
नरभक्षी,Loading...
टीएसी,Loading...
मनोविनोद,Loading...
स्टैंड-बाई,Loading...
गो-7,Loading...
मार्डी,Loading...
अधिग्रहण,Loading...
लैगून,Loading...
ग्रास,Loading...
पूरम,Loading...
त्रिशूर,Thrissur
दीक्षा,Loading...
साक्षरता,Loading...
कोचिंग,Loading...
कुकर,Loading...
डराता,Loading...
अवसाद,Loading...
पहुंचाता,Loading...
जीतो,Loading...
द्वंद्वयुद्ध,Loading...
गूँज,Loading...
मार्गों,Loading...
छठे,Loading...
स्वाति,Loading...
एथलेटिक,Loading...
सर्किल,Circle
कार्डियो,Loading...
सोचे-समझे,Loading...
हाउंगा,Howanga
सुपीरियर,Loading...
सुकरात,Loading...
बॉयफ्रेंड,boyfriend
व्ही,Loading...
खुलना,Loading...
फेमा,FEMA
माहजोंग,Mahjong
हथगोला,Loading...
जंक,Loading...
यारों,Loading...
सवारों,horsemen
अरविंद,Loading...
विराजें,Loading...
अछा,ok
अक्स,Loading...
हूॅं,Loading...
स्वीकृत,Loading...
म्युचुअल,Loading...
झींगे,Loading...
ड्राई,Loading...
किलर,Loading...
पूडिंग,Loading...
राइड,Loading...
काँटा,Loading...
हँसने,Loading...
आस्तियों,Loading...
झक्की,Loading...
पशुधन,Loading...
स्थितियों,Loading...
स्क्रू,Loading...
चौकों,Loading...
ट्रिपिंग,Loading...
सरेंडर,Loading...
चुदाई,fucking
निशानेबाजों,Loading...
परिसंपत्तियों,Loading...
पाँच-पाउँड,Loading...
फुटपाथ,Loading...
सी-4,Loading...
मादाओं,Loading...
लकीरें,Loading...
भूमिमार्ग,Loading...
भलामानस,Loading...
लटकते,Loading...
खरीदे,Loading...
पाइक,Loading...
गंगा,Loading...
अनन्त,Loading...
बीएआरटी,BART
मुरुगन,Loading...
जुडवा,Loading...
महाकाव्यों,Loading...
मनुष्यो,Loading...
कायरता,Loading...
सर्जिकल,Loading...
ध्वनियों,sounds
पीसमेकर,Loading...
शांति-वार्ता,Loading...
ठिकाना,Loading...
झगड़ना,Loading...
हिमायत,Loading...
विकार,Loading...
शिशुओं,Loading...
पालिका,Loading...
छुपे,Loading...
वांट,Loading...
मंगलौर,Loading...
वेर्नर,Loading...
हिमायती,Loading...
नेल्सन,Loading...
मंडेला,Loading...
हिक्की,Loading...
जयजयकार,Loading...
विमर्श,Loading...
ज्योतिष,Loading...
निरस्त्र,Loading...
प्रतिपादन,Loading...
लादना,Loading...
ब्लडी,Loading...
तैराकों,Loading...
यूएफओ,Loading...
हथियाएं,Loading...
मझे,Loading...
चहिए,want
धुलाई,Loading...
स्टीवेंसन,Loading...
जीक्यू,GQ
अपलिंक,Loading...
सिंचाई,Loading...
समाजवादी,Loading...
आरआर,Loading...
इनफ़,Loading...
एनीथिंग,Loading...
कुट्टन,Loading...
बजाई,Loading...
रणभेरी,Loading...
मरवाया,Loading...
सगे,relatives
तौर-तरीके,Loading...
जलाए,Loading...
अनुशासनात्मक,Loading...
धारकों,Loading...
एमएलबी,Loading...
पीजिये,drink
आद्यक्षर,Loading...
संपदा,Loading...
खर्चा,Loading...
डीएम,Loading...
मंत्रियों,Loading...
हेरफेर,Loading...
आवंटन,Loading...
प्रान्त,Loading...
उत्तरार्द्ध,Loading...
.क्या,Loading...
अड़चनों,Loading...
एमबीएन,Loading...
बिलाल,Loading...
नैटी,Loading...
आधुनिकता,Loading...
राकेश,Loading...
ट्राफियां,Loading...
प्रायोजक,Loading...
सैमी,Loading...
जकारिया,Loading...
गाऊंगा,Loading...
अंगारा,Angara
कंद,Loading...
लॉटन,Loading...
एंजेलो,Loading...
संहारक,Loading...
बॉण्ड,Loading...
बहुभाषी,Loading...
ब्रांडों,Loading...
सुलगनेवाला,Loading...
फरक,Loading...
श्रीपति,Loading...
कांस्टेबल,Loading...
आइपॉड,Loading...
पंजीकरण,Registration
कागज़ात,Loading...
कुआँ,Loading...
मोल्ड,Mold
मोलेक,Loading...
आईएएस,Loading...
गोरे,Loading...
मैनिंग,Loading...
चूतड़,Loading...
बीकॉम,Loading...
कार्यक्रमों,programs
उबाल,Loading...
राहु,Loading...
इक़रारनामा,Loading...
शट,Loading...
किल्ड,Loading...
ओबाल,Loading...
कैथलीन,Loading...
मुझमे,Loading...
कोष्ठक,Loading...
ग्लूकोज,glucose
गुडी,Loading...
कारगिल,Loading...
रहां,Loading...
नाओं,Loading...
सहपाठी,Loading...
पुर्नोत्थान,revamp
कार्तिक,Loading...
प्राणायाम,Pranayama
मगरमच्छ,Loading...
एंथ्रेक्स,Loading...
कहेगा,Loading...
ब्रीफिंग,Loading...
करण,Loading...
बैरक,Loading...
ग्रिग्स,Loading...
भरिये,Loading...
एम्स,Loading...
रिया,Loading...
ब्राउज़र,Loading...
stank-गधा,Loading...
स्कूलों,Loading...
ओणम,Loading...
जोड़ों,Loading...
पंजाबी,Loading...
पु,Loading...
मलयाला,Loading...
विंटेज,Loading...
लालकृष्ण,Loading...
फ्लोट,Loading...
अप्पू,Loading...
ब्लाह,Loading...
रूटिंग,Loading...
गैर-मानवीय,Loading...
पोर्ट,Loading...
सामग्रियों,Loading...
टीना,Tina
मीना,Loading...
गुंडारोधी,Loading...
दरजा,Loading...
पुरातत्त्ववेत्ता,Loading...
गंदगी-गायब,Loading...
बाबाजी,Loading...
माशूका,Loading...
शून्यों,Loading...
खराश,sore throat
झो,Loading...
हरलीन,Loading...
ग्रेजुएट,Loading...
अंडर,Loading...
विचारशील,Loading...
कार्यस्थल,Loading...
बरतन,Loading...
विश्वविद्यालयों,Loading...
ढकी,Loading...
प्रारूप,Loading...
ऑस्ट्रेलियाई,Loading...
प्रेरण,Loading...
संताना,Loading...
वाशिंग,Loading...
येसु,Loading...
प्रवृत्ति,Loading...
चबाया,Loading...
गन्धकी,Loading...
कोलस्लॉ,Coleslaw
लौटता,Loading...
अभयारण्य,Loading...
उधारदाताओं,Loading...
आध्यात्मिकता,Loading...
कास्टिंग,Loading...
तर्कों,Loading...
बालचंद्रन,Loading...
वध-घर,Loading...
धधकते,Loading...
मनव,Loading...
प्रतिकूल,Adverse
तकलीफ़,Loading...
संस्थापन,Installation
उठे,Loading...
जीतोगे,Loading...
पोडियम,Loading...
घंटाघर,Loading...
पिलाती,Loading...
चिंपांज़ी,Loading...
अल्ज़ाइमर,Loading...
आज़मायी,Loading...
दलील,Loading...
बूँद-सिर,Loading...
उम्मीदवारी,Loading...
निर्दलीय,Loading...
ट्विन,Loading...
ऐएलज़ी-113,Loading...
पृष्ठों,Loading...
ब्लॉग्स,Loading...
रेट्रोवाइरस,Loading...
लेबोरेटरीज़,Loading...
टरका,Loading...
जेन-सिस,Loading...
डब-डब,Loading...
खदबदा,Loading...
फोड़े,Loading...
घटाव,Loading...
ज्वर,Loading...
निर्विरोध,unopposed
वार्षिक,Loading...
मरीज़ों,Loading...
चुनावी,Loading...
शहरवाले,Loading...
पराकाष्ठा,Loading...
डायलिसिस,Loading...
कानून-व्यवस्था,Loading...
निराकरण,Loading...
अल्पसंख्यकों,Loading...
फैक्ट्री,Factory
कारखाना-कचरा,factory waste
लेटर,Letter
याचिका,Loading...
स्वच्छ-अप,Clean-up
बेअदबी,Loading...
नौटंकी,Loading...
रीएक्टर,Loading...
रोद्र,Loading...
बीचोंबीच,Loading...
मिट्टी-कीचड़,Loading...
रहिएगा,Loading...
जीतूंगी,Loading...
भड़का,Loading...
विधायकों,Loading...
इरोड,Loading...
नवागंतुकों,Loading...
शेरनी,Loading...
जयलक्ष्मी,Loading...
संगरोधी,Loading...
प्रयोजन-विशेष,Loading...
मिलाते,Loading...
करदो,Loading...
रौशनी,Loading...
हसतें,Loading...
वावस,Loading...
हाजिरजवाबी,Loading...
बल्ब,Loading...
कोडांतरण,Loading...
दायीं,Loading...
प्रदर्शनियों,Loading...
जुडाव,Loading...
मानवजाति,Loading...
सुचना,Loading...
कार्निवल,Loading...
फुल,Loading...
अधूरे,incomplete
खरा,Loading...
बजते,Loading...
पैम्फलेट,Loading...
स्व-जुडाव,Loading...
स्पष्टतया,Loading...
बुध,Loading...
डीएसपी,Loading...
सीढियों,Loading...
सपा,Loading...
fraidy-बिल्ली,Loading...
धकेलना,Loading...
उप-निरीक्षक,Loading...
सुसाइड,Loading...
पाऊंगा,Loading...
बचाए,Loading...
संभालेंगे,Loading...
क्योकिं,Loading...
नुकीला,Loading...
अवशेषों,Loading...
अआरम,Loading...
क्वालीफाई,Loading...
हसते,Loading...
जेनेरेटर,Loading...
निर्यातकों,Loading...
लेन-देन,Loading...
बेहिसाब,Loading...
उर्जा,Loading...
बाड़ी,Loading...
रिझाने,Loading...
बूढी,Loading...
भुत,Loading...
स्नेही,Loading...
पूछूँ,Loading...
बहाबी,Loading...
विभागों,Loading...
ढूढने,Loading...
अविस्मरणीय,Loading...
कोर्डीनेट्स,Loading...
दैर्ध्य,Loading...
पांचवे,Loading...
बढ़ता,growing
गुजरने,Loading...
उड़ान,Loading...
पिछड़,Loading...
जवाबदेह,Loading...
चरचराने,Loading...
वहा,Loading...
एकलौता,Loading...
बूस्टर,Loading...
पक्ष-कदम,Side-stepping
पदानुक्रम,Loading...
लगायेंगे,Loading...
फिसलते,Loading...
दंग,Loading...
समस्त,Loading...
अनिश्चित,Loading...
बैंगन,Loading...
फ़ायदे,benefits
पौंडों,Loading...
गरमाहट,Loading...
हममम,Loading...
दरकार,Loading...
रत्ती,Loading...
जाओओओओओओ,Loading...
अपरिष्कृत,Loading...
ऊर्जावान,Loading...
ब्रायलर,Loading...
गैसीफ़ायर,Loading...
जेनरेटर,Loading...
पंक,Loading...
कार्यवृत,Loading...
नाभिकीय,Loading...
तारें,Loading...
बीडीओ,Loading...
जीवनसाथी,Loading...
दिक्कते,Loading...
बिकुल,Loading...
बनिस्बत,Loading...
घबराए,Loading...
वेणु,Loading...
ऐलग्ज़ेंडर,Loading...
छिड़कर,Loading...
सोचविचार,Loading...
एयरहेड,Loading...
फ़ॉस्टर,Loading...
सबल,Loading...
जायज़ा,Loading...
कौवा-बार,Loading...
एंट्री,Loading...
प्रक्षेपक,Loading...
कपाटों,Loading...
रोड़ा,Loading...
ठहरिये,Loading...
रगड़ो,Loading...
मादा,Loading...
जमाखोरी,Loading...
भद्देराम,Loading...
ग्रीटिंग्स,Loading...
लटकना,Loading...
यूथ,youth
हँसी-मज़ाक,Loading...
मधुशाला,Loading...
उछलने,Loading...
दुपहरी,Loading...
भीड़-rousers,Loading...
हिफ़ाज़त,Loading...
ऐलेक्स,Loading...
साइडिंग,Loading...
एंटीबायोटिक्स,Loading...
सैरा,Loading...
फुलाए,Loading...
विद्वानों,Loading...
हजम,Loading...
मुनीम,Loading...
घिन,Loading...
उछालभरी,Loading...
मढूँ,Loading...
मत्थे,Loading...
भावकि,Loading...
किकर,Loading...
विनम्रता,Loading...
भीम,Loading...
पिक्सी,Loading...
शिलालेख,Loading...
नक्काशी,Loading...
कीमा,Loading...
पता-ठिकाना,Loading...
प्रतिरोधक्षमता,Loading...
भालों,Loading...
वुडलैंड,Loading...
अंचल,Loading...
मुकदमेबाजी,Loading...
अभद्र,Loading...
मुथु,Loading...
नीची,Loading...
चन्द्रमा,Loading...
पलस्तर,Loading...
फ़ुर्तीला,Loading...
रीछ,Loading...
सर्दियाँ,Loading...
समूल,Loading...
पेरूमल,Loading...
कृंतक,Loading...
पला-बढ़ा,Loading...
देव,Loading...
षणमुगम,Loading...
अशिक्षित,Loading...
नीलाक्ष,Loading...
तामलपाइस,Loading...
वलपर,Loading...
विहीन,Loading...
दहशत,Loading...
सिम,Loading...
फैलाना,Loading...
ब्लूम,Loading...
समझेगा,Loading...
डायस,Loading...
बचाखुचा,Loading...
वाक्पटु,Loading...
लुट,Loading...
निराधार,Loading...
माँ-ससुर,Loading...
हमलोगों,Loading...
लौटाएगी,will return
प्राणहानि,Loading...
मुग्ध,Loading...
ध्रुवों,Loading...
भोंपू,siren
पौधा,Loading...
ईँधन,Loading...
झेली,Loading...
नैशनल,Loading...
पछताएँगे,Loading...
चूहादान,Loading...
चीरा-फाड़ा,Loading...
घरबार,Loading...
ठेस,Loading...
छेड़ी,Loading...
काटे,cut
ऑटो-रिक्शा,Loading...
भोला,Loading...
रंगों,Loading...
दुखदायक,Loading...
शर्मीलापन,Loading...
स्कैचबुक,Loading...
ननचक,Loading...
हसीना,Loading...
नितम्ब,Loading...
मिलिशिया,Loading...
सम्मानों,Loading...
फोड़ा,Loading...
ब्रिगेड,Loading...
साइटों,Loading...
घोषणापत्रों,Loading...
खानाबदोशों,Loading...
मिलाप,Loading...
दावेदार,Loading...
फ्रंटियर,Loading...
मेसन,Loading...
फ्रेंकलिन,Loading...
लक्समबर्ग,Loading...
पिघलना,Loading...
टावर्स,Loading...
हग,Loading...
रेंगना,Loading...
मिसिसिपी,Loading...
ह्यूजेस,Loading...
एक्सटेंशन,Loading...
धारणाएं,Loading...
वियतनाम,Loading...
पचहत्तर,Loading...
चमकती,Loading...
पेला,Paella
उनासी,Loading...
प्रेषक,Loading...
हिजड़ा,Loading...
एम्पायर,Loading...
रॉकफेलर,Loading...
संक्रामक,Loading...
रिंक,Loading...
फ़ोर्ज,Loading...
खिलते,Loading...
आत्मदया,Loading...
यिशी,Loading...
तनाका,Loading...
युको,Loading...
कीड़ा,Loading...
निशि,Nishi
मासाहिको,Loading...
बुझाना,Loading...
बुलियन,Loading...
आलेखक,plotter
मियाज़ाकि,Loading...
लड़कपन,Loading...
पटकथा,Loading...
सुजुकी,Loading...
तोशियो,Loading...
पाखण्डी,Loading...
ाानेबाज,Loading...
गृहयुद्ध,Loading...
निप्पॉन,Loading...
कृतज्ञता,Loading...
अधर,Loading...
इशारों,gestures
श्राप,Loading...
जनना,Loading...
स्केटिंग,Loading...
महोत्सव,Loading...
अनाड़ी,Loading...
पुर,Loading...
अन्त,Loading...
सुसा,Loading...
पूर्वद्रष्टा,Loading...
पलस,Loading...
रचने,Loading...
क्रश,Loading...
मनोचिकित्सकों,Loading...
संयम,Loading...
मॉडरेशन,Loading...
स्लाव,Loading...
वेरिटास,Loading...
फेरीवाला,Loading...
इनपुट,Loading...
इथियोपिया,Loading...
अवर,Loading...
मुहावरा,Loading...
जांघों,Loading...
थाकी,Loading...
अंगरखा,Loading...
तलवों,Loading...
हेडलाइट्स,Loading...
ग्रेटफुल,Loading...
दर्ज़ा,Loading...
खिलाना,Loading...
इलीरिया,Loading...
उग,Loading...
प्रावधान,Loading...
नवसिखुआ,Loading...
पतले,Loading...
इन्फैंट्री,Loading...
फॉरवर्ड,Forward
बेंड,Loading...
सर्वोच्च,Loading...
कुलियों,Loading...
प्रॉक्टोलॉजी,Loading...
मेंढकों,frogs
पीआई,Loading...
निरोधक,Loading...
फॉर्च्यून,Loading...
पागला,Loading...
नियुक्तियों,Loading...
एयरोस्पेस,Loading...
हाफिज,Loading...
अधिमूल्यन,Loading...
कोका,Loading...
चरवाहों,shepherds
छुड़ा,Loading...
वतन,Loading...
ट्रोजन्स,Loading...
फ्राइड,Loading...
डांसर,Loading...
निहत,Loading...
ईडिपस,Loading...
ह्वीलचेयर,Loading...
अटैक,Loading...
चतुरता,Loading...
डकैतियों,robberies
प्रतिभाओं,Loading...
ईरानियों,Loading...
सर्पिको,Serpico
एआरएफ,Loading...
श्रृंखलित,Loading...
पित्त,Loading...
इष्ट,Loading...
पथरी,Loading...
भूगोल,Loading...
स्तंभों,Loading...
हेरा,Loading...
ज़हर,Loading...
क्षतिपुर्ति,Loading...
अभिनीत,Loading...
मालिसवाली,Loading...
हिन्दी,Loading...
कैप्शन,Loading...
कम्प्यूटर,Loading...
सद्भाव,Loading...
अश्वारोही,Loading...
निर्विवाद,Loading...
अप्रमाणित,Loading...
अनूदित,Loading...
स्टर्न,Loading...
हिसात्मक,Loading...
व्याकुल,Loading...
गिद्धों,Loading...
डेल्फी,Loading...
वीभत्स,Loading...
बदकिस्मत,unlucky
खंभे,Loading...
कार्थेज,Loading...
कृपाण,Loading...
सन्निपात,Loading...
कास्ट,Cast
क्षत्रपों,Loading...
प्रांतों,Loading...
विवादास्पद,controversial
परिवर्तक,converter
दुआएं,Loading...
टीला,Loading...
जारूँगा,Loading...
डैनी-बेटे,Loading...
संगोष्ठी,seminar
मैं--मैं,Loading...
इन्ट्री,Loading...
क्रैप,Loading...
नियोक्ताओं,Loading...
ठेलने,Loading...
ढीले,Loading...
चूमें,Loading...
शिष्टाचारिक,Loading...
कचूमर,Kachummar
भगवान-,Loading...
कुंवारे,bachelor
अच्छा-खासा,Loading...
छिला,Loading...
सेविंग,Loading...
बनायेगा,Loading...
जले,Loading...
रगड़ने,Loading...
नहाना,Loading...
निकलूं,Loading...
करनेवाली,Loading...
मालिस,Loading...
प्रेसर,pressure
बढ़िये,Move on
आनंददायक,Loading...
सूंघूंगा,Loading...
वाइब्रेटर,Loading...
सामिल,Loading...
फूंकूंगा,Loading...
वाईब्रेटरी,Loading...
बोरे,Loading...
भूस्खलन,Loading...
हांकने,Loading...
डिश,Loading...
व्यायामशाला,Loading...
चबाना,Loading...
ज़ीउस-आमोन,Zeus-Amon
माँगी,Loading...
मनन,Loading...
अमरत्व,Loading...
धूमधाम,Loading...
प्रिवी,Loading...
सड़ाना,Loading...
शासी,Loading...
छायादार,Loading...
राइडिंग,Loading...
नागों,Loading...
संस्थानीकरण,Loading...
छतों,Loading...
नक़ल,Loading...
गठिया,Loading...
क्रेतेरुस,Loading...
दार्शनिकों,philosophers
उग्रपंथियों,Loading...
हअ,yes
सूँघ,sniff
पेक,Loading...
नेस्ट,Loading...
गुफाओं,Loading...
कुंद,Loading...
साहूकारों,Loading...
कटघरा,Loading...
स्वजन,Loading...
मल्लयुद्ध,Loading...
भेड़ीनी,Loading...
निःसंतान,Loading...
पाले,Loading...
लीकवाला,Loading...
ग्वालों,Loading...
चिरस्थायी,Loading...
रूज,Loading...
ढूँढें,Loading...
शिपमेंट,Loading...
घेरना,Loading...
हड्डियां,Loading...
ढालें,Loading...
भौतिकवादी,materialist
मुंहतोड़,Loading...
गदर,mutiny
इधार,here
निर्मल,Loading...
पियर्स,Loading...
देमेत्रिायुस,Loading...
नादकार,Loading...
छिपाएँ,Loading...
त्यागें,Loading...
गहनों,Loading...
रजत,Loading...
प्रियजनों,Loading...
सड़े,Loading...
वीरता,Loading...
उताने,Loading...
कीमोनो,Loading...
भरण,Loading...
सम्मन,summons
एप्स,Loading...
जघन्य,heinous
लियोनी,Loading...
गाह,Loading...
कर-कटान,Loading...
संपंन,Loading...
पार्थिव,Loading...
नेक,Loading...
लागु,Loading...
स्वीलो,Loading...
अटका,stuck
हँसा,Loading...
अमूमन,Loading...
पूरव,Loading...
अवनति,Loading...
एतद्द्वारा,Loading...
स्वीकारती,Loading...
स्वीकारते,Loading...
केम्पका,Loading...
मानूंगा,Loading...
सदियां,Loading...
सनिएका,Loading...
लादी,Loading...
झपका,Loading...
आशुलिपि,Loading...
ठेल,Loading...
भोग,Loading...
बस्से,Loading...
खिताब,Loading...
एर्म,Loading...
गिरूंगा,Loading...
पोसना,Loading...
बदकिश्मत,Loading...
स्मारकों,Loading...
लीटर,Loading...
बतांऊ,Loading...
न्यूमेथौरेक्स,Loading...
सिखाएं,Teach
हीड,Loading...
मूसीबत,Loading...
स्टंमफेगर,Loading...
छूओ,touch
डराओ,Loading...
ईनेस्सा,Loading...
होंऊंगा,Loading...
कुलाधिपति,Loading...
हताहतों,casualties
बोलशेविकों,Loading...
रीकस्लेटर,Loading...
सांड,Loading...
कोसेंगे,Loading...
गोदामों,Loading...
रोजाने,Loading...
आंट,Loading...
मैजियरली,Loading...
दोस्ताने,Loading...
टॉर्नो,Loading...
चबाते,Loading...
ऑप्टिक,Loading...
ओबरस्टर्मबनफ्यूरर,Loading...
निशानी,Loading...
स्वास्थ,Loading...
हस्तछेप,Loading...
संभांलता,Loading...
संभांलो,Loading...
फ्रिट्ज,Loading...
भगोड़े,Loading...
चैंसलरी,Loading...
टीयरगार्टन,Loading...
प्लाट्ज,Loading...
पंडितों,Loading...
रोगाणु-मुक्त,Loading...
अनुरक्षक,Loading...
धुरी,Loading...
पूर्व-पश्चिम,Loading...
गैटौ,Loading...
दिखायेगी,will show
स्नानागार,Loading...
पुआल,Loading...
खाएं,eat
रगडो,Loading...
डगमगायी,Loading...
बहाऊंगा,Loading...
बख्शें,Loading...
फंड़,Loading...
मुत,Loading...
जर्मनों,Loading...
बिछड़,Loading...
मंगवाये,Loading...
खन,Loading...
मैग्डा,Magda
पलने,Loading...
गुर्दे,Loading...
पनाहगाह,hideaway
अटके,stuck
स्वाननवर्डर,Loading...
लक्की,Loading...
लटकाना,Loading...
अफ़ीमची,Loading...
बेहूदा,Loading...
हेल्मुट,Helmut
ठेर,Loading...
अनातोलिज,Loading...
पोट्सडेमर,Loading...
लस्टगारटन,Loading...
वीडनडैमर,Weidendammer
किरायदार,Loading...
कोर्ट-मार्शल,Loading...
हर्मन,Loading...
गिट्टे,Loading...
ग्रूपरफ्युरर,Loading...
पीढ़ियां,Loading...
अस्वीकार्य,Loading...
टेकती,Loading...
जीयेंगे,Loading...
खत,Loading...
प्राग,Loading...
चौतरफे,all-round
केसल्रिंग,Loading...
जागृति,Loading...
बताई,Loading...
आदर्शवादी,Loading...
वाकयी,Loading...
बर्नाडोट,Loading...
काउंट,Loading...
ल्युबैक,Loading...
भेजूंगी,Loading...
तलाशता,Loading...
निबटने,Loading...
किश्मत,Loading...
पिंड,Loading...
कमजोरों,Loading...
आयोडीन,Loading...
धूनो,Loading...
बचायेगी,Loading...
पथ्थर,Loading...
आईएमएफ,Loading...
परस्पर,Loading...
अर्नेस्ट,Loading...
लिमो,Loading...
बुनियाद,Loading...
क्लोरीनयुक्त,Loading...
डाकघर,Loading...
अटूट,Loading...
फोले,Loading...
न्यायालय,Loading...
मंचूरियन,Manchurian
सामान्यीकरण,Loading...
संवेदी,sensory
खीचाकर,Loading...
भानुमती,Loading...
पिटारा,Loading...
ग्रीनविच,Loading...
कनेक्टिकट,Loading...
बंडी,Loading...
स्पेक,Loading...
गनमैन,Loading...
विल्कस,Loading...
स्पार्टा,Loading...
चैपमैन,Chapman
मापी,Loading...
रिक्टर,Loading...
रोटो,Loading...
टाईट,Loading...
अंकुर,Loading...
बुलेटिन,Loading...
हूए,Loading...
रोडरनर,Loading...
अर्दली,Loading...
देशवासियों,Loading...
बेड़ी,Loading...
अश्वारोहण,Loading...
न्यूज़लेटर,Loading...
कायरतापूर्ण,Loading...
मोरेस्बी,Loading...
सिक्कों,Loading...
लेखों,Loading...
भूकंपी,Loading...
ओलंपिक,Loading...
सोर,Loading...
दुष्प्रचार,Loading...
ताड़ना,Loading...
baden-पॉवेल,Loading...
बेट्टी,Betty
मितव्ययी,Loading...
घटियापन,Loading...
क्रोकर,Loading...
एल्यूमीनियम,Loading...
अछूता,Loading...
फोबोस,Loading...
छिपाता,Loading...
क्रीमेटोरिअम,Loading...
महानद,Loading...
विहार,Loading...
होमर,Loading...
दस्यु,Loading...
ट्रेडमिल,Loading...
लॉरी,lorry
श्रद्धेय,Loading...
ससपेंस,Loading...
हैचर,Loading...
प्रॉफिट,Loading...
प्रो,Loading...
एकॉर्डियन,Loading...
क्रिसचियन,Loading...
शत्रुता,Loading...
होंऊ,Loading...
खिलायी,Loading...
मुलर,Muller
दूतों,Loading...
कार्यकाल,Loading...
पेमेंट,Loading...
रॉच,Loading...
आवासीय,Loading...
वैगनर,Loading...
घोट,Loading...
सोऊंगा,Loading...
स्कैडल,Loading...
गाड़ो,Loading...
लटकाने,Loading...
बैठती,Loading...
मचाओ,Loading...
कैटरीना,Loading...
आफीसर,Loading...
कमांडिंग,Loading...
प्रण,Loading...
रुकुंगी,Loading...
पोचा,Loading...
आंए,Loading...
तोङने,Loading...
सुनाओगी,Loading...
वारवरा,Loading...
सहनिर्माण,Loading...
अर्नस्ट-गुंठर,ernst-günther
दिसंबर,Loading...
जोसेफ,Loading...
फ्रांज,Loading...
स्कॉल,Loading...
सोफी,Loading...
फिल्में,Loading...
लुडविग,Loading...
शरणार्थियों,Loading...
इगोर,Loading...
एकातेरिना,Ekaterina
फ्लेंसबर्ग,Loading...
अचर्न,Loading...
ब्रेमेन,Loading...
जोहान्स,Loading...
साल्जबर्ग,Salzburg
हाना,Loading...
लोहमार,Loading...
जैरोस्लैव,Loading...
बॉटजन,Loading...
ओटो,Loading...
हासे,Loading...
पाओ,Loading...
वर्नर,Loading...
पाऊं,Loading...
हेलमथ,Loading...
एकर्नफोर्ड,Loading...
डैम्प,Loading...
विल्हेम,Loading...
एकाउंटेंट,accountant
जेनरल,Loading...
आकिन,Loading...
फिस्सड्डी,Loading...
लगूं,Loading...
दखो,Loading...
सिलास,Loading...
नैदानिक,Loading...
कपाट,Loading...
हेलीपोर्ट,Loading...
फ़िस्ट,Loading...
फ़लाना,Loading...
गरदनी,Loading...
सुहाती,Loading...
जीवनशैली,Loading...
फँसोगे,Loading...
एक-न-एक,one or the other
धँसा,Loading...
शूलों,Loading...
प्रक्रियात्मक,Loading...
ब्लैकआउट,Loading...
दांग,Dong
स्वामीजी,Loading...
बुझने,Loading...
कर-,Loading...
काठियों,Loading...
डुबकर,Loading...
भण्डार-खाना,Loading...
बख्शते,Loading...
भगाना,Loading...
काँटें,Loading...
सकें-,Loading...
अाया,Loading...
खीच,Loading...
स्नेहशील,affectionate
बाड़ों,Loading...
सीवाई,Loading...
कादिर,Loading...
ज़िप्पलबैक,Loading...
कोषस्थ,Loading...
कायापलट,Loading...
हिडियस,Loading...
लथ-पथ,Loading...
पैनकेक,Loading...
डाउनहिल,Loading...
नाइटमेयर,Loading...
फावड़ियों,Loading...
धुल,Loading...
मनोर,Loading...
मॉन्स्ट्रस,Loading...
बंदियों,Loading...
मँझे,Loading...
टुक,Loading...
लुक,Loading...
सर्किलों,Loading...
इयूक्लिडियन,Euclidean
काल-एल,Loading...
चलानेवाला,Loading...
मीन-मेख,Loading...
सवेरे,Loading...
बाल्डविन,Loading...
चौकन्नी,Loading...
सिटकनी,Loading...
चन्नी,Loading...
अनुलग्नक,Loading...
अब्दुल,Loading...
पछुआ,Loading...
किरणें,rays
निरक्षरों,illiterates
अमिताभ,Amitabh
बच्चन,Loading...
घंट,Loading...
श्रेष्ट,Loading...
कायजन,Loading...
योजनाएँ,Loading...
रफ़ूचक्कर,fuzzy
पलटे,Loading...
अंशशोधन,Loading...
छल्लेदार,Loading...
द्वीपों,Loading...
सिलेंडर,Loading...
बढ़ाएँ,Loading...
उचका,Loading...
निकम्मेपन,Loading...
इंजेक्ट,Loading...
टहलते,Loading...
चहचहा,Loading...
टेरर्स,Loading...
हैम,Loading...
टीआरपी,Loading...
दशहरा,Loading...
टेरिबल,Loading...
मोहतरमा,Loading...
आफ़्टरनून,Loading...
दीवाली,Loading...
डेथ,Loading...
ज़बान,Loading...
विस्परिंग,Loading...
फ़िसलना,Loading...
टिंबरजैक्स,Loading...
सोचनी,Loading...
अपवित्रता,Loading...
पहनती,Loading...
गो,Loading...
इकतालीस--,Loading...
इंटरमीडिएट,Loading...
मानस,Loading...
बेकरारी,Loading...
फिगरो,Loading...
फेड,Loading...
टॉयलेट,Loading...
वाह-वाह,Loading...
ज़हमत,Loading...
उड़ते-उड़ते,Loading...
अता-पता,Loading...
ऐक,Loading...
मूर्तियां,Loading...
रिचर्डसन,Loading...
परिचालित,Loading...
स्पाइट्लाउट,Loading...
हाउसकीपिंग,Loading...
लड़को,Loading...
रूखे,Loading...
बरतेगा,Loading...
ग़लतफहमी,Loading...
बहानेबाज़ी,Loading...
जत्थे,Loading...
इंतजाम,Loading...
डुप्लीकेट,Loading...
कौन-फ़िस्ट,Who-Fist
आप्रवास,Loading...
माइक्रोसॉफ्ट,Loading...
वॊ,Loading...
चलों,Loading...
काँख,Loading...
बेलगाम,Loading...
देवदार,Loading...
बेबसी,Loading...
न्यायमूर्ति,Loading...
करीब-करीब,Loading...
बंधनमुक्त,Loading...
हूँ-,am-
अनकही,Loading...
द्वीपपुंज,Loading...
ड्रैगल,Draggle
केयर,Loading...
मार्की,Loading...
आहा,Loading...
ही-,Loading...
लहराया,Loading...
तहेदिल,Loading...
जयचिह्न,jay mark
ख्वाबों,Loading...
छत्र-छाया,Loading...
एक्टिव,Active
बायो़डीग्रेडेशन,Loading...
खस्ताहाल,Loading...
दवदार,Loading...
मछलियों,Loading...
पन्ने,Loading...
बचीं,Loading...
रॉकी,Rocky
दुखदायी,painful
भागी,Loading...
धराशायी,Loading...
था-,Loading...
कलाबाज़ियाँ,Loading...
बेकसूरों,Loading...
खोलेंगे,Loading...
पटका,Patka
दो-दो,Loading...
रास्ते-में-बताने-वाली,Loading...
बतानी,Loading...
रोएँगे,will cry
बेड़ों,Loading...
जहाज़ी,Loading...
दौड़ने,Loading...
उड़ता,Loading...
जँचता,suits
राजगद्दी,throne
याँग,Loading...
प्रबुद्ध,Loading...
झुँड,Loading...
चेला,Loading...
डायमंड,Loading...
गर्माहट,Loading...
निरपेक्षता,Loading...
छटी,Loading...
समुद्री-जन्तु,Loading...
पाँचवी,Loading...
के-हम,Loading...
ईसा,Loading...
छीनना,Loading...
हमें-,Us-
संविदा,Loading...
जोड़ती,connects
बिजलियोंसे,Loading...
उछालना,Loading...
एहतियाती,precautionary
बोल्शोई,Loading...
बैले,Loading...
संभवना,Loading...
कॉपरनिकस,Loading...
विकासवाद,Loading...
भूलती,Loading...
रूपों,Loading...
डबल्यु,Loading...
लिवाने,Loading...
सभाकक्ष,Loading...
निकेल,Loading...
हाजर,Loading...
सुल्तान,Loading...
एन्क्रिप्शन,Loading...
ओढ़कर,Loading...
जामे,Loading...
पंचायत,Loading...
हार्पसीकोर्ड,Loading...
अत्याचारों,Loading...
निरपेक्ष,absolute
निश्चितता,Loading...
अपरिचित,Loading...
नहींं-मैं,Loading...
मचाए,Loading...
हापून,Loading...
प्रधानों,Loading...
बनें,Loading...
जकड़,Loading...
कनिष्ठ,Loading...
माजरा,Loading...
सेनेटर,Loading...
जालों,Loading...
मुक्तिदाता,Loading...
अभिलेखागार,Loading...
थे-,Loading...
वाटिका,Loading...
मारो-या-मरो,Loading...
सुसंध्या,Loading...
मशालों,Loading...
आवासों,Loading...
वृक्ष-जाल,tree-net
हॉबलग्रंट,Loading...
पैने,Loading...
ब्रेकिंग,Loading...
रेनकटर,Loading...
गँवा,Loading...
मुहब्बत,Loading...
चलनेवाला,Loading...
स्कूप,Loading...
लड़नेवाला,Loading...
संचारित,transmit
स्नैफ़लफ़ैंग,Loading...
एलेक्जेंड्रा,Loading...
आकुंचनीय,Loading...
लोकोपकारक,Loading...
गढ़ा,wrought
मार्टिनी,Loading...
मेलजोल,Loading...
घनिष्ठ,Loading...
चौकसी,Loading...
वन्य,Loading...
स्वतंत्रताओं,Loading...
खौफ,Loading...
उन्मादी,Loading...
संपादकीय,Loading...
जुआरेज,Loading...
खुजलीदार,Loading...
लेक्चरर,Loading...
हुए-,happened-
ऐस्पन,Loading...
मैल्कस,Loading...
रॉबर्टसन,Loading...
प्याले,Loading...
बिछाय,Loading...
बुलाऊं,Loading...
पुर्वानुमानित,Loading...
खिलाता,Loading...
लेटना,Loading...
तोड़ती,Loading...
टाइपिंग,typing
आऊट,Loading...
डोनट्स,Loading...
दंतहीन,Loading...
जाएगी-,Loading...
पांव,Loading...
बिताओ,Loading...
दुःस्वप्न,Loading...
संजोग,Loading...
थमाओ,hand over
सजाओ,Loading...
पल्टी,Loading...
शुरुर,Loading...
टिम्बुक्टु,Loading...
मइन,Loading...
दुखते,Loading...
ओरेगन,Loading...
शुक्राणु,Loading...
दबे,Loading...
रदरफोर्ड,Loading...
चपके,Loading...
तोड़े,Loading...
रिब,Loading...
रोस्ट,Loading...
हैमबर्गर,Loading...
अधर्मिता,Loading...
अमरता,Loading...
टर्की,Loading...
बीमारों,Loading...
इश्वरनिंदा,Loading...
मुर्गियां,chickens
खानदान,Loading...
उपद्रवी,Loading...
निंदित,Loading...
फैरीसी,Loading...
फ्राइज़,Loading...
केचप,Loading...
पुकारते,Loading...
बग्स,Loading...
अबेनदर,Loading...
मुशकिलें,Loading...
भंडारगृह,Loading...
डिब्बाबंद,Loading...
लूटना,rob
कुर्सियां,Loading...
कैन्ड,Loading...
खड़े-खड़े,Loading...
खुबानी,Loading...
गतिविधियां,Loading...
बताय,Loading...
वु,Loading...
पहुचाई,Loading...
इरादतन,Loading...
पेशीय,Loading...
क्षणिक,Loading...
धोकर,Loading...
फैलाऊं,Loading...
अर्जंट,Loading...
लाइनें,Loading...
इसपर,Loading...
टाइट,Loading...
धब्बा,Loading...
भोज,Loading...
झटकता,jerking
पकड़ूंगा,Loading...
खरी-खोटी,Loading...
उतारूं,Loading...
बांधूंगा,Loading...
1बुला,Loading...
सुन-,Loading...
एलर्जिक,Loading...
डर्किन,Loading...
संतरे,Loading...
बुढे,Loading...
अच्छी-अच्छी,Loading...
अंदेशा,Loading...
समझाओगे,Loading...
थें,Loading...
गराज,Loading...
स्नोप्लाउ,Loading...
प्रतिस्थापित,Loading...
ब्रा,Loading...
पशुपालक,Loading...
दूरस्थ,Loading...
चूचियां,Loading...
दोहराये,Loading...
दातों,Loading...
क्रोनिस,Chronis
असंतुलन,Loading...
सड़ियल,Loading...
वाचक,Loading...
चैनल10,Loading...
--------अंत-----------,Loading...
मैुझे,Loading...
कहलाता,Loading...
अनार,Loading...
झुलस,Loading...
उलझता,Loading...
यापन,Loading...
रॉकीज,Loading...
ब्रूअर,Loading...
बहां,Loading...
चोदो,Loading...
कराती,Loading...
हफतों,Loading...
हफ्ता,Loading...
गर्मागर्म,Loading...
शर्मीला,Loading...
पटरियां,Loading...
सर्पराइज,Loading...
जमी,Loading...
ट्रांस्फर,Loading...
नौकरशाही,Loading...
मरकर,Loading...
उमस,Loading...
भींचो,Loading...
वाल्टर,Loading...
बेलचा,Loading...
बहुतेरे,Loading...
विरोधाभास,Loading...
आह्वाहन,Loading...
भारी-भरकम,Loading...
पेठ,Loading...
रूपए,Loading...
जुड़वों,Loading...
झकास,awesome
बेल्च,Loading...
हथेली,Loading...
इंजेक्षन,injection
आयुक्त,Loading...
चक्रधर,Loading...
थ,Loading...
दूगीं,Loading...
बर्कवासियों,Loading...
कसीदाकारी,Loading...
तनहाई,Loading...
दब्बू,Loading...
नैसर्गिक,Loading...
विस्मयकारी,Loading...
कैसियस,Loading...
निबटना,Loading...
मूल्यह्रास,Loading...
मरम्मती,Loading...
सौपता,Loading...
जेसमस,Jessamus
वाचा,Loading...
माफिक,Loading...
दोगले,double faced
रूपरेखा,framework
मुखातिब,Loading...
आमेर,Loading...
पूर्ववर्ती,Loading...
दुर्भावनाएं,ill-will
गाड़ने,Loading...
भिड़े,Loading...
घमासान,Loading...
एक-टाँग,Loading...
लड़कर,Loading...
निम्मी,Loading...
रुलंटे,Loading...
लटकाए,Loading...
माँगू,ask for
सुधारना,Loading...
मित्रता,Loading...
ठगी,Loading...
अकस्मात,Loading...
कोने-कोने,Loading...
डिक्की,trunk
भावी,Loading...
उर्वशी,Loading...
गैजेट,Loading...
बिगाड़ते,Loading...
वेंटीलेटर,Loading...
वृंदावन,Loading...
अकलमंद,Loading...
अड़े,Loading...
एमएमएस,Loading...
उषा,Loading...
नायडू,Loading...
सुविधाएँ,Loading...
पांजा,Loading...
आहार-कक्ष,Loading...
जितना-जी-चाहे-खाओ,Loading...
मल्लिका,Loading...
मुठ,Loading...
प्राण,Loading...
किसा,Loading...
कुचलता,Loading...
विद्रोहों,rebellions
रूपांकनों,Loading...
नामाकूल,Loading...
पुर्व-घोषित,Loading...
अंधों,Loading...
सौंपो,Loading...
सेटरों,Setters
चढ़वाना,Loading...
रॉयल्टी,Loading...
परिपुर्ण,complete
अनुयायियों,Loading...
फैलने,Loading...
सन्तान,Loading...
संप्रदाय,Loading...
यरूशलेम,Loading...
सिखाये,Loading...
बहकाया,seduced
आक्रमणों,Loading...
सब्त,Loading...
डेकोरेटर,Loading...
पुनर्सज्जा,Loading...
बॉलरूम,Loading...
लाओगे,Loading...
मिसेज,Loading...
कोसते,cursing
इश्वरनिन्दा,Loading...
क्रूरतापूर्ण,Loading...
हह,Loading...
सुदृढीकरण,Loading...
सताये,Loading...
मुख़्तार,Loading...
प्रामाणिक,Loading...
करीने,Loading...
एकांत-भय,Loading...
आश्वास्त,Loading...
चढ़ाऊं,Loading...
भाईचारे,Loading...
बख्शने,Loading...
निबटाना,Loading...
कृमिपूर्ण,Loading...
लीविंग,Loading...
डराकर,Loading...
कारकों,Loading...
ऑटोहिप्नोसिस,Loading...
आत्म-प्रेरित,Loading...
दंड़,Loading...
समाधी,Loading...
सताएंगे,Loading...
बोल्डर,Loading...
सताते,Loading...
अबेनादेर,Loading...
बिखेर,Loading...
आबोहवा,Loading...
म्म-ह्म,Loading...
सौंपूं,hand over
सिएरस,Sierras
कहलाने,to be called
बासिंदों,Loading...
ठकी,Loading...
सौंपता,Loading...
छूटता,Loading...
नवाजो,Loading...
चीटिंग,Loading...
देखूगी,Loading...
नाटकबाज़,Loading...
इर्ष्या,Loading...
मुस्कुराते,Loading...
सूखने,Loading...
स्नानघर,bathroom
कोन्सुएलो,Loading...
बनायेंगे,Loading...
लुज,Loading...
मनानिता,Loading...
लकड़हारों,Loading...
पोंछा,Loading...
फरमाएंगे,Loading...
ड्रिफ्ट,Loading...
मुआईना,Loading...
अकलमंदी,Loading...
५,Loading...
९३,Loading...
क्यूँकि,Loading...
रूकेंगे,will stop
गूंजती,Loading...
रोऊँ,Loading...
दुकानदारिन,Loading...
बाजा,Loading...
किस्तों,Loading...
काटती,Loading...
दब,Loading...
सबी,Loading...
सैनीटेशन,Loading...
गुनगुनाहट,Loading...
दुर्घटनाएँ,Loading...
एस्तेला,Loading...
कब्रिस्तानों,Loading...
हडताली,Loading...
बढता,Loading...
संघों,Loading...
अमेरिकन-मेक्सिकन,Loading...
जलाएंगे,Loading...
टाल,Loading...
मेक्सिकन-अमेरिकी,Loading...
सभापति,Loading...
कारवाही,Loading...
जेनकींस,Loading...
बदतमीजी,insolence
बचपना,Loading...
खाना-पीना,Loading...
इस्टर्न,Loading...
डेलावेयर,Loading...
माईनिंग,Loading...
महानुभावों,Loading...
फ्यूचर,Loading...
कौड़ियों,Loading...
शेरिफ्,Loading...
ऐंठन,Loading...
साँड़,Loading...
तीखेपन,Loading...
पान्चो,Loading...
भरती,Loading...
भड्कावे,Loading...
कवायद,exercise
रय्मोंद,Loading...
दुम,Loading...
स्थगन,Loading...
टेरसा,Loading...
जगहंसाई,Loading...
लगवा,Loading...
हड़तालें,Loading...
बुलवाए,Loading...
प्रति-दिन,Loading...
अलिखित,Loading...
रहेंगीं,Loading...
घोल,Loading...
जिंदाबाद,Loading...
फोरेमन,Loading...
जेर्किन्स,Loading...
तमाल-तुमुल,Loading...
वास्ता,Loading...
तमाल,Loading...
शिनोला,Loading...
लगाऊँगा,Loading...
संभलता,Loading...
जबकी,Loading...
पिस,Loading...
अंगारों,Loading...
कलाकारों,artists
सेलिब्रिटी,Loading...
कार्डिगन,Loading...
साधा,Loading...
चालों,Loading...
ट्रेडों,Loading...
बीनने,Loading...
टीकाकार,Loading...
साक्षात्कारकर्ता,Loading...
दुहराव,Loading...
यांत्रिक,Loading...
जस्टिन,Loading...
पेटिंकिन,Patinkin
मैकेरल,Loading...
वास्तविकताओं,Loading...
ग्लैमर,Loading...
बाउंटी,Loading...
फेम,Loading...
वॉक,Loading...
दही,Loading...
ग्रेनोला,Granola
रिहर्सल,Loading...
छितराया,Loading...
रास्पबेरी,Loading...
कुशाग्र,Loading...
एक्वा,Loading...
पैकेजिंग,Loading...
पोटा,Loading...
छलनी,Loading...
स्क्वैश,Loading...
अखिल,Loading...
डला,Loading...
बर्ड,Loading...
लक्सर,Loading...
दामन,Loading...
ह्म,Loading...
रुलाती,makes me cry
इल्जाम,Loading...
ग्रेस,Loading...
चेकलिस्ट,Loading...
चीड,Loading...
देवदारों,Loading...
मार्कोस,Loading...
अन्धकार,Loading...
गुजारते,Loading...
सम्पति,Loading...
महिने,Loading...
धंसी,Loading...
पापी,Loading...
लड़ोगे,Loading...
उड़ाते,Loading...
ब्लास्टिंग,Loading...
कांट्रेक्ट,Loading...
पढो,Loading...
पढवा,Loading...
साब,Loading...
कन्फेशन,Loading...
पशुपालन,Loading...
सोतों,Loading...
धातुगलन,Loading...
असंवेदनशील,Loading...
बालिका,Loading...
पर्व,Loading...
प्रवेशी,Loading...
कलेवा,Loading...
ग्रिल,Loading...
घसीट,Loading...
चिपकाते,Loading...
आलस,Loading...
आराध्य,Loading...
आवेश,Loading...
श्रोतागण,Loading...
बूटी,Loading...
कंबोडिया,Loading...
उबलते,Loading...
अनुदेशात्मक,Loading...
इंडिपेंडेंट,Loading...
अव्यवसायिक,Loading...
विवरणिका,brochure
जौनितो,Loading...
इक्के,Loading...
हील,Loading...
हवाला,Loading...
अगुइलार,Loading...
बुढिया,Loading...
डियाज़,Loading...
मोराल्स,Loading...
कलिंसकी,Loading...
संयोंजको,Loading...
अल्वारेज़,Loading...
लिखवाओ,Loading...
तगड़ी,Loading...
खदानें,Loading...
दूकान,Loading...
टोकरियों,Loading...
गुलामी,Loading...
सुधार-गृह,Loading...
पीया,Loading...
मंजवाती,Loading...
हरसंभव,Loading...
फब्तियाँ,Loading...
मेमों,Loading...
मेम,Mam
कलिन्स्की,Loading...
उठाये,Loading...
ढकार,Loading...
लड़कयों,girls
पेड़ों,Loading...
कसते,Loading...
डेपुटी,Loading...
नासमझी,Loading...
रूकने,Loading...
खोमचे,Loading...
खिली,Loading...
करतीं,Loading...
बदसलूकी,Loading...
गन्दी-गन्दी,Loading...
निभाऊंगा,Loading...
रवैये,Loading...
कोंटीनेंटल,Loading...
डाइरेक्टर,Loading...
डरेंगे,Loading...
अकल,Loading...
निपटाओ,Loading...
रुकवाने,Loading...
सैवी,Loading...
पिट,Loading...
मिल्लिंग,Loading...
भगोड़े,Loading...
सम्मानपूर्ण,Loading...
बढते,Loading...
सबटाईटल्स,Loading...
शिपबिल्डर्स,Shipbuilders
प्रेमिकाएं,Loading...
वाक्यांश,Loading...
kook-ही,Loading...
मू-चुंग,Loading...
जुल,Loading...
रुकवा,Loading...
ख़ामोशी,Loading...
कड़वाहट,bitterness
डेलावेअर,Delaware
गैर-पेशेवर,Loading...
अफ़्रीकन,Loading...
सफारी,Loading...
तेरहवां,Loading...
मीट,Loading...
उड़ाऊँगा,Loading...
दारु,Loading...
कैप्टेन,Loading...
फटकने,Loading...
ओफ,Loading...
खदाने,Loading...
झेला,Loading...
चलूँ,Loading...
तम,Loading...
होके,Loading...
उठूँ,Loading...
चलाती,Loading...
दिलायी,Loading...
माएँ,Loading...
उठीं,Loading...
मोंटाना,Loading...
इडाहो,Loading...
रामबाण,Loading...
आजमाया,Loading...
लड़ाका,fighter
खटमल,Loading...
धड़कने,Loading...
संगठकर्ता,Organizer
जब्ती,Loading...
मायूस,Loading...
अलेग्रा,Allegra
छठा,Loading...
झोपड़ी,Loading...
अमानवीय,Loading...
सातवां,Loading...
बोरिया,Loading...
हरगिज़,Loading...
उफ़,Loading...
विश्व-विजेता,Loading...
गिनाई,Loading...
सिपाहियों,Loading...
भडकाते,Loading...
कोशिशें,Loading...
टुच्चे,petty
फसादी,Loading...
इल्जामों,Loading...
हडताल,Loading...
झेलना,Loading...
एंग्लों,Loading...
आंकते,Loading...
छोटी-छोटी,Loading...
घुसते,Loading...
जार्ज,Loading...
पहचानूं,Loading...
निपट,Loading...
पलटवार,Loading...
बांटों,distribute
समेटकर,Loading...
डालर,Loading...
खा-पी,Loading...
कंसट्रक्शन,Loading...
तबज्जो,Loading...
गाँव-देश,Loading...
कार्लोता,Loading...
सांचेज़,Loading...
शालीन,Loading...
जिल्लत,Loading...
प्रिथी,Loading...
टेकना,Loading...
कारवाइयों,Loading...
न्यायसंगत,Loading...
असंवैधानिक,Loading...
सम्मलेन,Loading...
बतौर,Loading...
उठायें,Loading...
८५,Loading...
१०३,Loading...
संस्तुति,Loading...
पल्लू,Loading...
किसमे,Loading...
टूटेगी,Loading...
साउथ-वेस्ट,Loading...
स्पेनिश-भाषी,Loading...
बट्टे,Loading...
सन्देश,Loading...
मुड़े-तुड़े,Loading...
बावर्ची,Chef
हटते,Loading...
जायंगे,Loading...
इन्टरनेशनल,Loading...
सड़ा-गला,rotten
क़ानून,Loading...
हराओ,Loading...
जोशीले,Loading...
पढ़ें,Read
हारते,losing
बीवियाँ,Loading...
आरतें,Loading...
डेनेवर,Loading...
शेडोंग,Loading...
बुदबुदाना,Loading...
निमिष,Loading...
खेलुंगा,Loading...
नकाब,Loading...
आिखरकार,Loading...
िजंदा,Loading...
िमल,Loading...
ऐसेही,Loading...
फॉर्िमकस्,Formics
ं,Loading...
पुनर्िनर्माण,Loading...
करोड़ों,Loading...
िनर्दोष,innocent
फॉर्िमक,Loading...
असि्तत्व,Loading...
िवनाश,destruction
सुरिक्षत,Loading...
अनुमित,Loading...
बेड़ो,Loading...
किठन,Loading...
िसपाही,Loading...
िवरुद्ध,Loading...
उतनीही,Loading...
ंकोई,Loading...
िनगरानी,monitoring
लड़कोंने,Loading...
लेिकन,Loading...
पहुँचानेवालो,Loading...
इसिलए,Loading...
अंतिरक्षीय,Loading...
िगर,Loading...
िकस,Loading...
बािरश,Loading...
क्योंं,Loading...
िपताजीने,Loading...
इत्ने,so much
िकए,Loading...
दोने,Loading...
धमकाएगा,Loading...
देशमें,Loading...
प्रतिद्वंदी,rival
प्रिशक्षण,Loading...
बीम,Loading...
दसवें,Loading...
बढ़त,Loading...
प्रफुल्लित,Loading...
निस,Loading...
फ्लाई,Loading...
कूल्हों,Loading...
आहरित,Loading...
अजगर,Loading...
atten-झोपड़ी,Loading...
दुर्बलता,weakness
डोनट,Loading...
दंभी,Loading...
उठाएँ,Loading...
डॉकिंग,Loading...
मेहमाननवाज,Loading...
अधिसूचित,Loading...
मिक,Loading...
अपराजित,Loading...
बॉल,Loading...
िनदेशक,Loading...
अंतरिक्षसेना,Loading...
स्पीक,Loading...
जुड़ें,Loading...
सीजर,Loading...
विश्वस्त,Loading...
दबंग,Loading...
लिंगों,Loading...
आक्रमणकारियों,Loading...
गद्देदार,padded
होमवर्क,Loading...
कठौता,Loading...
उत्तरों,Loading...
अनफ़िल्टर्ड,Loading...
नेविगेशन,Loading...
सेरेब्रल,Loading...
खेलता,Loading...
होजाए,Loading...
िजतनी,Loading...
बारेमे,Loading...
िनकाल,Loading...
गेम्स,Loading...
ड्रेग्नोव,Loading...
शमन,Loading...
जबह,Loading...
विदाकालीन,Loading...
ब्रैग,Loading...
हर्बर्ट,Loading...
ब्यूटीशियन,Loading...
लोवेल,Loading...
डूश,Loading...
चलाईं,Loading...
क्षणभंगुर,Loading...
फ्लोरेंस,Loading...
निकोलस,Loading...
पिकअप,Loading...
ग्रेगर,Loading...
वेनबर्ग,Loading...
पॉली,Loading...
सड़ो,Loading...
एवज,redeem
प्रोबेट,Loading...
पूर्वस्कूली,Loading...
ठोकरें,stumble
प्रात,morning
समीरिक,Loading...
कैफीन,Loading...
डाइम्स,Loading...
मौज,Loading...
अलब्राइट,Loading...
पेरोल,Loading...
बजनेवाला,Loading...
एन्जिल,Loading...
चुटकी,Loading...
मोटल,Loading...
लंबित,Loading...
एल.ए.,Loading...
रसहीन,Loading...
बमों,Loading...
प्लावित,Loading...
वाणिज्य,Loading...
प्रक्रियाओं,Loading...
क्षुद्रग्रहों,Loading...
शुक्िरया,Thanks
ऑय,Loading...
शाितर,Loading...
दीनता,Loading...
प्रितद्वंदी,Loading...
उत्तेिजत,Loading...
प्रक्षेप,Loading...
रणनीित,Loading...
बुिद्धमान,Loading...
िजसका,Loading...
अस्वीकृित,Loading...
संभालता,Loading...
आंड्रूू,Loading...
आंड्रू,Loading...
घिटया,Loading...
भलेही,Loading...
जकड़,Loading...
पिरवेश,Loading...
सामिरक,Loading...
रसीदों,Loading...
शुरूआती,Loading...
खंगालना,Loading...
कलाकृति,Loading...
स्मोक,Loading...
टर्बन्ड,Loading...
परर्गही,Loading...
सेनाने,Loading...
१,Loading...
करोड़,Loading...
बिलदान,Loading...
आनेकी,Loading...
अंतरिक्षसेनाने,Loading...
धरतीके,Loading...
खेलॉ,Loading...
खािमयां,flaws
िजनका,Loading...
नमकीन,Loading...
थियेटर,Loading...
बॉक्सिंग,Loading...
उपरिकेंद्र,Loading...
भड़के,Loading...
मुठभेड़,Loading...
आरपीजी,Loading...
स्निपर,Loading...
कलर,Loading...
निर्वाह,Loading...
सोपानक,Loading...
रिस्पांस,Loading...
ज़ुलु,Loading...
तरकीबें,Loading...
लाइट्स,Loading...
ग़ैरफ़ौजीकरण,Loading...
स्टायरोफोम,Loading...
प्रीमियर,Loading...
विभक्त,Loading...
घुन्ना,Loading...
ट्रमबुल,Loading...
सीआईबी-1,Loading...
रैपिड,Loading...
पीपीडी,Loading...
हार्डवेयर,Loading...
कैनसस,Loading...
लोम्बार्डी,Loading...
निर्भरता,Loading...
खूनखराबे,Loading...
टिल,Loading...
दाई,Loading...
एंड्रयूज,Loading...
खोदना,to dig
जागरूकता,Loading...
मुंडा,Loading...
दबाए,Loading...
बाजारों,Loading...
कटका,Loading...
परिखा,Loading...
डोमिनोज,Loading...
नट्स,Loading...
यूरेनियम,Loading...
संवर्धन,Loading...
टोह,Loading...
एलर्जी,Allergies
टेस्टोस्टेरोन,Testosterone
लाम,Loading...
बरसती,Loading...
वालरस,Loading...
पुतले,Loading...
दंगल,Loading...
ताररहित,Loading...
समलैंगिकों,Loading...
आशाओं,Loading...
रियासत,Loading...
लुसियस,Loading...
कॉमेडी,Loading...
उतरी,Loading...
केन्सास,Kansas
मसाला,Loading...
जॉक,Jock
स्केटबोर्डिंग,Loading...
मर्व,Loading...
पी.एस.,Loading...
माइकल,Loading...
चो,Loading...
पश्चिमोत्तर,Loading...
गनर,Loading...
ब्लैकहॉक्स,Loading...
टेल,Loading...
रोटर,Loading...
ट्रैश,Loading...
ट्रम्बल,Trumble
उपक्रम,Loading...
निकलवाने,Loading...
सज़ाएँ,Loading...
जुटाए,Loading...
ब्लैकहौक,Loading...
नार्थ,Loading...
बख्तरबंद,Loading...
पाजी,Loading...
आईएनजी,Loading...
जोर-ells,Loading...
चिपकी,Loading...
यूरिया,Loading...
दंडनीय,Loading...
प्राधिकार,Loading...
प्रतीयमान,Loading...
किलों,Loading...
प्रज्वलन,Loading...
अबॉर्ट,Loading...
धातुशोधन,Loading...
कक्षों,Loading...
परिवर्तनों,Loading...
विद्रोही,Loading...
क्रिसी,Loading...
माशूक़,Loading...
आर्कटिक,Arctic
कार्गो,Loading...
डिक्स,Loading...
सीसीआई,Loading...
विषम,Loading...
तदनुसार,Loading...
शील्ड्स,Loading...
स्ट्रीम,Loading...
माओरी,Loading...
सूई,Loading...
समग्र,Loading...
आण्विक,Loading...
टुकड़ी,Loading...
आणविक,Loading...
संचयन,Loading...
ऑफसेट,Loading...
समदाब,Loading...
रेखीय,Loading...
संरचनाओं,Loading...
चतुर्थ,Loading...
रिएक्शन,Loading...
अदिश,scalar
दक्षिणावर्त,Loading...
रोटेशन,Loading...
सुसज्जित,Loading...
पथिक,Loading...
क्लाउड,Loading...
दाग़ना,Loading...
ग्लेशियर,Loading...
हाइपर,Loading...
प्रोजेक्टर,Loading...
फटकार,Loading...
निस्तारण,Loading...
उबार,Loading...
रजिस्टरों,Loading...
प्रयोजन,Loading...
रेट्रो,Loading...
बरी,Loading...
स्लाइडर,Loading...
विकासवादी,Loading...
द्रव्यमान,Loading...
टेरा,Loading...
स्थलाकृति,Loading...
मैक्सी,Loading...
गुरूत्व,Loading...
वायुमंडलीय,Loading...
भटकते,Loading...
कोरम,Loading...
वैधता,validity
असैनिक,Loading...
स्कॉट्स,Loading...
जोर-एल,Loading...
असामयिक,Loading...
ईएल,Loading...
किंवदंतियों,Loading...
बीजलेख,Loading...
प्रकाशकों,Loading...
छंटनी,layoffs
क्षुद्रग्रह,Loading...
चंद्र,Loading...
समकालिक,Loading...
कारतूस,Loading...
आस्था,Loading...
पास्त्रामी,Loading...
पूर्वग्रहों,Loading...
रोगज़नक़,Loading...
समस्थानिक,Loading...
ढकोसला,Loading...
तौला,Loading...
चेज़र,Loading...
ठुकराऊं,Loading...
चांस,Loading...
वीबी,Loading...
बाकीं,Loading...
रुप,Loading...
चाहियेr,Loading...
हडप,Loading...
फ़फ़ूंदी,Loading...
शूक्रिया,Thank you
भडकती,raging
सडक,Loading...
पडा,Loading...
भुर्ता,Loading...
बोलेंगे,will speak
कमायी,Loading...
पूछनी,Loading...
बढोगीं,Loading...
डिटेल,Loading...
खायेंगे,Loading...
साइज,Loading...
पिटवाऊगी,Loading...
धमकाते,Loading...
छूऊगा,Loading...
मेनेज,Loading...
राक,Loading...
रेस्त्रोरेंट,Loading...
छोडकर,Loading...
रिस्पेक्ट,Loading...
स्टडी,Study
छोडूगा,Loading...
पोज,Loading...
दरकिनार,Loading...
बाढ,Loading...
ढूढोगे,Loading...
लायीं,Loading...
पेटू,Loading...
चिंगारियाँ,Loading...
मिलाये,Loading...
संजीवियाह,Loading...
स्टुपिड,Stupid
जधा,Loading...
तेलुगू,Loading...
ढूढो,Loading...
चिरंजीवी,Chiranjeevi
रंगबिरंगे,Loading...
पगडी,Loading...
जँच,Loading...
पडे,Loading...
दरबान,Loading...
चुन्नी,Loading...
डालूंगी,Loading...
बढो,Loading...
टांगे,Loading...
घमण्डी,Loading...
लगाऊगी,Loading...
बताऊगी,Loading...
राकी,Loading...
चलानी,Loading...
बीता,Loading...
रोबिनहुड,Loading...
तडफ़,Loading...
तडफ़ता,Loading...
गेस्टहाउस,Loading...
राजस्थान,Loading...
पैसो,Loading...
वेरी,Loading...
एक्जाम,Loading...
जबाव,Loading...
कामाग्नि,Loading...
लडेंगे,will fight
ढूंढू,Loading...
मिलवायेगी,Loading...
जायेगें,Loading...
पड,Loading...
सलीम,Loading...
कडक,Loading...
मिटे,Loading...
डण्डों,Loading...
दूगी,Loading...
ढूढों,Loading...
लडके,Loading...
ब्लाक्का,Loading...
पाऊगा,Loading...
बंडल,Loading...
पहचत्तर,Loading...
तिरासी,Loading...
पंचानवे,Loading...
अरावली,Loading...
छोड़नी,Loading...
पर्वतमाला,Loading...
छिपाया,Loading...
अस्त,Loading...
बिसाखापत्तनम्,Loading...
जम्पिंग,jumping
प्रतियोगियों,Loading...
कूदेगा,Loading...
लडकियाँ,Loading...
बेडियों,Loading...
नैपकिन-छल्ला,Loading...
हाव-भाव,Loading...
मोम,Loading...
सीलकर,Loading...
आत्मसंतुष्ट,complacent
खूंटा,Loading...
कटे,Loading...
लासे,Loading...
बनूंगा,I will become
कोसने,Loading...
सीखाया,Loading...
चीखने,Loading...
दौड़े,Loading...
फ्राइंग,Loading...
छटपटाना,Loading...
सिनकी,Loading...
घूसे,punches
बाईबल,Loading...
गरीबों,Loading...
पसेद,Pased
पटाऊगा,Loading...
व्यायफ़्रेंड,Loading...
पकाओ,Loading...
चिडिया,Loading...
दायी,Loading...
गलतफ़हमी,Loading...
गजे,Gaje
पडेगी,Loading...
शर्माते,Loading...
थैंक्यू,Loading...
हैन्डसम,Loading...
एक्सक्यूज,Loading...
कमिट,Loading...
बैठूगा,Loading...
गाऊगा,Loading...
हालाकि,Loading...
सदेह,Loading...
भ्गवान,Loading...
कन्हैया,Loading...
रखैले,Loading...
मुम्बई,Mumbai
छुट्टे,Loading...
कमाओगे,Loading...
सेटल,Loading...
जूतो,Loading...
वेल्ड,Loading...
किसलिये,Loading...
स्टाइल,Loading...
सीटियों,Loading...
फ़सा,Loading...
डियर,Loading...
वेलडन,Loading...
पायेगे,Loading...
वरी,Loading...
ट्रैफ़िक,Loading...
बैंकाक,Loading...
जम्प,Loading...
बाइकर,Biker
बिगाड,Loading...
ढूढ,Loading...
बोलू,Loading...
धोते,Loading...
दिखें,Loading...
प्रवेशपत्र,Loading...
केमिस्ट्री,Loading...
नमस्य,Loading...
शिवाय,Loading...
प्रियतमा,Loading...
जीतूंगा,Loading...
आँखो,Loading...
कूंदूंगा,I will jump
फ़ेकेगा,Loading...
ऊँ,Loading...
फ़ेंकने,Loading...
पकडो,Loading...
सम्हालता,takes care of
बाईक,Loading...
दोहराऊगा,Loading...
पिछ्ला,Loading...
सुनानी,Loading...
कूंद,Loading...
कूंदो,Loading...
बडे,Loading...
तपन,Loading...
जलाओ,Loading...
मिलाऊ,Loading...
एशु,Loading...
थामस,Loading...
दौड,Loading...
पकडा,Loading...
बडी,Loading...
उडाओ,Loading...
पास्ट,Loading...
डाक्टर,Loading...
श्रीकाकुअलम,Loading...
पप्पी,Loading...
दुपट्टे,Loading...
खीचना,Loading...
शान्त,Loading...
जलाओगी,Loading...
कर्पूर,Loading...
लाईन,Loading...
छाता,Loading...
स्टुअर्ट,Loading...
स्पष्टीकरण,Loading...
रैक,Loading...
स्पष्टवादी,Loading...
टक,Loading...
औषधि,Loading...
परन्तु,Loading...
सोची,Loading...
स्तनपान,Feeding The Beast
केकड़ों,Loading...
वाइनरी,Loading...
डांडा,Loading...
स्पा,Loading...
गार्नर,Loading...
बाड़े,Loading...
ट्रॉफी,Loading...
ट्रिप,Loading...
तीव्रता,Loading...
मैग्नम,Loading...
कीपिंग,Loading...
छेनी,Loading...
कोकीन,Loading...
इस्पात-जाल,Loading...
हरपीज,Loading...
वेधशाला,Loading...
फीनिक्स,Loading...
पृष्ठन,Loading...
कार्निवाल,Loading...
पद्धति,methodology
सिकोड़ी,Loading...
बीपर,Loading...
लीज़ा,Loading...
बयानों,statements
जांचता,checks
आहुति,Loading...
झोला,Loading...
एफिल,Eiffel
सिन,Loading...
रनिंग,Loading...
लहुलुहान,Loading...
ह्रदुय,Loading...
निन्यानवें,Loading...
तेरानवें,ninety-three
लाखो,Loading...
गुरुदेव,Gurudev
झण्डा,Loading...
फ़हर,Loading...
उस्मान,Usman
सैनिको,Loading...
ह्रद्य,Loading...
ढायेगा,Loading...
भेदेगी,Loading...
किन्तु,Loading...
शेरखान,Loading...
लिखेगा,Loading...
पधार,Loading...
जाऊगी,Loading...
वाण,Loading...
भेदन,Loading...
धारायें,Loading...
मुनिवर,Loading...
गिरेगा,Loading...
चमकीला,Loading...
तशरीफ़,Loading...
आंखो,Loading...
सुन्दरता,Loading...
डिस्टर्बेंस,Loading...
प्लानिंग,Loading...
गन्दे,Loading...
पकड,Loading...
करवाऊगा,Loading...
जोडी,Loading...
झक,Loading...
परिंदे,Loading...
उठिये,Loading...
चक्रवति,Loading...
पुत्री,Loading...
शत्रुको,Loading...
बहादुरों,Loading...
स्थितियाँ,Loading...
परम्पराओ,Loading...
पिछ्ली,Loading...
रुकिये,Loading...
निषेध,Loading...
गुरूदेव,Loading...
नगाडें,Loading...
फ़ाटक,Loading...
बिठाओ,Loading...
बख्शेगा,Loading...
तुझमे,Loading...
लौटेगा,Loading...
रंगो,Loading...
निगाहे,Loading...
मरोगे,Loading...
फ़ौजे,Loading...
तैतीस,Loading...
उन्तीस,Loading...
बाये,Loading...
पचपन,Loading...
पचासी,Loading...
अधमरा,Loading...
बंदोवस्त,Loading...
अत,Loading...
गुरूवर,Loading...
जूठन,Loading...
खाऊगा,Loading...
खाऊगी,Loading...
बेवकूफ़ी,Loading...
फ़ांसी,Loading...
आऊगा,Loading...
थूकेंगी,Loading...
झुकाये,Loading...
जीतते,winning
खींचों,Loading...
ध्वनियाँ,Loading...
पति-शोक,Loading...
म्रृत्यु,Loading...
राजगुरू,Loading...
अनुनय,Loading...
नीयत,Loading...
तैयारियां,Loading...
हरम,Loading...
प्रताड़ित,Loading...
किरायेदार,Loading...
जनने,Loading...
शब्दाडंबर,Loading...
के.के.-मिक्स,Loading...
रगड़ना,Loading...
अंधविश्वासी,Loading...
पछाड़ने,Loading...
स्कोरिंग,Loading...
ज़रुरी,Loading...
डांटा,scolded
स्वार्थ,Loading...
इंजीनियरों,Loading...
भोसले,Loading...
अलका,Alka
याज्ञनिक,Loading...
उदित,Loading...
हरिहरन,Loading...
सोनू,Loading...
बढ़ाएं,Loading...
अलीशा,Loading...
छुट्टियाँ,Loading...
वहॉ,Loading...
औचित्य,Loading...
अमेरिका-अमेरिका,Loading...
डोरि,Loading...
छल,Loading...
अनिल,Loading...
खन्ना,Loading...
खुशियाँ,Loading...
उग्रता,Loading...
दुखों,Loading...
विनिर्देश,Loading...
सतना,Loading...
फूड,Loading...
हिचक,Loading...
प्रेम-पागल,Loading...
जताया,Loading...
शुभकामना,Loading...
कार्टर,Loading...
चेन्नई,Loading...
भोंसले,Loading...
कृष्णमूर्ति,Loading...
चादरों,Loading...
लिनन,linen
वल्मलेइना,Loading...
फाइड,Loading...
इनचार्ज,Loading...
वल्मेलेइना,Loading...
स्टोररूम,Loading...
सड़ता,rotting
ओवर-टाइम,Loading...
जिम्मेवारी,Loading...
सटाओ,Loading...
जुरमाना,Loading...
घुसो,Loading...
दौड़ना,Loading...
क्वाड्रन,Loading...
खोजोगे,Loading...
पेग्लिया,Loading...
लगाओगे,Loading...
खर्चीला,Loading...
धाराप्रवाह,Loading...
सुसंस्कृत,cultured
ऑन-द-चेहरा,Loading...
रहित,Loading...
अभीत,Loading...
बांधता,Loading...
स्लेश,Loading...
कदर,Loading...
बोर्डरूम,Loading...
उद्धृत,Loading...
मोहर,Loading...
फ्लोर,Loading...
प्राइस,Loading...
कदापि,Loading...
रसोइयों,Loading...
अनुकरणीय,Loading...
टेक्नोलॉजी,Loading...
लिमिटेड,Loading...
शेक्सपियर,Loading...
मेनफ्रेम,Loading...
मारुति,Loading...
रुचियों,Loading...
टोकन,Loading...
मेहनती,Loading...
घर-पकाया,Loading...
व्यंजनों,Loading...
झुनझुनी,Loading...
पोंछते,Loading...
कैजुअल्स,Loading...
प्रणाम,Loading...
जंच,Loading...
नाचे,Loading...
रंगीन,colorful
हराम,Loading...
पाइंस,Loading...
जाप,Loading...
बालकनियों,Loading...
चौतरफा,Loading...
चौंक,Loading...
दण्डवत,Loading...
कक्षाओं,Loading...
शानू,Loading...
बांटा,Loading...
निंग,Loading...
अगुआ,Loading...
ताए-bong,Loading...
यी,Loading...
मातहत,Loading...
वू-जिंग,Wu-Xing
योन,Loading...
वंशज,Descendants
प्रभू,Loading...
अनुत्तीर्ण,Loading...
पोस्टेड,Loading...
ग्रीटिंग,Loading...
चेकबुक,Loading...
प्रतिदेय,Loading...
प्राचार्य,Loading...
विक्की,Loading...
ग्यारहवें,Loading...
सब्सिडी,Loading...
प्रेतवाधित,Loading...
बरोथेर,Loading...
चलाएं,Loading...
करुॅगा,Loading...
रिसर,Loading...
बेसन-गेंदों,gram flour balls
ननद,sister-in-law
भोजनालय,Loading...
अभद्रता,Loading...
भाई-भाभी-सह-चालक,Loading...
भारतीय-दुल्हन,Loading...
प्यार-कष्ट,Loading...
वीजे,Loading...
केपर्स,Loading...
माताजी,Loading...
अर्चिन,Urchin
खिल्ली,Loading...
उड़ाई,Loading...
समायोजन,Loading...
बुन,Loading...
शादियां,marriages
ड्रिंक्स,Loading...
मुस्कराए,Loading...
मुस्कुराया,Loading...
खूबसूररत,Loading...
अपनेपन,Loading...
ऊधम-हलचल,Loading...
साइक्लिंग,Cycling
मुरादाबाद,Loading...
ऑटोमोटिव,Loading...
टॉपिंग,Loading...
बूंदा,Drizzle
बांदी,Loading...
शामियाना,Loading...
टोयोटा,Loading...
खुबस,Loading...
तूल,Loading...
मिटती,Loading...
पेप्सी,Loading...
बांगला,Loading...
शलजम,Loading...
बेइज्जती,Loading...
समाज-उन्मुख,Loading...
पुकारो,Loading...
गायें,Loading...
अपसिआ,Loading...
रकाब,Loading...
घोड़ो,Loading...
उछलो,Loading...
कोड़,Loading...
डेनिश,Loading...
चखना,Loading...
पढ़ेगा,Loading...
लगांये,Loading...
मोज़े,Loading...
सूत,Loading...
चरने,Loading...
बियाना,Loading...
लेटकर,Loading...
डालुंगा,Loading...
स्टाल,Loading...
थन,udder
वास्ते,Loading...
झगडे,Loading...
खचर्,Loading...
बख्तियार,Loading...
फक्र,Loading...
अमानत,trust
मशविरा,Loading...
निकाह,Loading...
कहीं-कहीं,Loading...
आइन्दा,Loading...
चूका,Loading...
जुम्मे,Loading...
महबूबेह,Loading...
रखियेगा,Loading...
नामंजूर,Loading...
कुलसुम,Loading...
खडा,Loading...
इक्कठे,Loading...
बोलोगे,Loading...
उंडेल,Loading...
ठूंसे,Loading...
रेंगेगा,Loading...
पीओगे,Loading...
पिघली,Loading...
कण्ठमाला,Loading...
गाड़,burial
बदशगुन,Loading...
शिपडौग,Loading...
खांये,Loading...
समुंदरी,Loading...
दयावान,Loading...
जगने,Loading...
भविष्यद्वक्ता,Loading...
सीती,Loading...
मुस्कुराती,smiling
फिक्शन,Loading...
घमंड़ी,Loading...
लेट-लतीफ,Loading...
मिलेगे,Loading...
हूोऊंगा,Loading...
फिराक,Loading...
खोकर,Loading...
पिघलनी,Loading...
मजबूती,Loading...
रफ़ू,Loading...
वाइ,Loading...
बाइ,Loading...
बिस्मार्क,Loading...
गुस्ताख़,Loading...
तुमलोगों,Loading...
बेडा,Loading...
मुर्खों,Loading...
कामगार,Loading...
भगिनी,Loading...
ज़ंग,rust
दोहराए,Loading...
चैफ,Loading...
पटा,Loading...
रोजमर्रा,Loading...
जी-तोड़,Loading...
९०,Loading...
रहनुमा,Loading...
बखेड़ा,Loading...
बड़बोले,Loading...
मंगाते,Loading...
पिज़्ज़ेरिया,Loading...
जोड़ो,Loading...
बोने,Loading...
बोते,Loading...
विघ्न,obstacle
जोतो,Loading...
भोगना,Loading...
परिवाद,Loading...
बहनोई,Loading...
पैनिको,Loading...
समास,Loading...
इधर-इधर,Loading...
झमेला,mess
ऐडिली,Loading...
कैंपनेला,Loading...
सड़ोगे,Loading...
खोओगे,you will lose
कसर,Loading...
पियाजा,Loading...
विटोरियो,Loading...
ऊतारते,Loading...
पहुंचेगी,will arrive
ठेला,Loading...
मेनिकोनी,Loading...
कम्पनि,Loading...
जस्न,Loading...
मनाएँगे,Loading...
खोज-बीन,Loading...
लूटे,Loading...
ठेले,Loading...
झमा-झम,Loading...
महराव,Loading...
लाचार,Loading...
बुलांएगे,Loading...
मनाओ,Loading...
स्थिती,Loading...
अपाहिज,Loading...
पैदाइश,Loading...
खाके,Loading...
मैथ,Loading...
बिगडती,Loading...
दिलाएं,Loading...
राओफ़,Loading...
त्चाम्पारा,Loading...
रिबोइरे,Loading...
पंजा,Loading...
सुरगें,Loading...
लडाई,Loading...
बोझों,Loading...
खुशामदीद,Loading...
३,Loading...
४,Loading...
१००,Loading...
फतह,Loading...
बिछी,Loading...
लाइलाज,Loading...
मर्ज,Loading...
तुमाहरे,Loading...
इंतकाल,Loading...
पैकेटों,Loading...
हिफाज़त,Loading...
अख़बार,Loading...
पहाडों,Loading...
भटका,Loading...
तुम्हरी,Loading...
निगलना,Loading...
निगलो,Loading...
१५०,Loading...
सवारियां,Loading...
कापियों,Loading...
छोडनी,Loading...
दवायें,Loading...
लगवाना,Loading...
बिगड़ती,Loading...
रेजाई,Loading...
लौटते,Loading...
वोल्ट,Loading...
ट्रीट,Loading...
सीनियर,Loading...
मुस्कराहट,Loading...
इच्छाधारी,Loading...
ऐंठना,Loading...
श्रव्य,Loading...
लोट्टा,Loading...
ब्राइस,Loading...
अविभाज्य,Loading...
ओपरा,Loading...
यांग,Loading...
दियासलाई,Loading...
बनानेवाला,Loading...
आर्थोपेडिक,Loading...
डिक्सन,Loading...
ज़ुकेरबर्ग,Loading...
आविष्कारक,Loading...
दुर्गन्ध,Loading...
अनिच्छा,Loading...
अमीरों,Loading...
टेंशन,Loading...
लावारिस,Unclaimed
मटरगश्त,Loading...
छींक,Loading...
चतुराई,Loading...
मछलीघर,Loading...
समकक्ष,Loading...
गिरोहों,Loading...
क्लेम,Loading...
वीनस,Loading...
स्टीलर्स,Loading...
लॉजिक,Loading...
मुख्यधारा,Loading...
अनुसूचित,Loading...
मुहम्मद,Loading...
त्से,Loading...
ईसाइयों,Loading...
बौद्धों,Loading...
फजी,Loading...
अधिवक्ता,Loading...
जुडिथ,Loading...
आटिचोक,Loading...
जेफ,Loading...
अवरोधन,Loading...
लेस्ली,Loading...
गूलर,Loading...
काउंसलर,Loading...
यंग्सटाउन,Loading...
शौचालयों,Loading...
तंत्रिकाओं,Loading...
लहजे,Loading...
लेस्बियन,Loading...
ईंटों,Loading...
ईश्वरीय,divine
विवादित,Loading...
रिपब्लिकन्स,Loading...
डेमोक्रैट्स,Loading...
ओमाहा,Loading...
जॉर्जिया,Loading...
ऊंट,Loading...
थिसिस,Loading...
फेंकना,Loading...
चातुर्य,Loading...
सोम,Loading...
निभा,Loading...
उन्मुख,Loading...
उत्साहवर्धक,Loading...
पलटाव,Loading...
एचबीओ,Loading...
गुर्राना,Loading...
लैंप,Loading...
पेसिंग,Loading...
बालियों,Loading...
आइकन,Loading...
प्रशासनिक,Loading...
घोषणाओं,Loading...
हाइलाइटिंग,Loading...
जीतें,Loading...
खुशनसीब,Loading...
काटें,Loading...
फुसफुसाता,Loading...
सर्वेक्षणों,Loading...
पहर,Loading...
ठुकरा,Loading...
उई,Loading...
नेस्तनाबूद,Loading...
जीओ,Loading...
निर्मूल,Loading...
तुक्का,Loading...
मैलरी,Mallory
दाता,Loading...
एको,Loading...
सहायकों,Loading...
सहिष्णुता,tolerance
डोमिनिकन,Dominican
आचार,Loading...
आक्रामकता,Loading...
डोमिनिका,Loading...
ग्लाइडिंग,Loading...
मेशर्ज़,Loading...
बूता,Loading...
आरोंपों,Loading...
भिजवाऊँगा,Loading...
फूटता,Loading...
चुनी,Loading...
फ़्युसिफ़ॉर्म,Loading...
जाइरस,Loading...
प्रेमिकाओं,Loading...
गुज़रता,Loading...
मरेगा,Loading...
प्रिंट्स,Loading...
रेयरिटीज़,Loading...
सुरक्षाघरों,Loading...
तात्पर्य,Loading...
शांतिपूर्वक,Loading...
पाकर,Loading...
मैक्ल,Loading...
सीएनएस,CNS
परतें,Loading...
क्वॉर्टरमास्टर,Loading...
आव्रजन,Loading...
कराते,Loading...
सूर्योदय,Loading...
लॉगिन,Loading...
गोफन,Loading...
जुड़ी,Loading...
डिलिवरी,Loading...
कोरटेज,Loading...
वेंडिंग,Loading...
साइकेडेलिक,Loading...
शावक,Loading...
अर्ली,Loading...
धब्बेदार,spotted
ऑनसाइट,Loading...
लैडा,Loading...
टिक-टक,Loading...
खांसने,coughing
मिनिमल,Loading...
पुस्तिका,Loading...
हॉरर,Loading...
उस्तरा,Loading...
लिम्फोब्लासटिक,Loading...
सैंटियागो,Loading...
घुसे,Loading...
पर्यावास,Loading...
मारियाना,Loading...
शत,Loading...
असाइन,Loading...
व्हीलर,Loading...
6149c-557-ए,6149c-557-a
सिंक्रनाइज़,Loading...
हॉग,Loading...
सीलिंग,Loading...
अराजक,Loading...
बनाऊं,Loading...
कॉर्पोरेट,Loading...
मार्सेलो,Loading...
फिक्स,Fix
रीको,Loading...
आर्मामेंट,Loading...
भूतल,Loading...
अगवा,Loading...
मल्हम,Loading...
एब्राहम,Loading...
ठहरें,Loading...
राजतंत्रों,monarchies
हमबिस्तरी,companionship
क़लई,Loading...
आड़े,Loading...
सी.ई.ओ.,Loading...
घसीटकर,Loading...
देखरेख-,Loading...
ज़्यादा-,More-
निरंतरता,Loading...
बुलवाओ,Loading...
धीरज,Loading...
साइलेंसर,silencer
वॉइस,Loading...
मैसेज,Loading...
डब्ल्यू.एफ़.ओ.,Loading...
जितनों,Loading...
ग़ैरज़रूरी,Loading...
भेजूंगा,Loading...
लगाओगी,Loading...
फ़्रीमैन,Loading...
मिलो-जुलो,Loading...
लगोगी,You will look
इमारतें,Loading...
एग्ज़ीक्यूटिव,Loading...
इंडिपैंडेंस,Loading...
आतिशदान,fireplace
फ़ौलाद,Loading...
ऑइल,Loading...
विकिलीक्स,Loading...
कांफ़्रेंस,Loading...
क्षेत्रीय,Loading...
शिया,Loading...
सुन्नियों,Loading...
फ़्रेड,Loading...
मिसेज़,Loading...
अंग्रेज़ों,Loading...
बोलिंग,Loading...
बग़ीचे,Loading...
ए.ओ.पी.,Loading...
स्नाइपर,sniper
हॉल्सी,Loading...
रीड,Loading...
हथियारबंद,Loading...
सिक्स,Loading...
खोपड़ियां,Loading...
चढ़ेंगे,Loading...
बिगड़ते,Loading...
ट्रैफ़िक,Loading...
-सबको,-Everyone
शोटाइम,Loading...
कांपूंगा,Loading...
रोइए,cry
पिल्ली,Loading...
ढूंढ़ने,Loading...
बेशक़ीमत,Loading...
एहतियात,Loading...
डायबिटीज़,Loading...
एफ़.ए.ए.,Loading...
शाफ़्ट,Loading...
वेडिम,Loading...
सॉनिक,Loading...
सिस्टम्स,Loading...
डैड--,Loading...
क़रीब,Loading...
निक-,Loading...
एंड्रयूज़,Loading...
कैलरमैन,Loading...
सी.ओ.डी.,Loading...
मांगता,Loading...
टेकऑफ़,takeoff
बुलंदी,Loading...
इस्तीफ़ा,Loading...
पहुंचते,Loading...
मिलाएंगे,Loading...
निकासों,Loading...
संभालूंगा,Loading...
कराओगे,Loading...
खलेगी,Loading...
गिफ़्ट,Loading...
छेड़ा,Loading...
लगन,Loading...
ईरानी,Iranian
पार्टनरों,Loading...
मांगेंगे,Loading...
कंपनियां,Loading...
बस-,Bus-
खोलोगी,Loading...
फ़्रांसीसी,Loading...
-वास्तविक,Loading...
राफ़ेलसन,Loading...
मैंने-,Loading...
बख़्तरबंद,Loading...
सीटीएस,Loading...
रखवाना,keep
विल्क्स,Loading...
सिगमा,Loading...
खाइ,Loading...
खलती,Loading...
अहसान,Loading...
रोमांसभरे,Loading...
डैडquot,Loading...
वृत्तखंड,Loading...
हट-सावधान,Loading...
जगाना,Loading...
नुक्कड़,corner
गिलहरियां,Loading...
चिड़ियों,Loading...
चलूंगा,Loading...
गिलहरियों,Loading...
ख़ूनख़राबा,Loading...
ख़र्च,Loading...
नव-निर्वाचित,Loading...
दोहरानी,Loading...
जेनेवा,Loading...
हेयरस्टाइल,Loading...
-इसके,-Its
रोमांसभरा,Loading...
जॉन--,Loading...
सब्जेक्ट,Loading...
इलिनॉइ,Loading...
डिस्ट्रिक्ट,Loading...
मेलेनी,Loading...
म्यूरियाटिक,Loading...
तेज़ाब,Loading...
हल्का-फुल्का,Loading...
लीडरों,Loading...
सम्राज्ञी,Loading...
मार्सेल्स,Loading...
वग़ैरा,Loading...
बिल्कुल-,Loading...
धमकियां,Loading...
बफ़ेलो,Loading...
साउंड,Loading...
सराउंड,Loading...
नेब्रास्का,Nebraska
मुनरो,Loading...
गद्दी,Loading...
वर्गमील,Loading...
पी.आई.डी.,Loading...
निखारा,Loading...
योग्यताओं,Loading...
उतारू,Loading...
शॉप,Loading...
संतान,Loading...
अर्ज़ी,Loading...
कुनर,Loading...
हमवी,Humvee
देसी,Loading...
चिकनी-चुपड़ी,Loading...
भतीजा,Loading...
डिस्चार्ज,Loading...
दिलवा,Loading...
रायन,Loading...
जी.डब्ल्यू.,Loading...
अफ़सरों,Loading...
फ़ील्ड,Loading...
रिपोर्टें,Loading...
अनगढ़,Loading...
उभारने,Loading...
कोलंबिया,Loading...
बरत,Loading...
नीली-आँखों,Loading...
कष्टकर,Loading...
विघटन,Loading...
भौंकना,Loading...
जैपर,Loading...
विरत,abstain
संसाधित,Loading...
अमूर्त,Loading...
अभिव्यंजनावाद,Loading...
सिरी,Loading...
नव--क्यूबिस्ट,Loading...
पागल--अच्छे,Loading...
ठीक--ठीक,Loading...
पागल--बेवकूफ,crazy-stupid
कूदता,Loading...
सिकुड़ती,Loading...
बेवकूफ--अच्छे,Loading...
सिन्योर,Loading...
उदात्त,Loading...
आनंदमय,Loading...
कणों,Loading...
ओफ़्फ़,Loading...
ब्लॉकर्स,Loading...
फ्यूचर्स,Loading...
ब्रीच,Loading...
जिम्मेदाराना,Loading...
चिढ़ाना,Loading...
तिगुना,Loading...
झरोखों,Loading...
चींटी--आदमी,Loading...
डी--दबाव,Loading...
टोने,Loading...
कॉपरफील्ड,Loading...
लूभाव,Loading...
सूत्री,POINT
अनुरुप,Loading...
तली,Loading...
पी.डी.,Loading...
क्रेडेंशियल्स,Loading...
गटागट,Loading...
चौक,Loading...
सादर,Loading...
नेश्नल,Loading...
प्रोग्राक,Loading...
दिनाप्त,Loading...
ड्रोन्स,Loading...
विलप,Loading...
फिसलन,Loading...
सुहा,Loading...
फ़ॉर,For
ताँक-झाँक,Loading...
दैय्या,Loading...
नैनोतकनीक,Loading...
रक्तप्रवाह,Loading...
माइक्रोचिप्स,Loading...
कार्यक्षेत्र,Loading...
आएँगी,Loading...
रीडआउट्स,Loading...
नियोजित,Loading...
पुनर्निमाण,Loading...
तबदील,Loading...
हान्ज़,Loading...
पुनर्गठन,Loading...
एमआइ5,Loading...
उतावले,Loading...
प्रतिबन्ध,Loading...
अनियत,Loading...
खिचड़ी,Loading...
बुलाऊँगा,Loading...
बाबत,Loading...
फ़ोरेन्सिक,Loading...
स्काइफ़ॉल,Loading...
वैयक्तिक,Loading...
रुकूँगी,Loading...
लेटरबॉक्स,Loading...
चूकती,Loading...
सार्थक,Loading...
भेदिया,Loading...
बनूँ,Loading...
ट्रांसमिशन,Loading...
युक्ति,Loading...
फलालैन,Loading...
क़ाबू,Loading...
हैक्स,Loading...
तबादलों,Loading...
बेंटले,Loading...
गल्ला,Loading...
अतिथि,Loading...
दास्तां,Loading...
अकार्बनिक,Loading...
वेफल्स,Loading...
सिकुड़ते,Loading...
भू--राजनीतिक,Loading...
परिदृश्य,Loading...
अनुप्रयोगों,Loading...
अवरोधों,Loading...
उपयोगकर्ता,Loading...
-यह,Loading...
कौन--सी,Loading...
अतिथिगण,Loading...
अभिलेख,Loading...
डार्बी,Loading...
ब्लास्ट,Loading...
तम्हें,Loading...
दिलवाएंगे,Loading...
कस्बा,Loading...
प्रागैतिहासिक,Loading...
मईदिवस,Loading...
ढको,Loading...
शाखाएं,Loading...
जलना,Loading...
कटना,Loading...
उतरूंगा,Loading...
म्म,Loading...
पैगी,Loading...
भयंकरता,Loading...
दिखाएंगे,Loading...
हा--हा,Loading...
रहा--दूर,Loading...
इलेक्ट्रिकल,Loading...
मुलाक़ात,Loading...
जीवनांक,Loading...
निस्तब्धता,Loading...
रमणीय,Loading...
स्लैम,Loading...
टोल,Loading...
सहजीवी,Loading...
उभरेगा,Loading...
वां,Loading...
भली,Loading...
भांति,Loading...
मोचन,Loading...
व्यास,Diameter
प्याली,Loading...
सिकुड़ता,Loading...
इजाफा,Loading...
खनक,Loading...
उपभोजित,Loading...
अलगाववादियों,Loading...
कुस्क,Loading...
वैकल्पिक,Loading...
घ्राण,Loading...
चुम्बकीय,Loading...
अपराजेय,Loading...
सॉफ्टबॉल,Loading...
सुपर--कानूनी,Loading...
पेचकश,Loading...
कार्बनडेल,Loading...
हिमशैल,iceberg
डिकैप्रियो,Loading...
गहना,Jewel
ज्वेल्स,Loading...
ऊतक,Loading...
खरीदारों,Loading...
35--सी,Loading...
चीखें,Loading...
इनकमिंग,Loading...
नोड,Loading...
पांच--ब्लॉक,Loading...
उष्णकटिबंधीय,tropical
पाजामा,Loading...
ाय,Loading...
स्कींग,Loading...
पश्च-मेक्सिको,Loading...
गोलीसह,Loading...
सुहागरात,Loading...
बिताई,Loading...
बरतनी,Loading...
फटके,Loading...
खुशकिस्मत,Loading...
चलूँगी,Loading...
अफ़्रीकी,Loading...
टैंजिएर,Loading...
समझूँगा,I will understand
रियर,Loading...
साधोगी,Loading...
दबाओगी,Loading...
बेरेटा,Loading...
नौ-मिलीमीटर,Loading...
मल्ल-युद्ध,Loading...
व्यवधान,Loading...
एसआईजी,Loading...
साफ़-साफ़,Loading...
ओबर्रहाउसर,Loading...
माँगनी,Loading...
सॉर्बोन,Loading...
मेडिसिन,Loading...
सॉन्,Loading...
फ़्रॉन्टियेर,Loading...
फ़ॉर्म,Loading...
मिलाई,Loading...
हिलाई,Loading...
ओबर्हाउस,Loading...
एन्ज़ाइम,Loading...
टाइबर,Loading...
थकाकर,Loading...
दफ़न,Loading...
करियर,Loading...
पलड़ा,Loading...
पेव्स्नर,Loading...
एन्ज़ाइन,Loading...
पिएँगे,Loading...
मँगवाऊँ,Loading...
बावली,Loading...
वेतनभोगी,Loading...
मासूमों,Loading...
शागिर्दों,Loading...
मनोरोगियों,Loading...
इत्तिफाक,Loading...
बसी,Basi
पीड़ाओं,Loading...
रचयिता,Loading...
फूँकते,Loading...
कैसी-कैसी,Loading...
वीभत्सता,Loading...
आँते,Loading...
विराजती,Loading...
भेदकर,Loading...
पहुँचूँगा,Loading...
खेलेगी,Loading...
छलसाधन,Loading...
परिस्थितियाँ,Loading...
दृश्यरतिक,Loading...
मर्मस्पर्शी,Loading...
फ़ांसीसियों,Loading...
चुनेगा,Loading...
साए,Loading...
चौकन्ने,Loading...
रुकता,stops
पिऊँगा,Loading...
रोल्स,Loading...
रेथ,Loading...
ऑफ़्टर्नून,Loading...
हर्ष,Loading...
दीजिएगा,please give
कार्टनहॉफ़,Loading...
आधिपत्य,Loading...
विवर,Loading...
बढ़ाता,Loading...
वाकया,Loading...
उदाहरणार्थ,Loading...
जीएमटी,GMT
ऑक्सफ़र्ड,Loading...
ज़रूरतों,Loading...
एज़ेटों,Loading...
प्रतिलिपियाँ,copies
पलात्ज़ो,Loading...
कार्देन्ज़ा,Loading...
आसक्त,Loading...
फ़ीलिक्स,Loading...
निकलवाएगा,Loading...
दवासाज़ी,pharmacy
अपारित,Loading...
शर्तिया,Loading...
वितरण-केंद्रो,Loading...
दर्शाते,Loading...
उप-सहारा,Loading...
मलोरिया-रोधी,Loading...
वैक्सीन,Loading...
एच.आई.वी.,HIV
कैंसर-रोधी,Loading...
दवाखानों,Loading...
आँकड़े,statistics
बहुद,Loading...
सहज-ज्ञान,Loading...
तिनका,Loading...
खटारा,Loading...
स्टियरिंग,Loading...
जवाबदार,Loading...
बिल्लयों,Loading...
एतबार,Loading...
उपरान्त,Loading...
चाहनेवाले,Loading...
डीबी10,Loading...
गुज़रने,Loading...
विधवाओं,Loading...
जीवनकाल,Lifetime
सुहावना,Loading...
गुप्तघातक,Loading...
जीवनदान,Loading...
फ़रमान,Loading...
ज़ारी,Loading...
इज़्ज़त,Loading...
मुहिम,Loading...
ठाठदार,chic
इस्तीफ़े,Loading...
सर्वेलेंस,surveillance
दर्शाती,Loading...
पारस्परिक,Loading...
ढूँढ़ूँगा,Loading...
एच.एम.जी.,Loading...
हितकारियों,Loading...
गैरसरकारी,Loading...
साया,Shadow
सेलफ़ोन,Loading...
ऑर्वेल,Orwell
अक्ल,Loading...
रणक्षेत्र,Loading...
यहाँ-वहाँ,Loading...
भागता,Loading...
नौबत,Naubat
ड्रोन्ज़,Loading...
माइक्रोफ़ोन,Loading...
अफ़्रीकियों,Loading...
चर्चे,Loading...
जाने-पहचाने,Loading...
चेल्सी,Loading...
सानी,Loading...
प्रभावहीन,Loading...
निभाना,Loading...
कमज़ोरी,Loading...
एकाएक,Loading...
भारित,Loading...
संयोजित,Loading...
जीकर,Loading...
बक,Loading...
कमिटी,Loading...
दुनियाभर,Loading...
आवक,Loading...
धूम-धड़ाके,Loading...
विश्वव्यापी,Loading...
अचयनित,Loading...
सर्वसम्मत,Loading...
लिहाज़ा,Loading...
प्रवासी,Loading...
पोर्च,Loading...
मिंग,Ming
एलिज़ाबेथ,Loading...
स्नाइपर-स्पॉटर,Loading...
यरीहो,Loading...
लेफ्टी,Loading...
जह,Loading...
पल्ला,Loading...
पाक,Loading...
चार्जर,Loading...
लानत-टी,Loading...
अफसर,Loading...
रातोंरात,Loading...
मेहतर,Loading...
बाउल,Loading...
टटोलना,Loading...
बिंदास,Loading...
ऑफलाईन,Loading...
बमुश्किल,Loading...
सुनामी,Loading...
डिक्रिप्ट,Loading...
कोटिंग,Loading...
राजमार्गों,Loading...
संरेखित,Loading...
फोरेंसिक्स,Loading...
तन्यता,Loading...
केमेरो,Loading...
जनेरियो,Loading...
ऑर्टिज़,Loading...
हास्य,Loading...
नालियों,Loading...
डीईए,Loading...
हाइट्स,Loading...
टोरिनो,Loading...
खिलाड़ियों,Loading...
प्रेसिजन,Loading...
बैटरसी,Battersea
पट्टों,Loading...
सबवे,Loading...
बॉयल,Loading...
स्तम्भ,Loading...
निर्जलित,Loading...
भटकाव,Loading...
लेमैत्रे,Loading...
डि,Loading...
चित्रकार,Loading...
बैड,Loading...
बोलीदाता,Loading...
अश्रव्य,Loading...
जॉली,Loading...
नीलामकर्ता,Loading...
स्मृतिलोप,Loading...
केनवरल,Loading...
चाबियों,Loading...
पैनक्रास,Loading...
कालीनों,Loading...
पलकों,Loading...
ढील,Loading...
फ्राँ,Loading...
सर्जन,Loading...
बिड,Loading...
स्लॉट,Loading...
आईई,Loading...
परिरक्षित,Loading...
साइक्स,Loading...
प्लूटोनियम,Loading...
लाइटनिंग,Loading...
टेक-52,Tech-52
मैल्कम,Loading...
बिखरा,scattered
स्वात,Loading...
नैव,Loading...
इग्निशन,Loading...
ओल्सन,Loading...
टेलीमेटरी,Loading...
कक्षीय,Loading...
उद्धत,Loading...
अनबाउंड,Loading...
शेरों,Loading...
गिन्नी,Loading...
वाटरलू,Loading...
समितियों,Loading...
आंकी,Loading...
स्तवन,Loading...
प्रतीकात्मक,Loading...
अग्निकाण्ड,Loading...
कोबराज,Cobras
फुसलाना,Loading...
छोड़ेगा,Loading...
कोलेस्ट्रॉल,Loading...
चेकप्वाइंट,Loading...
कट्टर,Loading...
निष्प्रभावी,Loading...
टंगस्टन,Loading...
रॉड,Loading...
सैटेलाइट,Loading...
ग्रन्ट,Loading...
इजराइल,Israel
हैच,Loading...
पीठासीन,Loading...
स्वदेश,Loading...
घोर,Loading...
डीओडी,Loading...
पैटन,Loading...
जताते,Loading...
अपतटीय,Loading...
उलझे,Loading...
संवादी,Loading...
वाक्यांशों,Loading...
टकसालों,Loading...
कॉनरोड,Loading...
इयरफ़ोन,Loading...
अग्रगामी,Loading...
शामक,Loading...
लटकन,Loading...
सूचियों,lists
आफ,Loading...
किनारा,Loading...
एंडगेम,Loading...
अन्धे,Loading...
मंत्रिमंडल,Loading...
बर्नेट,Loading...
अतार्किक,Loading...
हिक्स,Loading...
ट्यूनिस,Loading...
अनुक्रमिक,Loading...
संचरण,Loading...
मैंस,Loading...
जलगति,hydraulics
घटकों,Loading...
ट्यूनर,Loading...
अधिरोहित,Loading...
कमजोरियों,Loading...
भड़कीला,Loading...
स्पिट्जर,Loading...
हैंडगन,Loading...
मोहरे,Loading...
लुभाती,Loading...
गिजेला,Loading...
वर्ड,Loading...
हाथीदांत,ivory
मोबी,Loading...
क्लाऊस,Loading...
ईए,Loading...
बहासा,Loading...
आरएसओ,RSO
किराने,Loading...
ड्राइवरों,Loading...
महाद्वीपों,Loading...
मकाउ,Loading...
पेंटहाउस,Loading...
नौका,Loading...
ओवरलैपिंग,Loading...
वाउचर,Loading...
केसिनो,Loading...
एसएएस,Loading...
बसरा,Loading...
पंचिंग,Loading...
सरलतम,Loading...
ओक्स,Loading...
हॉकी,Loading...
आकस्मिकता,Loading...
काहिरा,Loading...
बाउंस,Loading...
खोजक,Loading...
जुआरी,Loading...
प्रीमियम,Premium
निर्दिष्ट,Loading...
निवल,Loading...
विवेकपूर्ण,Loading...
कलेक्टिव,Loading...
कराएंगे,Loading...
अटॉर्नी,Loading...
समायोज्य,Loading...
मायरा,Loading...
संदेशों,Loading...
अभियोग,Loading...
देनदार,Loading...
करदाता,Loading...
बुरादा,Loading...
दंपति,Loading...
गार्निश,Loading...
महंगाई,Loading...
धारणाधिकार,Loading...
म्यूचुअल,Loading...
मुकदमों,Loading...
धनिकवत्,Loading...
रुबिन,Loading...
क्लिंटन,Loading...
एनएफ,Loading...
इक्विटी,Loading...
ग्रीनस्पैन,Loading...
हेज,Loading...
एडीए,ADA
अविनियमित,Loading...
कोषागार,treasury
डोड,Loading...
पोर्टफोलियो,Loading...
बँट,Loading...
स्नोबॉल,Loading...
ऐनक,Loading...
संपत्तियों,Loading...
पॉलसन,Loading...
ओवरटाइम,Loading...
अवाक,Loading...
गाड़ियों,Loading...
अस्तित्वहीन,Loading...
बेचें,Loading...
भार्गव,Loading...
प्रदेशों,Loading...
आयोगों,Loading...
टिकिया,Loading...
सुविधानुसार,Loading...
गढ़े,fabricated
पासाडेना,Loading...
बलपूर्वक,Loading...
फ़्लिप,Loading...
ढकेलने,Loading...
हेम,Loading...
चायदान,Loading...
धडक,Loading...
काउंटियों,Loading...
डेवलपर,Loading...
डींग,Loading...
सायबान,Loading...
गैंगस्टर,Loading...
अपनाई,Loading...
सर्पिल,Loading...
डाउनग्रेड,Loading...
चेस,Loading...
फौजदारी,Loading...
भगाओ,Loading...
कीथ,Loading...
छर्रे,Loading...
झींगा,Loading...
रात्रिभोज,Loading...
पकड़ता,Loading...
रूबेन,Loading...
एसटीडी,Loading...
बारबाडोस,Loading...
आईलैंड,Loading...
आईएनएस,Loading...
दलाली,Loading...
सिमॉन,Simon
बीफ,Loading...
रिकर,Loading...
बस्ट,Loading...
खिले,Loading...
लोभ,Loading...
रेजर,Loading...
टीका,Loading...
मार्बल,Loading...
रोमियो,Loading...
परिचर,Loading...
स्र्ग्ण,Loading...
घनिष्ठता,Loading...
नेकेड,Loading...
माजा,Loading...
सुकून,Loading...
परिहास,Loading...
लीवर,lever
पेरे,Loading...
लटके,Loading...
सिस्टिन,Loading...
प्रथा,Loading...
पूर्णकालिक,Loading...
धागे,Loading...
उतरेगा,Loading...
बेर,Loading...
निद्रावस्था,Loading...
वर्णित,Loading...
टोड,Loading...
निभाता,Loading...
सूरजमुखी,Loading...
टाइल,Loading...
बछड़ों,Loading...
आराधना,Loading...
गाग,Loading...
मोदिग्लिआनी,Loading...
मानेट,Loading...
देगास,Loading...
त्यागने,Loading...
टपकाने,Loading...
वोल्टेज,Loading...
दवे,Loading...
बूझकर,Loading...
मैथ्यू,Loading...
जुट,Loading...
प्रतिभूतियों,Loading...
विनियमन,Loading...
निवेशक,Loading...
फर्मों,Loading...
मेरील,Meryl
ब्यौरा,Loading...
ज्ञापन,Loading...
कंडक्टर,Loading...
अनलोड,Loading...
साधने,Loading...
शर्करा,Loading...
गर्भावस्था,Loading...
पुनर्निर्धारित,Loading...
मीट्रिक,Loading...
चालान,Loading...
संरचित,Loading...
पुनरावृत्ति,Loading...
चबाने,Loading...
सिल्वराडो,Loading...
एचएएल,Loading...
महासंघ,Loading...
माणिक,Ruby
हवालात,Loading...
प्लायमाउथ,Loading...
स्प्रिंग्स,Loading...
पागलखाना,Loading...
समीप,Loading...
शूरवीरों,Loading...
टमप्लर,Loading...
अर्ध,Loading...
भिखारियों,Loading...
जन्मजात,Loading...
पेंसिल्वेनिया,Loading...
बादनुमा,Loading...
निंदासा,Loading...
स्नूपिंग,Loading...
रेडियेटर,Loading...
काल्डवेल,Loading...
16वीं,Loading...
प्रत्याशा,Loading...
आईपी,Loading...
फ़र्क़,Loading...
फ़ाल्कन,Falcon
उथल-पुथल,Loading...
जाम-,Loading...
फ़ोर्सेज़,Loading...
हॉक्स,Loading...
संभाले,Loading...
जैफ़रसन,Loading...
पहुंचनी,Loading...
लॉक्ड,locked
गुत्थमगुत्था,Loading...
सबपे,Sabpay
सीक्वेंस,Loading...
ओहायो,Loading...
ज़मीनी,Loading...
मुझे-,Loading...
मैगज़ीन,Magazine
गुज़रना,Loading...
पुनर्निर्वाचन,Loading...
लेफ़्टिनेंट,Loading...
निबटाएं,Loading...
गॉल्फ़,Loading...
आख़िरकार,Loading...
ख़मियाज़ा,Loading...
समझोगी,Loading...
हर्जाना,Loading...
जेराल्ड,Loading...
कैमरोन,Loading...
फ़ोर्ड,Loading...
कॉलफ़ील्ड,Loading...
-वर्ना,Loading...
दिमाग़,Loading...
फ़ख़्र,Loading...
दौड़ते,Loading...
मां-बाप,Loading...
लाएं,Loading...
ट्रंक्स,Loading...
बेबीसिटर,Loading...
प्रायद्वीप,Loading...
भेजिए,Loading...
डैफ़कॉन,Dafcon
डैक,Loading...
अलबुकर्की,Loading...
अब्बास,Loading...
कमीनी,Loading...
भेजेगी,will send
राष्ट्रपतियों,Loading...
उठिए,Loading...
गिराऊंगा,Loading...
राफ़ेल्सन,Loading...
युद्धक्षेत्र,Loading...
लहरा,Loading...
ऑनेस्ट,Loading...
उदघाटन,Loading...
इस-,Loading...
नेकदिल,Loading...
हरामज़ादे,Loading...
सबमें,Loading...
कॉलोनेड,Loading...
सीढ़ियां,Loading...
ज़िंदगियों,Loading...
एल्फ़ा,Loading...
एहतियातन,Loading...
बढ़ूंगा,Loading...
गिनना,Loading...
डिलीट,Loading...
ब-बाइ,B-Bye
हृदयगति,Loading...
आपमें,Loading...
हौसला,Loading...
देशभक्त,Loading...
सिटिंग,Loading...
बजने,Loading...
मैंटल,Loading...
क्लॉक,Loading...
लेलो,Loading...
पहुंचूं,Loading...
रिज़र्व,Loading...
मोमबत्तियां,Loading...
-कि,Loading...
47वें,Loading...
क़ुर्बानियों,Loading...
उतरें,get off
निकोरेट,Loading...
क़रीबी,Loading...
सैल,Loading...
पहुंचाऊंगी,Loading...
उसपे,Loading...
सैन्य-औद्योगिक,Loading...
-लोग,Loading...
फ़ुटेज,Loading...
वेब-जगत,Loading...
-एमिली,Loading...
लुइविल,Loading...
वाटकिंस,Loading...
कोडेड,Loading...
-और,Loading...
किशोरी,Loading...
मनाती,Loading...
थैंक्सगिविंग,Loading...
फ़ेयरफ़ैक्स,Fairfax
सतह-से-वायु,Loading...
मिसाइलें,Loading...
भेजकर,Loading...
पोसी,Loading...
कॉमिटैटस,Loading...
इन्सरेक्शन,Loading...
सरज़मीन,land
जंगी,warlike
संशोधन,Loading...
चरमराकर,Loading...
किनसे,Loading...
स्टेट्स,Loading...
नक़दी,Loading...
बोइंग,Loading...
सी-17,Loading...
लादकर,Loading...
वन-नाइनर,Loading...
खींची,Loading...
डाइनोसॉर,Loading...
तरीक़ों,Loading...
डाकख़ाने,post offices
सबर्बन,Suburban
फ़व्वारा,Loading...
समझदारी-,Wisdom-
पोज़ीशन,Loading...
निर्भर-,Loading...
आर.पी.जी.,Loading...
हरामज़ादों,Loading...
सख़्त,Loading...
ज़ॉम्बीज़,Loading...
-व्हाइट,Loading...
बाल्कनी,balcony
लीमोज़ीन,Loading...
मारेंगे,Loading...
भागदौड़,Loading...
पहुंचाओ,Loading...
निष्ठापूर्वक,Loading...
रोज़-रोज़,Loading...
सी4,Loading...
रुकूंगा,Loading...
पहुंचोगे,Loading...
बंदों,Loading...
सर्न,Loading...
गोरा-शक्ति,Loading...
हैकरों,Loading...
एन.एस.ए.,Loading...
एपल,Loading...
हेडक्वार्टर,Loading...
म्युज़िक-शेयरिंग,Loading...
अगोपनीय,Loading...
अनाधिकारिक,Loading...
हत्याएं,Loading...
समेत,Loading...
तालिबान-नियंत्रित,Loading...
ख़तरों,Loading...
फ़हरिस्त,Loading...
कीपैड,Loading...
अंडाकार,Loading...
मरेगी,Loading...
साइबर,Loading...
जांचना,Loading...
निशस्त्र,Loading...
अथाह,Loading...
ओकिनावा,Loading...
अंकन,Loading...
गेंस,Loading...
घर्षण,friction
नब्बे,Loading...
फुर्तीला,Loading...
उत्थान,Loading...
फाइबर,Loading...
स्प्रिंट,Sprint
चिढ़ा,Loading...
इस्लामाबाद,Loading...
सिफारिशें,Loading...
टेम्पेस्ट,Loading...
गणमान्य,Loading...
एंजल,Loading...
डोजो,Loading...
जे-z,Loading...
टकराया,Loading...
डायरेक्ट,Loading...
कीलें,Loading...
कहनेवाला,Loading...
जौव,Loading...
हैंडशेक,Loading...
गुआम,Loading...
फासीवादी,Loading...
बारकोड,Loading...
विजुअल्स,Loading...
जेनेटिक,Loading...
उभरती,Loading...
स्टैंडर्ड,Loading...
सेन्सेई,Loading...
दाहिना,Loading...
फिनिशिंग,Loading...
शव,Loading...
माइनस,Loading...
मोड़ना,flex
कलाम,Loading...
टेंगोस,Loading...
उग्रवादियों,Loading...
पूर्वाग्रह,Loading...
कुरकुरा,Loading...
सिंथेटिक,Loading...
तड़पना,to suffer
मसौदा,Loading...
किआ,Kia
एरियल,Loading...
मर्यादित,Loading...
पील,Loading...
संतरी,Loading...
फुफकार,Loading...
पालथी,Loading...
शिकन,Loading...
रयान,Loading...
माइली,Miley
आरईसी,Loading...
आर्मर,Loading...
अभिजात,Aristocrat
वार्तालापों,Loading...
परिमार्जन,Loading...
शेफ,Loading...
टिनी,Loading...
बाम,Loading...
चोटें,injuries
रिवेरा,Loading...
गम्बो,Loading...
पेस्ट्री,Loading...
आर्द्रता,Loading...
बैरोमीटर,Loading...
बेईमान,Loading...
किट्टी,Loading...
माइक्रोटेक्नोलोजी,Loading...
अकृतज्ञ,Loading...
बोनो,Loading...
wifey-छी,Loading...
दस्तों,Loading...
पहुँचें,Loading...
गर्भनाल,Loading...
बांस,Loading...
लेप्रोस्कोपिक,Loading...
गुहा,Loading...
वेल्डर,Loading...
शेल्डन,Loading...
नोम,Nome
ललक,Loading...
पारियों,Loading...
तांग,Loading...
मेघ,Loading...
कोव,Loading...
एलेक्सिस,Loading...
वारहेड,Loading...
टीएनटी,Loading...
क्रू,Loading...
किस्में,Loading...
अन्तर्ग्रथन,Loading...
आज्ञाकारिता,Loading...
ललाट,Loading...
साइबेरियाई,Loading...
व्लादिवोस्तोक,vladivostok
गेज,Loading...
लिट,Loading...
फैलेगी,Loading...
टैक्नॉलोजी,Loading...
हैसियत,Loading...
इज़रायल,Israel
फ़्रांस,Loading...
टेक्टोनिक,Loading...
विदर,fissure
मनिला,Loading...
काबो,Loading...
ए.एम.,Loading...
पायदान,Loading...
एथलीटों,Loading...
एलिसन,Loading...
युग्मन,Loading...
संचारण,Loading...
छिछले,Loading...
उथले,Loading...
पालि,Loading...
ख़ुदा,Loading...
ट्रांसमीटरों,Loading...
ट्यून,Loading...
बरखास्त,Loading...
गुंबद,Loading...
अनुपालन,Loading...
रेंगने,Loading...
लाचारी,Loading...
सीमावर्ती,Loading...
नाराजगी,Loading...
ब्रुकलिन,Loading...
उपास्थि,cartilage
घन,Loading...
रीरूट,Loading...
न्यूक्लियर,Loading...
भड़क,Loading...
वेंट,Loading...
कूलेंट,Loading...
कार्यक्षमता,Loading...
तिल्ली,spleen
चौ,Loading...
परजीवी,Loading...
छल्ली,Loading...
घबड़ाया,Loading...
छापों,Loading...
पाशविक,Loading...
उपनिवेशों,Loading...
ओजोन,Loading...
रिक्तीकरण,Loading...
मोनोऑक्साइड,Loading...
प्रदूषित,Loading...
किरायेदारों,Loading...
बेअसर,Loading...
फोंग,Loading...
टुल,Loading...
कैलिब्रेशन,Loading...
अवरोधक,Loading...
फ़ारिग़,Loading...
अमान्य,Loading...
लसीका,Loading...
प्रवाह,Loading...
चालबाज़ी,Loading...
बाधाओं,Loading...
आंदोलनों,Loading...
पैरामस,Loading...
चिली,Loading...
जीएमओ,Loading...
सूपरमार्केट,Loading...
बेकन,Loading...
रज़ामंद,Loading...
परम्पराएँ,traditions
एथिलीन,Loading...
बनातीं,Loading...
घटनाएँ,Loading...
लूस,Loading...
बतंगड़,Loading...
बैलाक्लावा,Loading...
नेपाम,Loading...
चमड़ी,Loading...
पिघलकर,Loading...
वायरलेस,Loading...
काबिलियत,Loading...
फैलाए,Loading...
चिड़ियाघरों,Loading...
ब्यौरे,Loading...
ज़रिये,Loading...
चिड़चिड़ा,Loading...
मुटल्ली,Loading...
बड़े-बूढ़े,Loading...
तोहफ़े,Loading...
हाथ-पाँव,Loading...
पिंजरा,Loading...
पुट्ठा,Loading...
इन्स्टाग्राम,Loading...
बुढ़ऊ,Loading...
मुआवज़ा,Loading...
बचो,Loading...
सहलाओ,Loading...
मलदार,Loading...
कौनसा,Which one
पसली,Loading...
तराशने,Loading...
अनेक,Loading...
दूरदर्शी,Loading...
टिप्पणियाँ,Loading...
धुली,Loading...
फासला,Loading...
बढ़ाती,Loading...
करवाता,Loading...
करवाएँगे,Loading...
असह्य,Loading...
गोलमटोल,Loading...
दिलेरी,Loading...
हस्तियों,Loading...
क्रांतिकारियों,Loading...
लौटाएँगे,Loading...
नर्क-तुल्य,Loading...
पहुँचाऊँ,Loading...
दिखनी,Loading...
सहकर्मियों,Loading...
40-साल,Loading...
छाई,Loading...
नैन्स,Loading...
मिचलाने,Loading...
विसर्जित,Loading...
एग्रोकैमिकल,Agrochemical
लुभावने,Loading...
मिटाएगा,Loading...
झमेले,Troubles
डूबेगी,Loading...
आज़मा,try
फ़रिश्ता,Loading...
चहेता,Loading...
रोना-धोना,Loading...
करवाओ,Loading...
वीज़ा,Loading...
थोपना,Loading...
बेनेटन,Loading...
बुलाएँगे,Loading...
इंस्टाग्राम,Loading...
टम्बलर,Loading...
फ़ार्मों,Loading...
फ़िल्माओ,Loading...
सोजू,Loading...
उपापचय,Loading...
रेडकोट्स,Loading...
पैनाया,Loading...
मरें,Loading...
कर्सेस,Loading...
लेवेन,Loading...
एंकर,Loading...
बारबोसा,Loading...
स्माइल,Loading...
हॉलैंडवासी,Loading...
बेनाम,Loading...
खुरजी,Loading...
शांतिप्रिय,Loading...
खोदते,digging
अनिच्छुक,Loading...
परिमाण,Loading...
अंकगणित,Loading...
काँटे,thorns
पछता,Loading...
मांगूंगा,Loading...
ट्रेंट,Loading...
झुकती,Loading...
हॉरॉलॉजी,Loading...
अलौकिक,divine
टखनों,Loading...
रेमा,Loading...
अंडरवियर,Loading...
हॉरोग्लॉस्ट,Loading...
स्क्रम,Loading...
वर्डोज़,Loading...
अरूबा,Aruba
केली,Loading...
वर्डुगो,Loading...
सलज़ार,Loading...
पोसिदोन,Loading...
ब्लैकबेर्ड,Loading...
सरका,Loading...
अपूर्ण,Loading...
रीस्ताब्लिशिंग,Loading...
मार्बलिंग,Loading...
नौसेनाओं,Loading...
वॉलकान,Loading...
कारोबारी,Loading...
उसूल,Loading...
दूरदर्शिता,Loading...
जूझते,Loading...
चिलीयन,Loading...
रैंच,Loading...
देख-समझ,Loading...
इग्ज़ेक्युटिव,Loading...
प्रचलित,Loading...
विल्कॉक्स,Wilcox
मछलियाँ,Loading...
सैन्यंग,Loading...
कागज़ी,Loading...
बोंग,Loading...
रेटीना,Loading...
डिस्प्ले,display
ऑफ़िसों,Loading...
उसूलों,Loading...
रंगी,Loading...
फ़ैक्टरी,Loading...
ब्रान,Loading...
अंकित,Loading...
चौराहे,Loading...
गलाकाट,Loading...
लड़ूंगा,Loading...
कृमि,Loading...
अपनाएं,Loading...
हाउंड,Hound
पिलाया,Loading...
सुदृढ़,Loading...
टायरेल,Loading...
भाले,Loading...
बिच्छू,Loading...
बायोटेक,Loading...
पीची,Loading...
डिलाइट,Delight
बेकिंग,Loading...
मेस्टर,Loading...
शैक्षणिक,Loading...
धम्म,Dhamma
पिंडली,shin
अबाध,Loading...
दिशानिर्देश,Loading...
सरप्राइज़,Loading...
भोजनावकाश,Loading...
एनी,Loading...
झाँका,Loading...
गयाi,Loading...
गुनाह,Loading...
असीम,Loading...
संबन्धित,Loading...
जुटाता,Loading...
स्वभावपूर्ण,Loading...
दिमागियों,Loading...
एवार्ड्स,Loading...
कुरूप,Loading...
डरावने,Loading...
महल-निवास,Loading...
दुर्घटनावश,accidentally
अक्खड़,Loading...
रबड़,Loading...
तीन-सितारा,Loading...
बैंडविड्थ,Loading...
गंवार,Loading...
थोरण्डन,Loading...
फ्यूज़,Loading...
छिछोरी,Loading...
बीतने,Loading...
सैपियंस,Loading...
जुड़कर,Loading...
जंपर्स,Loading...
अजीज,Loading...
ग्लानि,Loading...
थायरॉयड,Loading...
अनाड़ीपन,Loading...
गोरिल्ला,Loading...
भ्रष्टता,corruption
निंदापूर्ण,Loading...
छड़ी,Loading...
ऊबा,Loading...
लिएi,Loading...
प्रेरणास्पद,Loading...
ज़ोरदार,Loading...
एवार्ड,Award
स्टीक,Loading...
एण्ड्रेयु,Loading...
घमंड,Loading...
गरिमामयी,Loading...
बढ़ाया,Loading...
सनशाइन,Loading...
ज़बरदस्त,Loading...
आत्मपदोन्नति,self promotion
लेफ़िनेंट,Loading...
बोलोक्स,Loading...
अदत्त,Loading...
अपनेआप,Loading...
दुखपूर्ण,Loading...
संजीदगी,Loading...
दक्षिणपश्चिम,southwest
मैकफक,Loading...
स्क्रूज,Loading...
पॉप्स,Loading...
केम्सफोर्ड,Loading...
रमाडा,Loading...
ओक्टेन,Loading...
संगीतकारों,Loading...
संगीतकर,musician
कपटी,Loading...
थीi,Thi
एबाउट,Loading...
टु,Loading...
रूखी,Loading...
सामन्था,Loading...
पड़ोसन,Loading...
नपुंसकता,Loading...
चुलबुली,Loading...
बांटेंगे,Loading...
शैंपैन,Loading...
विडोमेकर,Loading...
छेड़छाड़,Loading...
रहस्यमयी,Loading...
निखार,Loading...
सबूतों,Loading...
बे-ड़ा,Loading...
ग-र्क,Loading...
सुरक्षाबल,Loading...
रायता,Loading...
ए-24,Loading...
घुसपैठिए,Loading...
सनसनीखेज,Loading...
साथियो,Loading...
जांघ,Loading...
आलीशान,Loading...
मेक्सिकियों,Loading...
गुदा,Loading...
चीखों,Loading...
मिलीं,Loading...
मध्य-पश्चिम,Loading...
मेहनतकश,Loading...
सूपरस्टार,Loading...
सुलाऊँगी,Loading...
कर्ता-धर्ता,Loading...
मरोगी,Loading...
स्वाद-परीक्षक,Loading...
घोपूँगा,Loading...
वाजिब,Loading...
पले-बढ़े,Loading...
चखें,Loading...
झालरें,Loading...
ढिंढोरा,Loading...
पीटती,beating
फ़ैनी,Loading...
फ़ैशन,Loading...
ए.एल.एफ.,Loading...
जीएम,Loading...
घबराते,nervous
बेजोड़,Loading...
दूर-सुदूर,Loading...
साहबों,Loading...
सिजिन,Loading...
पुट्ठे,Loading...
मैथ्यूज़,Loading...
डुबोकर,Loading...
विरामस्थल,Loading...
प्रोसी,Loading...
बेबीज़,Babies
अनुबंधित,contracted
स्वागती,Loading...
नक़ल,Loading...
एल्फ,Loading...
हाइज़र्ड,Loading...
नट,Loading...
3स,3s
8स,Loading...
गोलक,Loading...
मैदानी,Loading...
आमने-सामने,Loading...
पैजामा,Loading...
केमफ़ोर्ड,Loading...
बीस्टमास्टर,Loading...
जानोगे,Loading...
मूलरूप,Loading...
डीवी27,Loading...
ठगते,Loading...
ईर्ष्यालु,Loading...
डुबाते,Loading...
रखताi,Loading...
झाड़ी,Loading...
एंडरेक्स,Loading...
श्वेत,Loading...
फ्लाईओवर,Loading...
कोडेक,Loading...
कोजक,Loading...
इयरविगर्स,Loading...
रोजर-रोजर,Loading...
स्मोकी,Loading...
बैंडिट,Loading...
डकी,Loading...
बैंडचौड़ाई,Loading...
मौंटेड,Loading...
झाड़ियों,Loading...
योग्यतम,Loading...
शर्मिन्दा,Loading...
केबलों,Loading...
स्विट्जरलैंड,Loading...
ऑक्सफोर्ड,Oxford
नॉर्मन,Loading...
भिन्नता,Loading...
मद्यपान,Loading...
अचरज,Loading...
विचलन,Loading...
जिनेवा,Loading...
लॉकहीड,Loading...
मेमसाहब,Loading...
प्रक्षेपास्त्रों,Loading...
अपेक्षाओं,Loading...
आनुवंशिकी,Loading...
म्यूटेशन,Loading...
कब्ज़ा,Loading...
बिटबर्गर,Loading...
कम्युनिस्ट,Loading...
अर्जेन्टीना,Loading...
x-पुरुष,Loading...
संजीव,Loading...
रुकावटों,Loading...
दौड़े,ran
चौकोर,square
घुमावदार,Loading...
घुप्प,deep
टॉर्च,Loading...
खालीपन,Loading...
फिनलैंड,Loading...
फ़ंस,Loading...
रोवन,Loading...
एन.पोवेर,Loading...
बनानी,Loading...
सम्म्लेन,Loading...
रिसाइकिल,Loading...
पाइये,Loading...
जुड़िए,Loading...
बाढ़,Loading...
ब्रीडर्स,Loading...
फ्रेंकस्टीन,Loading...
पिओ,Loading...
घुसपैठिया,Loading...
केन्द्रज,Loading...
क्वीन्स,Loading...
परती,Loading...
म्यूटेंट,Loading...
अमेरिकन,Loading...
रॉकेट्स,Loading...
प्रांगण,Loading...
केजीबी,Loading...
निरंकुश,Loading...
युद्धपोत,battleship
प्रतिध्वनित,Loading...
हाइड,Loading...
मापा,Loading...
शोषक,Loading...
उड़ेगा,Loading...
डारविन,Loading...
झांकने,Loading...
आउ,Loading...
उत्परिवर्तनों,Loading...
वा,Loading...
डेम्स,Loading...
पेकान,Pecans
प्रतिभावान,Loading...
प्रकटन,Loading...
गांठदार,Loading...
अधिष्ठापन,Loading...
टेलिपाथिक,Loading...
प्रतिष्ठानों,Loading...
इलेक्ट्रोड,Loading...
म्यू,Loading...
ग्रीष्मकाल,Loading...
प्रवर्धित,Loading...
परिश्रमी,Loading...
सोशलिस्ट,Loading...
गणराज्यों,Loading...
सिने,Loading...
बंट,Loading...
जिन्होनें,Loading...
ग्रो,Loading...
सिद्धांतो,principles
इंटज़ार,Waitzaar
सुनेंगी,Loading...
कैमेरे,Loading...
महत्तव,Loading...
बताएँगे,Loading...
स,Loading...
चढ़कर,Loading...
चीफ़,Loading...
पँहुचे,arrived
हथकड़ियाँ,Loading...
डेढ़,Loading...
बिठा,Loading...
पकड़ते,Loading...
उनकीं,Loading...
दमन,Loading...
लॉ,Loading...
दंगा-नियंत्रण,riot control
जुटे,Loading...
निकालूंगी,Loading...
फ़ेंक,Loading...
खोलिए,Loading...
विस्फ़ोटक,blaster
फ़ॉर,Loading...
हिप्पियों,Loading...
सकड़ों,Loading...
कूदी,Loading...
आतंकवाद-विरोधी,Loading...
कार्ड-धारक,Loading...
छोड़ेंगी,Loading...
चुपके-चुपके,Loading...
फ़ंसाने,Loading...
गुआंटनामो,Loading...
ग़ैर-ज़िम्मेदारों,Loading...
शेल,Loading...
झांसा,Loading...
पातीं,Loading...
फ़र्श,Loading...
रोबोकॉप,Loading...
निर्धारक,Loading...
छूटे,Loading...
असेंबली,Loading...
ग्रीनहाउस,Loading...
सफ़ाई,Loading...
लिफ़ाफ़े,Loading...
स्लीपिंग,Loading...
स्वायत्तता,Loading...
जोड़ेगा,Loading...
जोर-शोर,Loading...
ट्रांज़ीशन,transition
कानूनन,Loading...
पूंजीवाद-विरोध,Loading...
समझनें,Loading...
महत्त्व,Loading...
निचोड़,Loading...
नतीज़ा,Loading...
अगल-अलग,Loading...
उपजाने,Loading...
ज़िन्दगियों,Loading...
परा-पूंजीवादी,Loading...
निर्दलिय,Loading...
पहुँचु,Loading...
अंदरूनी,Loading...
उठाइये,pick up
क्लिप्स,Loading...
बांधी,Loading...
डंडों,Loading...
भाषाओं,Loading...
गाए,sang
गवाएँ,Loading...
गान,Loading...
मोल-भाव,Loading...
व्यापक-रूप,Loading...
आशावान,Loading...
ढूंढेगीं,Loading...
धन-आधारित,Loading...
लाभकर,Loading...
मोड़ा,Loading...
धकेलने,Loading...
पिंजरो,Loading...
कालक्रम,Loading...
महाशक्तियों,Loading...
परिहार,Loading...
किलोग्राम,Loading...
एक-पैर,Loading...
मिडास,Loading...
ट्राडेंट्स,Loading...
बांहों,arms
पोजीडोन,Loading...
गैलीलियो,Loading...
घृणास्पद,Loading...
गैलीली,Galilee
छुपाता,Loading...
पूछती,Loading...
हठ,Loading...
मारवी,Loading...
स्पैनियार्ड,Loading...
मैटोडोर,Loading...
पोसिइडन,Loading...
टेलीस्कोप,Loading...
ँ,Loading...
फूहड़,Loading...
सालज़ार,Loading...
लिले,Loading...
शाउट,Loading...
जाज,Loading...
रोकूँगा,Loading...
टॉयडेंट,Loading...
पॉसीइडन,Loading...
रोकूंगा,Loading...
टोना,Loading...
टूटेगा,Loading...
प्रावधानों,Loading...
कार्वेट,Corvette
पर्सिगाला,Loading...
किंवदंती,Loading...
बदलिए,Loading...
मकबरे,Loading...
स्पैरोव,Loading...
केटिन,Loading...
सांडोवल,Loading...
शुजा,Loading...
शत्रुओं,Loading...
भाजित,Loading...
खगोल,Loading...
खगोलविद,Loading...
गदहे,Loading...
पुनरुत्पादन,Loading...
उलटना,Loading...
बर्नालिकों,Loading...
कैरीना,Carina
फाड़ा,Loading...
उठाएंगे,Loading...
श्यामला,Loading...
मैदोर,Loading...
मार्,Loading...
प्लेग,Loading...
सिगोलोसा,Loading...
पिइदाद,Loading...
स्पेगेटी,Loading...
क्रैक्स,Loading...
साइरेन,Loading...
क्राकेन्स,Loading...
तलाशते,Loading...
डूबते,Loading...
बचाएगा,Loading...
जैकी,Loading...
मेयोनेज़,Loading...
बास्केट,Loading...
गेटिंग,Loading...
उभड़ने,Loading...
सुजले,Loading...
रिचार्ज,Loading...
मिलडी,Loading...
त्रयी,Loading...
पकड़ते,Loading...
लटकी,Loading...
डीएडी,Loading...
गाविओटा,Loading...
सौहार्द,cordiality
जंकी,Loading...
बीजगणित,Loading...
फिलिप्स,Loading...
प्रोफाइल,Loading...
संलग्नक,Loading...
.मैं,Loading...
डिजाइनों,Loading...
अनपैक,Loading...
लम्बाई,Loading...
दर्रा,Loading...
श्रेय,Loading...
एपीटिट,Loading...
मौज-मस्ती,Loading...
बिल्डर,Loading...
ठिक,Loading...
मरहम,Loading...
क्षम्य,Loading...
टचस्क्रीन,Loading...
चर्चाओं,Loading...
बेतहाशा,Loading...
नाइटलाइफ़,Loading...
गिम्मी,Loading...
चंदन,Loading...
सम्मिलित,Loading...
अप्रयुक्त,Loading...
पृथक,Loading...
सहेजते,Loading...
भोली,Loading...
टाइन,Loading...
अंगराग,Loading...
एयरबेस,Loading...
ढुलाई,Loading...
कमानों,Loading...
टारगेट,Loading...
पढें,Loading...
बैंडिंग,Loading...
संपार्श्विक,Loading...
हांसी,Loading...
70-एजेंट,70-Agent
प्रतिसाद,Loading...
गॉन,Loading...
काजी,Loading...
भुजंगा,Loading...
पगडंडी,Loading...
नखरे,tantrums
पासिंग,Loading...
ब्लेंडर,Loading...
क्रैश,Loading...
छींटा,Loading...
जे-सीमा,Loading...
हकलाती,Loading...
फल्लुजाह,Loading...
रोज़ेट्टी,Rossetti
खोदी,Loading...
क्रैकिंग,cracking
असमंजस,Loading...
कॉकटेल,Loading...
बैंक्स,Loading...
क्रिप्या,Loading...
मेरि,Loading...
छोडती,Loading...
भौंक,bark
प्रधानाध्यापिका,Headmistress
मिमी-हम्म,Loading...
प्रज्वलित,Loading...
फिलो,Philo
आज्ञाओं,Loading...
लट्टे,Loading...
ग्रील्ड,Loading...
मोचा,Loading...
उड़ानें,Loading...
हुंह,Loading...
आचार-संहिता,Loading...
टूलकिट,Loading...
खीस,Loading...
दुर,Loading...
प्लेबॉय,Loading...
क्लबों,Loading...
प्रोज़ैक,Loading...
बिट्सी,Loading...
हड़तालों,Loading...
लपटें,Loading...
समय-पास,pass time
ग्रीनपीस,Loading...
उत्तरजीविता,Loading...
खायें,eat
मॉडलिंग,Loading...
स्टैनफोर्ड,Loading...
धमका,Loading...
जायज,Loading...
खिचड़ी,Loading...
साँठ-गाँठ,Loading...
चुकाए,Loading...
मध्यांतर,Loading...
छिपी,Loading...
वीजली,Loading...
करबिलों,Loading...
लड़कियों,Loading...
शाब्दिक,Loading...
कुलमिला,Kulmila
जिनपर,Loading...
इतराने,Loading...
आपत्तिकर्ता,Loading...
चौकन्ना,Loading...
फिल्माते,Loading...
रेकोर्डिंग,Loading...
हैi,Loading...
वेबर,Loading...
अपशब्दों,Loading...
वाटरगेट,Watergate
आवेगी,Loading...
बेपरवाह,Loading...
सीमाएँ,Loading...
एलियन्स,Loading...
लांघ,Loading...
रेबीज़,Loading...
मूलत,Loading...
अक्षरश,Loading...
सुइयां,Loading...
स्पीलबर्ग,Spielberg
यूनीवर्सल,Loading...
पिक्चर,Loading...
5773एम1,Loading...
ख़ुलासा,disclosure
सामजिक,Loading...
सौंपते,Loading...
बेचीं,Loading...
वालीं,Loading...
देखीं,Loading...
पादने,farting
पेंगुइन,Loading...
फ़रिश्ते,Loading...
सब्ज़ी,Loading...
धर्मपिता,Loading...
बनाऊँगी,Loading...
बचाऊँ,save
चौखटों,Loading...
ग़ैर-प्लास्टिक,Loading...
पॉलीविनाइल,Loading...
ख़बर,Loading...
ख़र्चे,Loading...
आर्मस्ट्रोंग,Loading...
निकालोगे,Loading...
इग्लू,Loading...
बेचूँगा,Loading...
पछाड़,overtake
मसला,Loading...
होड़,Loading...
कमीनापन,Loading...
चापलूस,Loading...
अनाकर्षक,Loading...
रेगन,Loading...
चौखटें,Loading...
मौक़े,Loading...
सुशिक्षित,Loading...
बदनसीबी,Loading...
पूर्व-बैंड,Loading...
शरमाई,Loading...
वारेन,Loading...
बेचूँ,Loading...
इथियोपियाई,Loading...
मक्खियाँ,Loading...
बैठीं,Loading...
अपने-आप,Loading...
मैलटेसर,Loading...
गुसलखाने,Loading...
बिठाना,Loading...
बढ़ाए,increase
योनि,Loading...
ऋण-शार्क,Loading...
डबिंग,Loading...
फिटर,Loading...
बनवानी,Loading...
लेनिन,Loading...
विश्रामकाल,Loading...
असम्मान,Loading...
उद्यमशीलता,Loading...
बुलंद,lofty
छाए,Loading...
मैजोरेट,Loading...
वाइव्स,Loading...
ग्रोट,Loading...
लेवेंडर,Loading...
ट्रोट्स्की,Loading...
एतराज़,Loading...
कराधान,Loading...
दोस्तi,Loading...
एसीपी,Loading...
बाती,Loading...
जिदंगी,Loading...
डबल्स,Loading...
रेवेन्यू,Loading...
मिलूँगी,Loading...
पराजयी,Loading...
डिज़ाइन,Loading...
ज़िंदगियों,Loading...
चमकीले,Loading...
विंकी,Loading...
सम्मोहनीय,Loading...
वाल्श,Loading...
कॉक,Loading...
हटाऊँ,remove
पकड़ेंगे,Loading...
छुपना,hide
सद्भावना,Loading...
लगवाई,Loading...
बिताएगा,Loading...
पूछूँगा,Loading...
बेलक्स,Loading...
मगरूर,Loading...
कुलबुला,Loading...
कुलबुलाहट,Loading...
कठपुतलियों,Loading...
संदेही,Loading...
चिंताएँ,Loading...
सँजोया,preserved
एंकाऊंटर्स,Loading...
काइंड,Loading...
मुठभेड़ों,Loading...
उत्पीड़न,Loading...
लड़कियाँ,Loading...
कराएँ,Loading...
दौड़ने,Loading...
छोड़ूंगा,Loading...
थर्ड,Loading...
पैंटों,Loading...
बेसिडोन,Basidon
जोसेफ़,Loading...
जेबखर्च,Loading...
सेक्सीस्ट,Loading...
नामंजूरी,Loading...
घूरते,Loading...
अन्यत्र,Loading...
फोटोग्राफ़ी,Loading...
चित्रित,Loading...
सत्रों,Loading...
फ़िल्माते,Loading...
आत्म-सम्मान,Loading...
चुगली,Loading...
यदपि,Loading...
अन्वेषकों,Loading...
वैमनस्य,Loading...
इटैलियन,Loading...
घूरेगा,Loading...
सृजन,Loading...
लिहाज,consideration
किंबर,Loading...
कारीगर,Loading...
गुज़रे,Loading...
चिढ़ाने,Loading...
शॉक,Loading...
मार्केटिंग,Loading...
इजाज़त,Loading...
टू,Loading...
जिंगल,Loading...
इंट्रो,Loading...
गाड़ियों,Loading...
लुकाछिपी,Loading...
बूझो,Loading...
सस्पेंस,Loading...
म्यूज़िक,Loading...
ह्र्दय,Loading...
झिंझोड़,Loading...
आत्ममोह,Loading...
ग्रसित,Loading...
डायना,Loading...
तन्हा,Loading...
मॉरीन,Loading...
खर्चना,Loading...
बाज़ीगरों,Loading...
बॉल्स,Balls
कॉपरफ़ील्ड,Loading...
ग़ायब,Loading...
घोटाले,Loading...
बईमानी,dishonesty
जताओ,Loading...
फंसाना,Loading...
लोकल,Loading...
फ़ीनिक्स,Loading...
ग़ैरकानूनी,Loading...
अनैतिक,Loading...
रोज़ी-रोटी,Loading...
छिनने,Loading...
रखवाया,Loading...
भेड़िए,Loading...
राखों,Loading...
फ़ुसफ़ुसा,Loading...
लू,Loading...
पैरंट,Loading...
खस्ता,Loading...
साउथेंड,Loading...
हृदयाघात,Loading...
प्रेरक,Loading...
ड्राफ़्ट,Loading...
थप्पड़,Loading...
मुआवज़ा,Loading...
कर्टेन,Loading...
सियाओ,Loading...
ट्वेंटी,Loading...
यॉन्स,Loading...
सदर्न्ड,Loading...
शेज़,Loading...
नॉन-रीफ़ंडेबल,Loading...
प्रायमरी,Loading...
महसूर,Loading...
मिलमन,Loading...
ऑफीसर,Loading...
रिफ़ायनरी,Loading...
ऑफ़ीसर,Loading...
रूखा,rough
मर्सिडीज़,Loading...
कूड़ा-कबाड़ा,Loading...
ज़बान,Loading...
घड़ियाली,Loading...
उंगलियां,Loading...
थरॉक,Loading...
गुमशुदा,Loading...
यर्र,Loading...
स्क्वॉड,Loading...
आईआरए,Loading...
कीजीएगा,Loading...
पिरामिड,Loading...
स्कीम,Loading...
कहां-कहां,Loading...
एरिया,Loading...
आएगा-जाएगा,Loading...
प्यारों,Loading...
लूटो,Loading...
खटखटाते,Loading...
उड़ाने,Loading...
नाक़ाम,Loading...
वेश्याओं,Loading...
रूचि,Loading...
चरस,Loading...
नौसिखिये,Loading...
जोड़ो,Loading...
जबसे,Loading...
मूत्रालय,urinal
ख़रीदने,Loading...
खिडकियों,Loading...
मुनाफ़े,Loading...
क़िस्मत,Loading...
अँधे,Loading...
गूँगे,Loading...
बरतने,Loading...
यूँही,just like that
ख़रीदे,Buy
घोंचू,Loading...
इस्तीफ़े,Loading...
जोड़ी,Loading...
चूसे,Loading...
हिलेंगे,Loading...
छोड़ेंगे,Loading...
साज़िश,Loading...
सुलाना,Loading...
नहलाने,Loading...
कैली,Loading...
ख़रीदार,Loading...
कृपालु,merciful
ऐगी,Loading...
ख़र्चने,Loading...
लगवाने,Loading...
पहलु,Loading...
थेम्स,Thames
मुहाने,Loading...
टैंकर,Loading...
उठाओगे,Loading...
बार्बरा,Loading...
थकाने,Loading...
स्ट्राईसैंड,Loading...
सौंवा,Loading...
वग़ैरह,etc.
क़ानूनी,Loading...
डैलस,Loading...
ठिठुरते,Loading...
घटिया-गाड़ी,Loading...
नियमावली,Loading...
छोड़ें,Loading...
व्यस्क,Loading...
दिलाते,Loading...
गलियारा,aisle
ढकना,Loading...
नेवले,Loading...
टेचीनी,Loading...
मिलेनियम,Loading...
फ़ाल्कन,Loading...
ख़ुशियाँ,Loading...
हलके,Loading...
बारीक़ी,Loading...
डोर्ज़,Loading...
नज़ारे,Loading...
सौंवे,Loading...
क़िस्मों,Loading...
हाए,Loading...
शीशों,mirrors
दौड़ाते,Loading...
भागते,Loading...
फ़्रेंच,Loading...
एवेरेस्ट,Loading...
ख़रीदीं,Loading...
लखपति,Loading...
फ़ीकी,Loading...
लूटेंगे,Loading...
पड़ौसी,Loading...
दोहरी-परत,double-layer
ज़माना,Loading...
ख़ूबी,Loading...
महँगे,Loading...
हज़ारों,Loading...
हि-याह,Loading...
जीएं,Loading...
धमनी,Loading...
मार्जरिन,Loading...
हत्यारी,murderer
इकट्ठी,Loading...
को़ड,Loading...
छूटा,Loading...
पिछवाड़ा,Loading...
पैडल,pedals
गुणकारी,Loading...
बेडटाइम,Loading...
उठाएँगे,Loading...
उठाइए,Loading...
दोंनो,Loading...
हत्थे,Loading...
बहुरूपिए,Loading...
बिठाया,Loading...
जिया,Loading...
गानों,Loading...
किरदार,Loading...
फ़्राइड,Loading...
बदतमीज,Loading...
कुतर,Loading...
रूह,Loading...
छीनने,Loading...
स्मीड,Loading...
खाकी,Loading...
प्रेसबोर्ड,Loading...
आउंस,Loading...
महिलाओ,Loading...
चुस्की,sip
खौफ़नाक,Loading...
लैक्टोज़,Loading...
पचाने,Loading...
फॉरएवर,Loading...
फँसे,Loading...
निकालकर,Loading...
चौकीदारनी,Loading...
सुनाता,Loading...
बचकाना,childish
लगाके,Loading...
रौ,Loading...
पंचांग,Loading...
थियोडोर,Loading...
भाग्यवश,Loading...
खुशनुमा,Loading...
जियो,Loading...
रिंकी,Loading...
प्रजनक,Loading...
पतझड़,Loading...
अनवरत,Loading...
रग,Loading...
पाश,Loading...
फिराना,Loading...
प्रैक्टिकल,Loading...
एमआईए,Loading...
ढूंढने,Loading...
लोकेटर,Loading...
लड़खड़ाना,Loading...
दिवालोक,Loading...
बाँटना,Loading...
अंतत,Loading...
बाँयी,Loading...
लॉन्ग,Loading...
खरीदिए,Loading...
साझेदार,Loading...
बदतमीज़,Loading...
सेंकंड,seconds
खामियाज़ा,Loading...
भुगतोगे,Loading...
दोषारोपण,Loading...
चुनो,Loading...
पालेंगे,Loading...
ज़िगिटी-पाँच,Loading...
तिपहिया,Loading...
स्केट्स,Loading...
कॉर्न,Loading...
फ़ैसले,Loading...
फ़ायदेमंद,beneficial
पपियों,Loading...
भौं,Loading...
उठानी,pick up
याहू,Loading...
पर्दाफ़ाश,Loading...
बाउंसी,Loading...
सँभालकर,carefully
दिखाऊँ,Loading...
डिज़ाइनर,Loading...
लैब्राडूडल,Loading...
पीकापू,Loading...
उबरेंगे,Loading...
मुस्कुराए,Loading...
शार,Loading...
पेई,Loading...
जीनियस,Loading...
तिकड़ी,Loading...
पढ़ो,Loading...
फ़िज़ूल,Loading...
स्टिक्,Loading...
गँवाओ,Loading...
मांगोगे,Loading...
जन्मतिथि,Loading...
चुनेंगे,Loading...
गोते,Loading...
कल्पनालोक,Loading...
मनमुताबिक,Loading...
होतीं,Loading...
नचा,Loading...
एन्सिन,Loading...
टी-रेक्स,Loading...
एलियन,Loading...
छानबीन,Loading...
शूरवीर,Loading...
ब-च्-च्-चे,Loading...
ब्रीफ़केस,Loading...
चकरा,Loading...
ब-च्-चे,Loading...
गाढ़ी,Loading...
ट्यूना,Loading...
अंतरिक्षयात्री,Loading...
नथ,Loading...
मांद,Loading...
भौंहों,eyebrows
बेवकूफ़ो,Loading...
बाँधना,Loading...
लिखूँगा,Loading...
घोषणापत्र,Loading...
चगा,Loading...
पहनोगे,will you wear
पहनाओगे,Loading...
फ़िट,Loading...
बॉसी,Loading...
हैंसेल,Loading...
तंदूर,Loading...
नास्तिक,Loading...
नरभक्षिता,Loading...
करछी,Loading...
खिंचवाना,Loading...
बिताएँगे,Loading...
पप,Loading...
बुड्ढी,Loading...
चुनवा,Loading...
सु-को-बि-फ़ै-बॉ-बे-क्-क,Loading...
सीरियसली,Loading...
मैक्कार्टनी,Loading...
एचआर,HR
समझाता,Loading...
चूसूँगा,Loading...
बिंकी,Loading...
पपिश,Loading...
नुक-नुक,Loading...
बू-बू,boo-boo
बो-बो,Loading...
बाह-बाह,Loading...
चूपी,Loading...
हशी-बेबी,Loading...
टूट्सी,Loading...
वर्चुअल,Loading...
कैबेज,Loading...
सर्वोत्तम,best
मेगा,Loading...
इन्सान,Loading...
प्यादा,Loading...
डाहलिया,Loading...
अनुचर,Loading...
वीरवर,brave man
पढ़ूँगा,Loading...
गड़बड़ी,Loading...
चौंकाओ,Loading...
तरीक़ा,Loading...
ख़ूबसूरत,Loading...
मुक़ाबले,Loading...
बाग़,Loading...
चालबाज़,Loading...
ग्राऊचो,Loading...
मार्क्स,Loading...
माँगोगे,Loading...
रूमानी,Loading...
कसी,Loading...
ट्रावोल्टा,Loading...
बक्स,Loading...
फेरीवाले,Loading...
फ़िज़,Loading...
करवाएगा,Loading...
अग्र-दूत,Loading...
बंटा,Loading...
वोगन,Loading...
प्रस्तुतकर्ता,Loading...
लगाईं,put
मंगवाऊँ,Loading...
दबोचने,Loading...
बदली,Loading...
क्रांतियों,Loading...
निठल्ले,Loading...
कर्ज़ा,Loading...
उगाही,Loading...
एमनेस्टी,Loading...
भाँजी,Loading...
शक़,doubt
आख़िरी,Loading...
डाकिये,Loading...
सुलझ,Loading...
गेंदें,Loading...
एलएक्स,Loading...
गिनो,Loading...
कटलरी,Loading...
ताजा-तेज,Loading...
री,Loading...
शब्दार्थ,Loading...
मौतें,Loading...
चिन्हक,Loading...
सिट,Loading...
बेनेल्ली,Loading...
वर्चस्व,Loading...
सक्त,Loading...
देवो,Loading...
एमटीए,Loading...
कराएं,Loading...
ब्रॉड,Loading...
रेक्टर,Loading...
महाधमनी,Loading...
ठो,Loading...
तथापि,Loading...
सिरेमिक,Loading...
कार्बाइड,Loading...
क़दम,Loading...
ख़तरे,Loading...
लीज़िंग,Loading...
बूगी,Loading...
चेसिस,Loading...
विंड,Loading...
त्रुटिहीन,Loading...
संचलन,Loading...
फ्लॉप,Loading...
राज्याभिषेक,Loading...
हैप्पी,Loading...
पोप,Loading...
पोर्टिंग,Loading...
एआर,Loading...
प्रबलित,Loading...
ईओण,Loading...
सिलिकॉन,Loading...
एवन्यू,Loading...
टियर,Loading...
हटोगी,Loading...
टियरनन,Tiernan
ऊबाऊ,Loading...
ज़हर,poison
लागर,Loading...
बीतती,Loading...
पिलाते,Loading...
कोठे,Loading...
मार्ट,Loading...
वायु-संचार,Loading...
लुभावनी,Loading...
कज़िन,Loading...
स्टेशनरी,Loading...
हेडलाइट,Loading...
सजन्नों,gentlemen
कथावाचक,Loading...
तमीज़,Loading...
हैंडब्रेक,Loading...
एक्सएल,Loading...
परोसना,Loading...
सुज़ैन,Loading...
मसखरे,Loading...
आवर्धित,Loading...
टोका,Loading...
कूड़ा,Loading...
पूर्ववत,Undo
अभिषेक,Loading...
आंख-टू-आंख,Loading...
खी,Loading...
सोन्या,Loading...
सोफिया,Loading...
मार्सेल,Loading...
दूर्भाग्यपूर्ण,Loading...
y-तुम,Loading...
स्पूर्ति,Loading...
केमिली,Loading...
हार्वेस्ट,Loading...
सिरों,Loading...
ख़्यालों,Loading...
उस्तीनोव,Loading...
सीस,Sis
पार्किन्सन,Loading...
बौनों,Loading...
कोस्टर,Loading...
ऊँचाइयों,Loading...
दर्ज़ी,Loading...
भुला,Loading...
बढ़ते,Loading...
मेज़,Loading...
आँकड़े,Loading...
उत्तेजक,Loading...
सिफ़ारिशें,Loading...
प्रतिस्पर्धी,Loading...
आधुनिकीकरण,Loading...
पतों,addresses
ऊल,Loading...
जलूल,Jalul
ह्यूस्टन,Houston
टिल्बरी,Loading...
निकलीं,came out
उत्तेजनाओं,Loading...
लिफ़ाफ़ा,Loading...
ऐयाशी,debauchery
बैठूँगा,Loading...
तोडूँगा,Loading...
सँभाले,Loading...
जुड़ा,Loading...
बिगाड़ने,Loading...
स्काईवॉकर,Loading...
यऊदा,Loading...
जेडाई,Loading...
हिलोगे,Loading...
बेचोगे,Loading...
सप्रेम,Loading...
भवदीय,Loading...
गँवार,Loading...
मनमुटाव,Loading...
घिसे-पिटे,Loading...
हथकंडों,Loading...
नीचता,Loading...
चिड़चिड़ा,Loading...
सिगार,Loading...
एन.जी.ओ.,Loading...
ट्रेडर,Loading...
०८.५२२,08.522
उपजा,Loading...
०१.७५२,Loading...
०१.८९६,Loading...
०५.१६५,Loading...
०५.३६०,Loading...
०८.१४४,08.144
०८.२१७,Loading...
०८.२९४,Loading...
०२.१८८,Loading...
०५.१३८,Loading...
निस्संदेह,Loading...
०५.४४४,05.444
०८.२७२,Loading...
०८.५५२,Loading...
धमकाता,Loading...
०१.२१४,Loading...
००.२३१,00.231
०५.२१७,Loading...
०२.११८,Loading...
०३.२००,Loading...
०३.३४७,Loading...
०७.३८१,Loading...
०७.५३७,Loading...
००.४४०,Loading...
००.६४६,Loading...
०४.१७०,04.170
०२.२७२,Loading...
०४.३१९,Loading...
उर्वरता,Loading...
०२.१०९,Loading...
०६.६६०,Loading...
उदा,Loading...
००.९८९,Loading...
०६.४६८,Loading...
०६.९८७,Loading...
०८.३१८,08.318
०३.१४८,Loading...
०४.८१९,Loading...
०८.३१२,Loading...
००.५२३,Loading...
००.८०३,Loading...
०२.८४७,Loading...
०१.९१८,Loading...
०५.४७८,Loading...
०८.७९२,Loading...
०९.०११,Loading...
०३.५९५,Loading...
०९.४८५,Loading...
०३.४८६,Loading...
०६.८१९,Loading...
०८.६१५,Loading...
घटनापूर्ण,Loading...
आशावादी,Loading...
भविष्यवाणियों,Loading...
०२.७६५,Loading...
०२.०८१,Loading...
०३.४५८,03.458
प्रस्तुतियों,Loading...
शिष्टमंडल,Loading...
०९.८२९,Loading...
००.९०४,Loading...
०१.०५४,Loading...
०३.१७२,Loading...
०३.३२२,Loading...
०५.७६८,Loading...
०८.२३२,Loading...
०८.३८२,08.382
०३.१५४,Loading...
०५.१९२,Loading...
०५.३३९,Loading...
०८.०००,Loading...
०८.१८४,Loading...
००.२३६,Loading...
००.६४३,Loading...
०३.२०८,Loading...
०७.०२८,Loading...
०१.७३८,Loading...
०१.५७७,Loading...
ऊड्राओगो,Loading...
०८.९२१,Loading...
संघटक,Loading...
०३.४८४,Loading...
०४.२०७,Loading...
०९.८४५,09.845
पोषक,Loading...
०५.५८६,Loading...
०९.९५४,Loading...
समोच्च,Loading...
००.८२०,Loading...
०५.३७०,Loading...
०५.५२६,Loading...
०९.०५०,Loading...
०९.२४१,Loading...
विकट,Loading...
०२.११७,Loading...
०२.६९२,Loading...
०२.६८८,Loading...
०८.९८६,Loading...
०७.९०१,Loading...
०५.३१४,Loading...
०१.७२७,01.727
०३.५८९,Loading...
०७.४४१,Loading...
०९.०८९,Loading...
००.९६२,Loading...
उत्पादकता,Loading...
०१.७९७,Loading...
०४.१६३,Loading...
०४.४९३,Loading...
०८.७८७,Loading...
०८.८७७,Loading...
०२.८५१,Loading...
०३.२३२,Loading...
०६.६७४,Loading...
०९.३२६,Loading...
उबला,Loading...
०३.०४७,03.047
०२.२३१,Loading...
०३.१६०,03.160
०३.५८८,Loading...
०६.८६०,Loading...
०३.६४५,Loading...
०७.११०,07.110
०८.७७३,Loading...
००.०१४,Loading...
०२.५२२,Loading...
०४.३८८,Loading...
०८.३८८,Loading...
०१.२४४,Loading...
००.०१२,Loading...
०३.८८३,Loading...
०७.२५६,Loading...
सामाजिक-आर्थिक,Loading...
०७.८५०,Loading...
फसलें,Loading...
०१.२९५,Loading...
०४.४६९,Loading...
०३.३९३,Loading...
०९.०३६,Loading...
०५.७७९,Loading...
०५.६१३,Loading...
०८.९९३,Loading...
०९.३६६,Loading...
खोदता,diggers
हँसाया,Loading...
०९.४३२,Loading...
०९.२९४,Loading...
०२.२१९,Loading...
०३.३६३,Loading...
०६.३७८,Loading...
०७.७६४,Loading...
नाइजर,Loading...
०४.४९८,Loading...
०५.७०५,Loading...
०९.२०४,Loading...
०९.६९७,Loading...
०१.४८५,Loading...
०३.७८७,Loading...
०६.१९८,Loading...
०९.०७२,Loading...
०५.२४०,Loading...
०५.७९०,Loading...
शर्मिदा,Loading...
लुच्चों,Loading...
मूंह,Loading...
खिसक,Loading...
मारूं,Loading...
सड़ेले,rotten
सुलगाना,Loading...
झूल,Loading...
सोयी,Loading...
घोंपने,Loading...
चोद,Loading...
आपे,Loading...
मेसेज,Loading...
चलीं,Loading...
निहत्था,Loading...
सुबह-सुबह,Loading...
दखें,Loading...
चिढ़ो,Loading...
रिस,Loading...
दुर्भावनाओं,ill-will
चलूं,Loading...
चलता-फिरता,moving around
ट्रिने,Loading...
चिन्हित,Loading...
झांकता,Loading...
फिरता,Loading...
कमीज़,Loading...
भूजल,Loading...
यदी,Loading...
संबंध-विक्षेद,Loading...
पर-दुखायी,Loading...
लुटे-पिटे,Loading...
बचोगे,Loading...
जीयो,Loading...
डिस्कोथेक,Loading...
चुभता,Loading...
कटवाये,Loading...
कहलवाना,Loading...
बिगड़े,spoiled
स्कैनिंग,Loading...
बपतिस्मा,Loading...
नाखूनों,Loading...
पथपाकर,Loading...
तालियाँ,Loading...
क्लोदिंग,Clothing
उपनियम,Loading...
जिग,Loading...
सीपीए,Loading...
स्त्री,Woman
भक्षण,Loading...
अपरिवर्तित,Loading...
क्राइंग,Loading...
इजलास,Loading...
डेनिस,Loading...
बरटेल,Loading...
फिटनेस,Loading...
जेनिफर,Loading...
झलकती,Loading...
निष्कर्षों,Loading...
wanna-हो,Loading...
ख़ून,Loading...
कुंज,Loading...
क्लॉज,Loading...
व्यसक,Loading...
कॉर्ड,Loading...
एस्पेन,Loading...
कूजन,Loading...
कॉस्टयूम,Loading...
ऑपरेटिंग,Loading...
बिज़,Loading...
केबिनों,Loading...
गारमेंट,Loading...
फैक्टरी,Loading...
हवादार,Loading...
ढाँक,cover
डिस्पैच,Loading...
भरवां,Loading...
जबड़ा,Loading...
मोहम्मद,Mohammed
सुखदायक,Loading...
गाऊं,Loading...
कैक्टस,Cactus
डायनामाइट,Loading...
छड़ें,Loading...
ट्रेनों,Loading...
ग़ैरक़ानूनी,Loading...
जैक्स,Loading...
धुंधलका,Loading...
प्रिमो,Loading...
सागा,Loading...
पाबंद,Loading...
अस्पष्टीकृत,Loading...
संतोषजनक,satisfactory
भिगोने,Loading...
मैग्नेट,magnets
लॉबस्टर,Loading...
टेलिपाथी,Loading...
क्रोएशियाई,Loading...
झनझन,Loading...
राइफलें,Loading...
स्मोक्ड,Loading...
०८.७६४,Loading...
वैतरणी,Loading...
रगड़ें,Loading...
कोंडोर,Loading...
फेरिस,Loading...
ओपेरा,Loading...
भैंसों,Loading...
कीचड़,Loading...
कूदते,Loading...
वर्मी,Loading...
स्टॉकटन,Stockton
लीन,Loading...
हैमस्ट्रिंग,Loading...
अनुभूत,Loading...
क्रीज,Loading...
गलाना,Loading...
कलाई,Loading...
डम्पिंग,Loading...
शिक्षार्थियों,learners
घुमक्कड़,Loading...
सिद्धान्त,Loading...
इत्तला,Loading...
बर्फीले,Loading...
अस्थि,Loading...
आदान,Loading...
आरा,Saw
ड्रिप,Loading...
अतिरंजना,Loading...
संख्यात्मक,Loading...
यथार्थवादी,Loading...
फाड़कर,Loading...
खजानों,Loading...
क़ब्रिस्तान,Loading...
एलडर,Loading...
महकाती,Loading...
गाकर,by singing
चुकाऊंगा,Loading...
जख्म,Loading...
इसाबेल्ला,Loading...
कुंवारी,Loading...
अंतरंग,Loading...
अनुशासनहीन,Loading...
निम्नानुसार,Loading...
फिन्चेस,Loading...
चूमा,Loading...
आनन्दित,Loading...
परिधान,Loading...
लोहबान,Loading...
मुस्कुराता,Loading...
हत्वपूर्ण,Loading...
बिंदुओं,Loading...
संस्करणों,Loading...
पहुँचेगी,Loading...
परिसंघ,Loading...
अनहृ,Loading...
घुसपैठिये,Loading...
कठपुतलियाँ,Loading...
प्रतिकारक,Loading...
स्विटजरलैंड,Loading...
बेचान,Loading...
०४.५८०,Loading...
००.५०१,Loading...
धिक्कारे,Loading...
मैयत,Loading...
कतारें,queues
कीस्मत,luck
गुज़ारा,Loading...
जीसने,Loading...
अपनाए,Loading...
धर्म-माता,Loading...
जीसमें,Loading...
फूंका,Loading...
फोटोज़,Loading...
मालीकों,Loading...
फेंके,Loading...
फ़ैमीली,Loading...
ग्लूकोस,Loading...
फिकर,Loading...
थपेड़ों,slaps
साइनस,Loading...
आतीशबाज़ी,Loading...
अकान्त,Loading...
दीजीए,Loading...
फरीश्ता,angel
बीलकुल,Loading...
पीऊँगा,Loading...
समा,Loading...
ज़ंग,Loading...
कबर,grave
उमढ़ती,Loading...
सादी,Loading...
वीधवा,widow
फूलवाला,Loading...
लॉलीपोप,Loading...
तरबूज,Loading...
भुनते,Loading...
छोड़ती,Loading...
घुल,Loading...
प्रेमभाव,Loading...
पैदाइशी,Loading...
गीर,Loading...
ट्रेपीज़,Loading...
छापने,Loading...
तेरहवीं,Loading...
तबीयत,Loading...
लौटती,Loading...
प्याज़ा,Loading...
बोलीये,Loading...
शरीफे,Loading...
छापता,Loading...
लीजीए,Loading...
मुशकील,Loading...
रुकती,Loading...
रुकेगी,Loading...
रेलगाड़ी,Loading...
कड़की,Loading...
.वो,Loading...
मीलना,Loading...
सीगरेट,Loading...
हंसने,Loading...
जगाए,Loading...
कीजीए,Loading...
आर्टिस्ट,Loading...
आखीरी,Loading...
घोड़ा,Loading...
टिप्स,Loading...
रेगुलर,Loading...
पर्वतारोहीयों,Loading...
नीधन,Loading...
गीना,Loading...
रीवाज़,Loading...
जरीए,Loading...
शकल,Loading...
दीखना,Loading...
लीआ,Loading...
भूलगा,forget
कीताब,Loading...
लडकीयों,Loading...
इतीहास,history
कंचे,Loading...
खरीदेगा,Loading...
बोटीयाँ,Loading...
टांगें,Loading...
फड़फड़ा,Loading...
मीटा,Meeta
क्रोमोज़ोम,Loading...
अंडाशय,Loading...
चीपचीपा,Loading...
चमकाना,polish
सिकुड़ी,Loading...
कीड़ा,Loading...
स्केटरों,Loading...
धड़कता,Loading...
नतीजतन,Loading...
पढ़ाती,teaches
खयाली,imaginary
खीचने,Loading...
रेलगाड़ियों,Loading...
देहांत,death
सियाव,Siaw
डग,Loading...
बारटेन्डर,Bartender
उड़ना,Loading...
होम्स,Loading...
कैंची,Loading...
टायसन,Loading...
दालचीनी,Loading...
हाले,Loading...
बेरी,Loading...
छीन-सिर,Loading...
डग-डौग,Loading...
अतिप्रवाह,Loading...
इंटीरियर,Loading...
tooddle-शौचालय,tooddle-toilet
विन्सेन्ट,Loading...
कुईन्ने,Loading...
टा-दा,Loading...
मार्शा,Loading...
वादों,Loading...
रोडियो,Loading...
राख़,Loading...
नाटी,Loading...
लंगड़ाती,Loading...
एथलीट,Loading...
करवाती,Loading...
छुपायी,hid
खाँसती,Loading...
आकर्षीत,Loading...
पकाकर,Loading...
घोषीत,Loading...
पीयोगी,Loading...
मंजन,Loading...
अपता,Loading...
अंदाज़,style
मुड़ते,Loading...
जैम,Loading...
गिफ्ट,Loading...
टाँगने,Loading...
खेलती,Loading...
अकसर,often
मीलेंगे,Loading...
फेंकती,Loading...
इनहोने,Loading...
सठीया,Loading...
बेचती,Loading...
कारी,Loading...
लथपथ,Loading...
मीले,Loading...
फेकना,throw
कमज़ोर,Loading...
गद्दीदार,Loading...
मीलाने,Meelane
नीकले,Loading...
खज़ाना,Loading...
खोजेगी,Loading...
पढ़ाऊंगी,Loading...
दीमागी,Loading...
क्योंकी,Loading...
दीखाने,Loading...
चीड़ीया,Loading...
मीलो,Loading...
गिराती,Loading...
०३.९७४,Loading...
हाईट,Loading...
सबजी,vegetable
०३.४१०,Loading...
०४.८६१,04.861
०६.८५१,Loading...
००.९७५,Loading...
०१.४०८,Loading...
०४.३७३,Loading...
०८.१८९,Loading...
०२.८३५,02.835
भण्डार,Loading...
०९.०२८,Loading...
०९.५२४,09.524
०५.८७६,Loading...
आश्रयों,Loading...
००.७१७,00.717
०५.०८२,Loading...
०६.७५९,Loading...
शोधकर्ता,Loading...
०८.९५९,08.959
०१.४२९,Loading...
पीसने,Loading...
०६.४९७,Loading...
०८.८३८,Loading...
०९.२३६,09.236
०४.५६१,Loading...
०५.६७०,Loading...
०९.६३३,Loading...
०९.६६४,Loading...
भूलूंगा,Loading...
००.४३०,Loading...
०३.८०८,Loading...
०७.१२५,Loading...
०२.८३८,Loading...
०५.३२७,Loading...
०९.०२३,Loading...
०९.९४८,Loading...
सेवन,Loading...
०३.५०९,Loading...
०३.४०९,03.409
०७.२३९,Loading...
००.२८३,Loading...
०९.३४८,Loading...
०१.६७२,Loading...
०२.०५४,Loading...
०४.७५६,Loading...
०९.४१६,Loading...
अनुत्पादक,Loading...
०२.५२०,Loading...
०७.१५१,Loading...
०८.२५३,Loading...
कब्रों,Loading...
०१.२५२,Loading...
सिंचित,Loading...
०१.७५१,Loading...
०६.९९८,Loading...
०७.०४०,Loading...
रिवाज़,Loading...
कुदाल,Loading...
०६.९७०,Loading...
०२.१२०,Loading...
०९.८७१,Loading...
०३.२५३,Loading...
०३.४६८,Loading...
०६.६४८,Loading...
०८.७०७,Loading...
००.४९६,Loading...
०३.२२०,Loading...
०५.५३१,Loading...
०१.६९९,Loading...
०४.०२०,Loading...
०७.९५०,Loading...
०८.०९७,Loading...
प्लॉट,Loading...
तप,Loading...
०१.५७१,Loading...
०४.११७,Loading...
०६.१४०,Loading...
०६.२९२,Loading...
०४.३७४,Loading...
०२.३०७,Loading...
०१.२४९,Loading...
बेजान,Loading...
मुड़ेगा,Loading...
जीसका,Loading...
तसवीर,Loading...
षडयंत्र,conspiracy
तकदीर,Loading...
हिससा,Loading...
आयीडीया,Loading...
उठाएगा,Loading...
नीकलते,Loading...
सुहावने,Loading...
जीसकी,whose
भेदी,Loading...
ढाये,Loading...
टेढ़ा,Loading...
सावन,Loading...
हमेरा,Loading...
अदरक,Ginger
हाओ,Loading...
गुज़ार,pass
मुजहीदीन,Loading...
बोलेगा,Loading...
सैलरी,Loading...
घुमाऊंगा,Loading...
मीलकर,Loading...
पहुँचती,Loading...
उतरता,Loading...
चिट्ठियों,Loading...
पार्सेल,Loading...
छपा,Loading...
चमकेंगे,Loading...
वॉट,Watt
पुलीस,Loading...
अफगान,Loading...
मीलता,Milata
बार्डर,Loading...
माइन,Loading...
बॅक,Loading...
जीस,Loading...
सूवर,Loading...
मुहावरे,Loading...
भूतीया,Loading...
पैट्रिक,Loading...
संवेदना,Loading...
सुलिवान,Loading...
लक्जरी,Loading...
निपटान,Loading...
अवैतनिक,Loading...
ऊपरवाला,Loading...
मनमानी,Loading...
अंकुड़ा,Loading...
फिलीस्तीनी,Loading...
अथॉरिटी,Loading...
अनम्य,inflexible
०३.५५६,Loading...
०३.६००,Loading...
०७.५९९,Loading...
चुनौतियों,challenges
आपूर्तिकर्ताओं,Loading...
कैथरीन,Loading...
सांख्यिकीय,statistical
परीक्षणों,Loading...
आद्रता,Loading...
सोचूँगा,Loading...
म्म्म-हम्म,Loading...
जप,Loading...
झोंके,Loading...
असंबद्ध,Loading...
ट्विस्ट,Loading...
बॉयलर,Loading...
ढोना,Loading...
बहा,Loading...
लेखांकन,Loading...
लिखकरकाटें,Loading...
यार्क,York
प्लाजा,Loading...
ज्वेलरी,Jewellery
पर-the-नौकरी,Loading...
विंडो,window
चिट्ठियाँ,Loading...
व.ए.क.त,V.A.K.T
नॉरिस,Loading...
सीमांकन,Loading...
विरोध-प्रदर्शनों,Loading...
नियत्रंण,Loading...
करवाए,Loading...
बल-प्रयोग,use of force
चैम्पियन,Loading...
टी-मेकर,Loading...
ब्लेड्स,Loading...
दफ़्तर,Loading...
फ़ेंकना,Loading...
पर्यावर्णीय,Loading...
हंसी-हंसी,Loading...
भोजना,Loading...
शैम्पू,Loading...
अंडरवीयर,Loading...
जुराबें,Loading...
टी-शर्ट्स,Loading...
बंटाना,distribute
कार्ड्स,Loading...
टॉलीसन,Tollison
ढ़लने,Loading...
फ़िल्म्स,films
इट,Loading...
आधुनिक-युगीन,Loading...
सिम्पसन,Loading...
वृत्तांत,story
लीडबिटर,Loading...
ताज़ा,Loading...
धमके,Loading...
फ़हरा,Loading...
डाइऑक्साइड,Loading...
धूर्ततापूर्ण,Loading...
यूरोपियन,Loading...
विनियम,Loading...
सौंपना,Loading...
फंसने,Loading...
शिथिल,Loading...
बोलूंगी,I will speak
अख़बार,Loading...
अख़बारों,Loading...
मिनिस्टर,Loading...
बायोडीज़ल,Loading...
चक्रों,Loading...
उछालोगे,Loading...
पलटना,Loading...
अनजानी,Loading...
थोड़ा-सी,Loading...
उंगलियाँ,Loading...
बेतुकी,Loading...
हिलाइये,Loading...
बिलेट,Loading...
दौड़,Loading...
हर्षध्वनी,Loading...
स्वायत्त,Loading...
ऊँच-नीच,Loading...
दंगा-विरोधी,anti-riot
शरारतें,Loading...
मीटिंग्स,Loading...
छपी,Loading...
कोस्ट,Loading...
बढ़ावा,Loading...
सामान्यत,Loading...
उच्च-कार्बन,Loading...
बांधेंगी,Loading...
बिंदू,Loading...
ट्रिलियन,Loading...
हरे-भरे,lush green
कारनामें,Loading...
डॉक्टरी,Loading...
अनिश्चितता,uncertainty
कौन-सी,Loading...
पूर्णत,Loading...
अकादमिक,Loading...
कटी,Loading...
दुनियाओं,Loading...
प्रदर्शनकारी,Loading...
ज़रिये,Loading...
कैम्प्स,Loading...
फ़ील्ड,Loading...
लेफ़्ट,Loading...
पुर्नचक्रण,Loading...
ब्रांच,Loading...
ऑडिशन,Loading...
लिफाफे,Loading...
लेरॉय,Leroy
रेडिएटर,Loading...
वक़्त,Loading...
बजानेवालों,Choir
निक्सन,Loading...
भुनाने,Loading...
कैलिफोर्निया,Loading...
मजीठ,Loading...
गिद्ध,Loading...
लुसी,Loading...
दाखलता,Loading...
गगनभेदी,Loading...
ऑड्रे,Loading...
काउबॉय,cowboys
केंटन,Loading...
डिएगो,Loading...
होंकी-tonking,Loading...
तेहो,Loading...
ध्रुवीय,Loading...
नववर्ष,Loading...
लिंच,Loading...
मैटिनी,Loading...
कीपर,Loading...
अरकंसास,Loading...
गुआंगज़ौ,Loading...
उबारने,Loading...
मुहर,Loading...
गैसकेट,Loading...
जॉन्स,Loading...
होंकी-टोंक,Loading...
रेनो,Loading...
चिनो,Chino
लातीनी,Loading...
गीनो,Loading...
फारगो,Loading...
घनघोर,Loading...
शुभरात्री,Loading...
शोभायमान,Loading...
गार्डसमैन,Loading...
पोता,Loading...
नॉर्थमैन,Loading...
खल,Loading...
अंदल,Loading...
रहस्यात्मक,Loading...
शक्कर,Loading...
अंग्रेज़,Loading...
सर्दिया,Loading...
शोकसभा,Loading...
नाज़िरो,Loading...
बेलिफ,Loading...
पूंजिवाद-विरोधी,Loading...
ढोंग,Loading...
पीनी,Loading...
प्रोफेशनल,Loading...
व्यवसायिक,Loading...
सेकेंड-इन-कंमांड,Loading...
बौने,Loading...
चुम्बने,Loading...
सतर्कता,Loading...
लाड,Loading...
ताल्लुक,Loading...
दफनाना,Loading...
चहकते,chirping
कद,Loading...
चिकना,Loading...
टॉमी,Loading...
तहखाना,basement
बदकार,Loading...
प्रवण,Loading...
खाते-पीते,Loading...
पाठ्यक्रमों,Loading...
ठगना,Loading...
दुल्हन-होना,Loading...
पाबंदी,Loading...
चोटियों,Loading...
लज्जा,Loading...
कोनों,Loading...
समझूं,Loading...
कार्यशालाएँ,Loading...
अति-गुप्त,Loading...
रैटक्लिफ़,Loading...
सोअर,Loading...
सार्वजनिक-रूप,Loading...
कड़ी,Loading...
बननी,Loading...
विरोधकर्ता,Loading...
सैंकड़ो,hundreds
जुड़ेंगे,Loading...
कड़े,Loading...
बाड़ें,Loading...
उत्सर्जित,Loading...
जोड़ीदार,Loading...
बढ़ेगा,Loading...
अखिरकार,Loading...
रीतियाँ,Loading...
तोड़नी,Loading...
मंडराता,Loading...
आपाराधिक,Loading...
हंसी-मज़ाक,Loading...
रोज़ा,Loading...
कब्ज़े,Loading...
हैलोवीन,Loading...
बोया,Loading...
डिप्रेशन,Loading...
सीधे-सीधे,Loading...
चुकने,Loading...
समेटेंगे,Loading...
पार्क्स,Loading...
ट्रडी,Loading...
अगरे,Loading...
क्रॉकरी,Loading...
छोड़नी,Loading...
पलंग,Loading...
कहेंगी,Loading...
दौरन,Loading...
सहना,Loading...
बंध,bond
ज़िम्में,Loading...
छुड़ाना,Loading...
पदयात्रा,Loading...
कोप-15,Loading...
छोटी-सी,Loading...
ठहरेंगे,Loading...
दंगे,Loading...
अनुपयोगी,Loading...
रिहाइश,Loading...
वेल्डिंग,Loading...
स्वार्थों,Loading...
डी.डी.टी.,Loading...
चुराते,stealing
डराएंगे,Loading...
भे,Loading...
घुड़सवार,Loading...
१६,Loading...
पकड़ना,Loading...
जल्दी-जल्दी,Loading...
साइकिलें,Loading...
गशत,Loading...
हालहि,Loading...
फ़िक्र,Loading...
पूंजीपति,Loading...
प्रदूषकों,Loading...
उदार-पंथियों,Loading...
ह्म्म,Loading...
बहुत-सा,Loading...
कमाएंगे,Loading...
कोपनहेगन,Loading...
केमिस्ट,Loading...
मेलोक्स,Loading...
सी.एस.,Loading...
गुप्तचरों,detectives
इच्छानुसार,Loading...
तोड़-फ़ोड़,Loading...
लचीला,Loading...
घुसेंगे,Loading...
क्योटो,Loading...
निपटे,Loading...
फ़सल,Loading...
टी20,Loading...
ब्राइटन,Loading...
नाज़,Loading...
आंकड़ा,figure
दिलवाने,Loading...
आर्म-लॉक्स,Loading...
लॉक्स,Loading...
पुलिसे,Police
भुलेखा,Loading...
खाइए,Loading...
आंकड़ो,Loading...
जायज़ा,Loading...
इंतज़ामों,Loading...
शामियाने,Loading...
तालाबंदी,Loading...
पहुँचाओगे,Loading...
वूहा,Loading...
हाइवे,Loading...
माइकेल,Loading...
पिऊंगा,Loading...
बांधे,Loading...
ग्लू,Loading...
विलायक,Loading...
स्कॉटलैंड,Loading...
हैडक्वार्टर्स,Headquarters
सीढ़ियाँ,stairs
सीढ़िया,Loading...
अवरोधकों,Loading...
सीढ़ीयों,stairs
दफ़्तरों,Loading...
चिपकाया,Loading...
गांएगे,Loading...
जुर्मना,Loading...
कार्यान्वित,Loading...
छोड़े,Loading...
स्टैनस्टेड,Loading...
प्रदर्शनों,Loading...
ड्रैक्स,Loading...
तकरीबन,Loading...
निपटते,Loading...
हैनार्ड,Loading...
अपनापन,Loading...
सेक्यूरिटी,security
डराया,scared
ईयर,Loading...
बंटने,Loading...
ज़िन्दगी,life
समरोह,Loading...
अविश्वस्नीय,Loading...
वाट्सन,Loading...
बांटे,distribute
आर्कीटेक्ट,Loading...
बसाना,Loading...
रहूँगीं,Loading...
डालनी,Loading...
हटाए,Loading...
कॉरपोरेशन,Loading...
कमाती,Loading...
प्रतिदिन,Loading...
रहूंगी,Loading...
तारकोल,Loading...
परिवर्तनशील,Loading...
एक्शन-ग्रुप्स,Loading...
पीड़ाजनक,Loading...
बिज़्नेस,Loading...
नवीकरणीय,Loading...
स्रोतो,Loading...
हटता,Loading...
तालों,Loading...
बैंक-विरोधी,Loading...
हैकनी,Loading...
बेडफ़ोर्डशायर,Loading...
दृढ़-संकल्प,Loading...
फ़्लाइट्स,Loading...
युद्ध-क्षेत्र,Loading...
सीधी-कार्यवाही,Loading...
उतारता,Loading...
पदयात्राओं,hiking
डामरीकरण,Loading...
जनसामान्य,folks
दफ़्न,Loading...
स्टाफ़,Loading...
धब्बे,spots
झनकार,Loading...
मौली,Loading...
विस्कॉन्सिन,Loading...
पोलैंड,Loading...
अल्ताई,Loading...
ग्रेनाइट,Loading...
रैसाइड्स,Loading...
आई-बीम,Loading...
अंगूरों,Loading...
स्कोटिया,Loading...
बेंडर,Loading...
नशाख़ोर,Loading...
सु्प्रभात,Good morning
थेरेपिस्,Loading...
नेबार्स्,neighbors
उन्,Loading...
क्रेग्,Loading...
सलिस्,Loading...
खज़ाने,Loading...
टिकाए,Loading...
नोवा,Loading...
पेसो,Loading...
चहकना,chirping
सुकूनदायक,Loading...
बोनजौर,Bonjour
ब्यूनस,Loading...
डियास,Loading...
आलेकुम,Loading...
काठमांडू,Loading...
2बीए,Loading...
आकारों,Loading...
खड़खड़ाता,Loading...
जैज़,Loading...
ट्रैवल,Loading...
टूथपेस्ट-,Loading...
गुज़ारने,Loading...
सांय-सांय,Loading...
3डी,Loading...
मक्खियां,Loading...
मिड-टेम्,Loading...
मेलोडी,Loading...
नीलामीकर्ता,Loading...
दिखाऊंगा,I will show
मिमयाती,Loading...
ध्,Loading...
दिनभर,Loading...
भटकने,wandering
नालियां,Loading...
मुलुक,Loading...
तान,Loading...
प्रे,Loading...
कंटीले,Loading...
कंटीली,Loading...
ब्रीन्,Breen
ज़ा,Loading...
चित्रकारी,Loading...
चिल्,Loading...
लाहट,Loading...
बागड़,Loading...
कब्रिस्,Loading...
सिरींज,Loading...
.40-कैलीबर,Loading...
तड़कना,Loading...
लैम्बरघिनी,Loading...
जैबक,Loading...
जैकब,Loading...
छल्,Loading...
आइना,Loading...
आईपॉड,Loading...
रोज़री,Loading...
लाभकारी,Loading...
हेडसेट,Loading...
सांसारिक,Loading...
नीम,Loading...
सिफ़र,Loading...
अगस्,Loading...
कमाए,Loading...
रगर,Loading...
पी94,Loading...
टपकना,Loading...
थोड़ी-सी,Loading...
अल्ट्रासाउंड,Loading...
ही--कुछ,Loading...
पेंग,Loading...
फ़ाइलों,Loading...
ईकेजी,Loading...
संपीड़न,Loading...
बजेगा,Loading...
आकारक,Loading...
जेफरी,Loading...
आउटलेट्स,Loading...
साल्सा,Loading...
एलएन,Loading...
प्रस्,Loading...
तुत,Tut
पादन,Loading...
फिल्,Loading...
प्रश्,Loading...
नों,Loading...
मोशन,Loading...
संग्रहणीय,Loading...
धर्मान्तरित,converts
फायरहाउस,Firehouse
चकनाचूर,Loading...
लोहदंड,Loading...
मुठभेड़ों,Loading...
पॉर्श,Loading...
मनोवृत्ति,Loading...
अवशोषण,Loading...
कम्युनिकेटर,Loading...
अस्वस्थ,Loading...
धुएँ,smoke
स्पंज,Loading...
डायनेमिक्स,Loading...
छिद्रण,Loading...
आईएफएस,Loading...
गोले,Loading...
नियोजक,Loading...
बॉय,Loading...
जादूगरों,Loading...
प्राप्,Loading...
फ़िलीपींस,Loading...
तुम-,Loading...
झीना,Loading...
श्श,Loading...
च्च,Loading...
मैं--मेरी,Loading...
बैंडेज,Loading...
कभी--कभी,Loading...
म्म-हम्म,Loading...
सरसराहट,Loading...
व्हा-आ-आ,Wha-a-a
कोमपियांग,Loading...
चढ़ावे,Loading...
पहले-,Loading...
उल्लासमय,Loading...
खुबसूरत,Loading...
बड़ा-,Loading...
पहला-,Loading...
छनछनाहट,Loading...
पेलंगसर,Loading...
उत्साहवर्द्धन,Loading...
दो-,Loading...
नहीं--मुझे,Loading...
गैराज़,Loading...
रौनोक,Loading...
छ्ठे,Loading...
सोफ़े,Loading...
अकेले-,Loading...
कमरतोड़,Loading...
रुदन,Loading...
अल्फ़ा,Loading...
फंसकर,trapped
ऑर्केस्ट्रा,Loading...
दाढ़ी-मूंछ,Loading...
का-,Loading...
क्लोज़-अप,Loading...
पांच-ब्लेड,Loading...
श्विंग,Loading...
दाढ़ी,Loading...
परेशानीभरा,Loading...
परदा,Loading...
स्टोव,Loading...
यों,Loading...
उसपर,Loading...
पुकारेगा,Loading...
जुड़ना,Loading...
वास्या,Loading...
पतझड़,Loading...
भेड़िये,Loading...
ड्यूसबर्ग,Loading...
मनमौजियों,Loading...
अफ़गानी,Loading...
दुःखद,Loading...
स्वर्णिम,Loading...
जलधारा,Loading...
फटते,Loading...
क़टवाने,Loading...
बॉबी-एल्स,Loading...
है--हां,Yes--yes
घट,Loading...
चाहूता,desire
समुद्रतट,Loading...
डराती,Loading...
इज़राइली,Loading...
तांकझांक,Loading...
फ़िल,Loading...
ख़तरा,Loading...
संवर,Loading...
साथ-,Loading...
हम--मेरा,Loading...
समाचारों,Loading...
फ़िलिस्तीनी,Loading...
लड़कियां,Loading...
सिसकी,Loading...
भिनभिनाहट,Loading...
कोई-,Loading...
लेडीबग,Loading...
चुड़ैल,Loading...
बिल्लियां,cats
मकड़ियां,Loading...
जगाती,Loading...
वाद्यसंगीत,Loading...
समूहगान,Loading...
संगीतमय,Loading...
एससी,Loading...
नोक्सविले,Loading...
बेलमॉन्ट,Loading...
परोसने,Loading...
नियोक्ता,Loading...
उन्नीस,Loading...
ट्राली,Loading...
मेम्फिस,Loading...
बैंगनी,Loading...
उनतीस,Loading...
मेपल,Loading...
लॉट,Loading...
व्हीलिंग,Loading...
कोहरे,Loading...
रैटलस्नेक,Loading...
स्टीमर,Loading...
डेट्रोइट,Loading...
बवंडर,Loading...
श्रद्धालु,Loading...
ज्यूकबॉक्स,Loading...
बूंदाबांदी,Loading...
स्वरलहरी,Loading...
निर्माताओं,Loading...
फुलर,Loading...
पिचिंग,Loading...
नॉक्सविल,Loading...
टाइपराइटर,Loading...
तेंदुआ,Loading...
बेट्सी,Loading...
द्विमेरुता,diphtheria
honky-टोंक,Loading...
ओले,Loading...
कैरोलिना,Loading...
स्नैक,Snack
मोटरिंग,Loading...
वाबाश,Loading...
कैनोन्बल,Loading...
फ़रीद,Loading...
इबादत,Loading...
न्यूज़,Loading...
एसन,Esan
यागन,Loading...
समाप्,Loading...
टिएरा,Loading...
फ्यूएगो,Loading...
उच्,high
चारित,Loading...
कलरव,Loading...
मामिहलापिनातापई,Loading...
कूकाबरा,Kookaburra
हां--मुझे,Yes--I
वो-,Loading...
हम--हम,Loading...
उड़ाती,Loading...
चाहेगी,would like to
सिर्फ--सिर्फ,Loading...
बिल्,Loading...
मतलब-,Loading...
खिसीयानी,Loading...
दौड़ाना,Loading...
जन्मदाता,Loading...
लगाउंगा,Loading...
किस्,Loading...
छे,six
भद्र,Loading...
नाश्,Loading...
ता,Loading...
विकीपीडिया,Loading...
लायब्रेरी,Loading...
स्,Loading...
वयं,Loading...
इन्,Loading...
कैंपफ़ायर,Loading...
मिलवाऊंगा,Loading...
यूलिया,Loading...
यारे,Loading...
फेरेट,Loading...
परमपिता,Loading...
कहा-,Loading...
मझौले,medium
म्,m
न्,Loading...
जकड़ो,Loading...
समानांतर,Loading...
ब्लो,Loading...
आज़मा,try
टस-से-मस,Loading...
साफ़तौर,Loading...
संजोए,Loading...
उलझनें,Loading...
एपलट्री,Loading...
आनंदपूर्वक,Loading...
टिक-टिक,Tick-tock
कुकू,Loading...
पतलू,Loading...
जानदार,Loading...
लहरदार,wavy
हेलीकॉप्टर,Loading...
कॉटेज,Loading...
जरूरतें,Loading...
शारिरिक,Loading...
हांकना,Loading...
यूयॉर्क,Loading...
जिससे-,Loading...
सिर्फ-,Loading...
बॉयफ़्रेंड,boyfriend
सोचेंगी,will think
मुझे--हां,Me--yes
प्यार-,Love-
गे,gay
कोई--हां,Any--yes
बत्तखों,ducks
काटेंगी,will cut
सच-,Truth-
कलगी,crested
मुर्गों,roosters
किन्हीं,any
ख़ून-खराबा,bloodshed
कवियों,poets
संस्,edition
नक्काश,engraver